neo4j_cypher_p_100,neo4j_gremlin_p_100,titan_bdb_untyped_p_100,titan_bdb_typed_p_100,neo4j_cypher_p_1K,neo4j_gremlin_p_1K,titan_bdb_untyped_p_1K,titan_bdb_typed_p_1K,neo4j_cypher_p_10K,neo4j_gremlin_p_10K,titan_bdb_untyped_p_10K,titan_bdb_typed_p_10K
105185017,10033176,15361397,9675854,147524712,11793496,25713179,18143331,135896991,52963728,30747745,30048264
233905484,37672189,44313892,45234622,79293949,3505023,6776436,4562988,184617975,162803939,65460331,69183274
150668066,17788046,20360257,15465221,105139789,9111624,16925075,12931035,336191592,293314019,201313155,187408246
84863775,7286775,8603171,6426044,88486502,8165442,12969921,10392278,177480673,43595751,43516003,47653567
86804315,4980426,6693538,3518315,81665441,5190706,6623557,6635824,75496995,3857366,4296815,7318611
194557037,20771971,56348076,48369461,186625208,35238235,70170143,39270881,82388335,4179841,5587574,9217323
76454525,3049478,7871675,6678004,89772804,4919159,5374201,3352860,186137283,26499812,36972698,58576526
84426613,5188830,7872831,6377489,94484120,21910550,18998150,15724802,151569154,11087010,12801336,19426648
117006579,11388423,33044690,31110574,96355852,14263135,11420671,10907078,91052197,5740771,7352522,11038565
149702010,14951753,41198264,42596806,104389396,21016017,14725212,20416638,77421180,3385292,2677652,4133473
202059646,37315099,83349610,94405349,113095908,6942673,4657250,5040582,95499965,13128046,20828607,33353341
139680313,13946255,29357793,27013682,93963203,7954356,4988825,5493178,135127823,22115200,23459672,31066847
125883957,4859029,13695252,12491255,116209861,24542512,17963155,17404487,127711765,5812352,3649587,3297604
151588136,10904372,27024497,20998531,120727075,23847490,21855320,16248222,379568864,211102666,269894420,256610904
124432042,4879828,12213072,10450464,129620300,36751128,34307371,22845448,143994071,34237766,55507503,51043916
84608760,10732376,47884510,24508576,101729617,18510231,14403764,12605181,96877585,17327241,39693486,19859784
71681030,6340137,14072868,12704733,81898982,15567460,9123585,9510763,69175885,1570534,1958191,1777447
70160671,5055728,16072586,14354862,65643329,19437905,4112047,5331015,95634522,37462849,60620081,49062563
77510828,8733157,25642850,22206060,62988379,4906159,2800147,3380615,98169506,28751138,45722470,31206930
67215888,4898976,13322619,12544536,64984521,4307838,2555923,2603797,240499552,66647549,93879121,103695810
63011982,10305669,9115792,7924803,117157099,43661570,30768197,28624237,105592687,5251596,7416569,6999185
59825423,3033456,8799721,6695052,82252615,40676296,27835184,34520664,71081398,1971537,2870179,2890463
86301899,10953434,25200584,22308445,95845191,32815596,12648020,17400061,68589317,2299509,2954100,2454622
66817409,4785240,11005848,9447651,91080653,110574556,53019082,82504318,78439805,22729592,13736717,11964773
81447574,13164363,22929458,21122004,74162225,18974968,8178101,9295474,77917951,18332497,53567623,27778723
102677507,20113534,73726666,27273662,61001980,6971492,2995105,3588217,73489686,4303549,6057550,6534972
66662431,6773854,20582620,14411673,156047046,200393289,71046290,63938544,69494616,1867368,2402159,2256935
73091162,7840411,14506748,13241891,61432341,6539181,3187650,3221613,69295195,5401531,7725384,7026596
123981624,25354147,57566998,49778865,104080141,36588158,19110227,22031030,108271229,52097270,67911965,62599668
82618485,8675879,28289658,19650560,87598851,23072614,16299887,11652740,129553679,73610985,75901675,114255703
75473231,9997231,24059905,26796701,129906751,58219623,37992385,68124184,157353916,118095773,168043248,155938846
64042428,3018872,6737320,2958737,121424943,63039342,37359658,44329182,110857011,56299781,71490562,59550367
90976372,6724155,32288426,7424503,66504954,9272005,4265775,3877803,87297941,11720251,16407457,15371123
63834082,6456329,12101692,5620441,85254522,28065084,17880420,16145009,69363324,2614732,4108179,3808342
64293001,8381769,13575343,7022119,67748626,18607495,15082697,16002689,477127867,372351617,600603888,592541410
55131019,2206790,4196742,2297059,70580649,17796454,12490720,10749189,69687857,3682695,6255474,22166311
74893817,5428198,10906516,6395069,98800909,10152953,6271758,6689936,79950690,1612919,2732892,2461439
66482768,5969412,13256885,9105483,68150219,10747898,2727008,2554684,74175839,7482300,30755579,12005946
53157370,2273032,6749764,2803133,54195469,12952780,2798738,2278306,100982322,27891807,55667369,50441367
76320996,9721921,19083988,8201194,74134349,23402111,26918211,27734702,67441671,3602320,7816513,5831323
64151569,7213430,19825971,7601743,64949818,10895856,7654399,4412581,65328571,1076982,1469352,1242662
68572549,2586783,6432421,2473240,57390037,5763715,4377506,2774308,91045038,12120472,25278653,21901264
67156074,11470785,15803002,5860070,61146786,6067104,2526049,2212433,61603934,1317116,1539365,1719570
73838989,6357237,10036903,4005310,63316769,12647634,5102383,4384269,63700312,3809802,2628225,2451997
86471395,11345561,34456121,9431522,67143275,17131985,8043849,6763627,63426649,2864941,3796009,3360683
65863996,4902592,6312411,4349754,67314194,17808466,5621762,7281291,77841198,11987930,23090216,20524719
55468897,3558720,1817271,1565017,61122756,2637396,1835150,1674379,70413818,7423263,15558494,14176896
59376515,3327252,2198224,1856294,101637823,29092286,11935178,8771536,72221788,4804998,6842358,6032749
71855712,10886027,10254506,8554563,56339703,3562298,3293078,1964245,61832518,2432619,24382432,4403130
72100215,4197725,2893699,2954065,77563646,19396311,3178059,2650537,79416277,6261210,14073356,24544078
71640310,6005830,4451482,4354759,81330846,23279002,9609277,8127957,176783400,92051610,197773964,174766746
100235375,4930109,4136751,3974556,152044467,58817747,30378987,33103676,96373975,1526771,1591792,1470260
101830428,4629575,5675991,5273658,94377293,3624005,3034113,2786384,155127764,39171244,69166479,70499078
68194321,2964192,3747826,3441598,94621313,23425802,13783845,10629529,127505737,16829302,19586227,17472413
56162970,1614621,15679802,1780160,79640366,6777807,4217370,3885641,74234370,9263994,15030439,12708245
55170308,2621802,3087931,3640241,122646994,19528613,33240877,12634680,66179395,1409460,1058627,881725
64245335,4728585,3950044,3598432,102517571,9075326,6679806,5525114,82604328,33505354,55332028,54478206
63698112,6825606,8532617,18651762,74466743,22823972,16000173,33114468,68577617,4634983,9730607,15482566
57116549,4420624,5282655,3997766,81189150,34903797,14024290,12065768,80654485,18995033,52501184,31959750
54248068,6155389,4157631,4102324,58934276,7191410,5000835,4772141,61528216,7233593,18170722,31053557
61948451,5413381,3305507,2976107,81166125,16900129,19412860,11655679,85845547,25063515,54808349,55011026
56272769,2178175,1371747,1073709,64922334,17843282,13610257,12591068,56684380,16790191,2593442,3113408
59660669,16247094,6050205,4615002,87590030,14668416,17152325,15182323,68909535,5843312,9864337,6134713
66346154,4794082,6857097,4733882,93280764,40467460,70729397,53161274,80034722,15207030,35583166,29361461
50029365,1828160,1713602,1488702,57861093,2085348,3607439,2340649,68370375,7282861,15677731,13230903
46744900,2387316,2671759,2334901,54383070,3114658,4534860,4118479,49699154,1067969,1849723,1460474
53477127,3640139,4601596,4050352,62204096,4997026,8337514,8003577,55089258,944784,1562598,1477961
46444283,1472041,1342763,1189511,97839038,60064094,30015181,27487032,57979035,1948975,2166877,1972006
54470131,3132134,3725039,3460073,55334163,2232920,3476354,2541043,77367310,2559723,26185086,4125407
52744820,2003206,2129604,1970470,96234407,16201157,23237409,35336525,77471739,24027729,28135256,25308184
53410177,2329998,3741703,3814114,72751045,12717984,14737844,13645329,59961908,2270873,6682314,6159501
61295259,14672786,10021586,9859802,58352601,2617528,4061346,3324495,56675949,5898351,20748346,34412306
54902454,4196106,2275281,2595688,60374338,5779937,8330122,4772615,60159528,2378811,6531773,6453174
50753709,3416215,4361835,4690055,61477533,6616625,8748335,7628137,56016179,1687745,3600086,3647896
50523530,5392311,4989968,5626555,51283800,2343945,2750684,2390133,56262117,3044729,6284409,5826973
48703881,3359086,3468802,3035315,55132790,2282525,2960435,2722372,58684986,4235144,8530737,7542168
52614447,1480132,1299311,1095518,54421793,2556842,3475712,3083910,58531528,1810802,5612086,3598469
64411406,8591424,12402624,9191828,64183477,5182526,7527672,6463150,62069293,3991306,12471886,7399332
62628581,5221249,28264995,10695772,94881639,15168238,39802607,12144767,79383004,26916832,126798707,90937812
57984251,2599910,4213414,4005155,56214894,12270267,17055911,17208536,59793023,4587460,9241193,5179822
54757500,4837708,4986860,3925170,61547249,3103015,3712668,3502401,63677939,1036162,1554421,1322176
53571771,2729845,1947229,1647588,59343349,2674085,3314542,3000762,61792922,8057908,24126190,21844285
54380606,4715215,4015116,3102315,60514409,5373110,8362288,7361526,62960380,9044553,16492031,31707590
79050167,37960842,11262341,23985089,52728746,1407908,1515463,1417141,55609348,2578001,3197679,2721102
99837063,52210690,16695663,15602149,62299562,4823614,6961539,6433442,82706592,27712405,36111641,33103423
52914221,8243876,4965341,4326790,57823094,8393134,11604759,12050037,66552216,3680835,9449828,7914406
59247266,6531493,8509651,6324146,59410018,6553578,8834316,9206627,65379260,1730225,3523160,3239141
49889328,2130473,2649851,2604270,56867069,7092288,8336815,21899489,49952374,1931109,2954010,2643371
54598836,3408994,4890656,4366276,52385712,2106103,1707769,1573263,61617436,4516084,11261102,9587627
66884189,8182184,11174815,10005892,83748710,18245896,20034534,15777847,63538954,9302303,23737438,21106318
66896211,13174575,6820935,10554624,55278342,6298603,5202311,4870542,69088531,9843664,32909635,11438760
71817467,3168254,3809030,4955395,59349992,2181562,2128192,1767263,64071282,9960170,11205607,11575178
54814985,7064979,20578249,6164892,50791200,14282171,1985369,2143623,79847600,5772773,8807704,7639064
59809115,3875234,4615693,4583232,53863683,4269186,4164632,6364927,66803456,6714334,16547590,14029670
49176090,1744420,2472748,2442572,53951159,5572442,4890919,6909615,63402182,5826162,17091301,29623602
65455093,15026849,14741604,13301384,55721465,2841295,2498994,3770862,61474629,2814549,5343486,4672002
46825778,4019171,2920315,4124500,51593314,2674610,2366978,5022247,58271705,3639824,8116739,7011797
56361484,8307862,5078902,5007324,53803305,2286324,1768835,3646096,87374267,14949357,31454951,24439007
48590961,3224230,2759986,1963320,55951362,7921428,22605512,6738388,57426321,2279824,5573687,5458640
67769311,18143225,13360779,24452244,57370486,4298821,5064145,4043459,59683971,2859799,5766427,5761617
49819411,2495509,1452838,1168499,51091451,2497448,2048969,1526045,52907091,1117944,2091206,1973475
51777513,2861381,1892697,2541671,64131663,7567422,9300185,6520058,49768497,2467432,3138432,2854023
48334645,3668009,2470650,3146854,52850586,2598230,3489948,4681594,63618383,10419677,42797551,23950149
59246588,8805955,7474326,5931592,55571091,2541261,3793172,5416713,65727516,4739459,6649192,5175186
49629183,2511846,2151659,2143893,61996245,10737210,14218349,12082077,54397682,948742,2190446,1586932
46349451,2354599,2586278,2441458,52549425,8595497,8335717,7433852,53166585,1041214,2202781,1788465
62461005,5062790,5717248,5039399,56967496,4179106,4415580,3752535,64037989,4851098,17001331,14798833
52625803,3733799,3829271,3599318,53852206,4731282,1882536,1540189,56045632,1452619,3017532,2690947
49547482,2457687,2510958,2080932,53762010,2111540,2455213,2180036,56751955,1762362,4350767,3768631
53067951,5196821,3829312,3525834,59449350,6723185,10618883,8125197,53939295,4456268,12551593,11165248
57441675,7261986,9166765,7893979,57426152,1979096,2756682,2471875,53532836,518054,818538,767492
48257305,2773846,2107569,1905881,58576943,6095961,4915220,4932649,56493503,1194133,3256286,2830647
46793658,1565020,847651,827969,62139070,5090832,9647725,24887296,55347966,1162897,2358837,1992627
57547450,5355143,19921765,4541498,55881451,2692314,6293084,5836418,106248935,63609577,165019960,151013155
58369011,2180715,1293104,1773662,49231269,2858845,2021195,1654757,62776214,4445858,6373143,5585584
47671488,3215779,3045823,2917719,51480147,1387344,2691743,2192060,55560912,1215711,718710,692128
50094907,2172326,1965393,1920912,58466947,3667102,7280422,6036654,54968587,3975304,4356716,3880565
53423397,4407459,5500178,4640230,65493652,8876586,6429269,5592038,73762106,10332027,6618017,5818100
55320747,5055492,7064970,5340665,65518098,7721332,15919355,13457520,67304546,11860780,31770938,28025147
48330138,4857132,3721366,3627685,59509219,3641879,25905798,6031188,69409420,6104616,15672227,28519426
56745625,3723577,3648435,3496977,58679181,9994655,14258238,13933970,56772726,1998526,6622947,6103138
50391100,3627518,3763431,2968481,60062885,3485208,6577775,5054654,59422518,3595396,9871547,8714457
68474143,41537595,15358044,10717013,50068748,937515,1470681,1300279,88978680,17470291,59054608,38037413
48146071,2851162,1445849,1203760,58899996,3544556,6147937,5025450,55740852,1545631,3294963,3046633
49121590,3644801,3527058,1961976,47425028,1673388,3437838,3166031,52101386,3877891,6183800,5351337
51260637,4616641,5737718,18906040,52609076,1044275,2052520,1792656,76810885,11843662,27934580,25206706
57092566,5851238,7397353,6629433,60505697,7137013,11632955,11870587,53918108,3518318,6743316,6077409
63747884,27588949,12440069,9340069,58129958,4542595,7056347,6065593,63752093,6953778,21966596,14832466
49308823,3614761,1914481,1940979,59242114,3405567,5209820,5043623,56565960,641360,1470557,1221561
47781934,4719276,2512176,2661410,56961330,5571125,8676495,8058457,54990310,696525,1385741,1086915
47117397,3484460,1512027,1665218,77264771,32620839,25671531,21859775,63697709,1668694,12997063,3700761
51790634,9332411,5399224,4809988,53702950,3722061,5790807,5023146,56386394,2797006,11093132,5541369
49593096,4224593,3082902,1889111,61270425,7512597,6802994,6159976,76891725,33153818,37198483,40974903
51734898,5791198,7297933,4159961,58476636,4202089,4099069,22489070,62146503,9438914,17110955,14714613
52087432,10026434,7065680,5711480,59257502,7975807,10404503,8278704,88724706,25710962,79858182,55102908
49012181,5773671,3370935,3403221,71001473,5835213,25063516,8124670,64652601,7485674,19155317,15951347
50046719,3421822,1499554,1732280,82718079,1990199,2866288,2401912,57185196,1036877,1984989,1754269
65555628,15189185,34330608,7231545,53501448,3550216,3146136,2929177,58638663,3336354,9304018,8222559
52571434,6570394,5427943,4085874,54345746,2092989,2769257,2385581,69664031,2412688,4956219,4714349
62687614,6203321,5477449,4805843,52653152,2976106,4517995,4180958,58923345,3303748,8806799,7502611
64766886,12537677,13553885,9814853,58408530,5556179,9845627,8634305,61520318,1879228,4672015,3818002
48327505,2281861,1720747,1479933,66532378,2979838,5270542,4681178,61143705,863748,2035779,1702636
55386655,6519856,5262183,4323105,55426774,1668063,3200793,2814631,112749979,72234297,85935915,77672524
67590224,8727800,6313279,5332656,67176202,4894497,9363892,8628989,67683962,10591701,33852268,29382420
66091549,3181896,2300609,2085801,145696595,98714265,121014047,104519269,51279357,3436448,11471382,10133795
51537643,2773779,1611313,1442522,52838035,1124493,1709413,1517047,68030407,4978431,11370301,9956575
44029981,2428926,1127159,1071387,51885330,1743877,19707584,16443355,54128298,936161,1911818,1763278
50214295,4298219,2814851,2554763,68236318,34537510,13518921,12869723,62411365,3529716,11341430,10320778
50312201,2562504,1555341,1582509,54411302,1572753,1734455,1756735,58148927,2909276,6027420,5785492
48602685,2403443,1389011,2298542,63664742,9796509,16246686,13562588,51019723,1040460,1225958,1161881
51861387,2596558,1889564,2934237,50299113,1057988,1536431,1326098,152344236,89050987,312352228,275714151
47699765,2578041,1572813,16539266,54177388,1812181,3125301,3011384,63165858,1760419,2938364,2361541
50933839,2178781,1512649,1847018,58555445,10207264,13344590,12816762,63791885,6519147,11798891,9982143
46502665,3758343,3261562,3314328,179255073,48513167,107727325,89634128,47179160,880799,932154,856087
45805615,2265502,1683508,1606320,77621182,1285468,1779041,2218701,60940488,16043259,7655790,6503486
48961166,3337386,2598319,2596001,72568048,7408839,15065053,16545804,59876762,4361244,10909662,9253747
55357400,9319241,7083388,6648278,73715096,10091283,17076034,14831620,59207396,1741320,2804598,2241575
64811398,13035626,33297066,9572637,53450512,1921371,3471081,3269219,64977497,5240696,12639183,11151154
62506193,11079353,10730860,8597547,53057448,2932705,22378581,4342591,60739700,944188,2509274,2180164
60340317,3235499,2523835,2559173,52500234,2429085,4432881,3748391,53367941,775507,2449931,2223422
47574862,1674743,1077655,1485359,59276267,7336165,5043509,5453761,67297453,5332532,12834977,11881046
66758235,8775191,8276849,8358834,54904363,2975383,3510754,3033751,68009718,10866265,26967749,23630108
54271869,5999901,5372625,5255770,51038991,2103353,2737941,1924123,67708042,15504997,17861650,15894675
51510896,2256289,2104943,2064810,53646345,19856056,4799589,2787164,56611528,965905,2299213,2181043
61082704,19265800,9637478,8408198,49551142,1595161,2259565,1486418,49170118,719994,1312354,987658
59356188,2297915,4872827,3631776,53332330,2972240,5698044,3354780,57199533,3185961,7342394,6344326
56832100,3019310,6286653,5439740,129254158,13167920,35792277,43084792,64340173,4448444,26302880,7657240
50258710,1851197,3321598,2860369,58862206,7432236,9383001,8899727,55853827,1163420,1746973,1593016
45284990,1275634,2471380,2220110,51172422,2449968,3153306,2525775,58298263,1659635,2466861,2317920
54022619,1406466,2337334,2380561,49321352,1280620,1448099,1294613,58255485,2635295,8680001,22937579
52325384,2151524,3919806,3599339,59272520,1459402,2610795,2097757,58842828,4337079,11373311,10274734
53299725,1034903,1815840,1813800,56286980,9216939,15448798,7833393,48960545,626164,923578,815037
49708685,1976076,3506518,18537882,80182814,17182714,44297353,16396795,56137818,1585017,2515588,2126095
45405500,726442,1225082,1252471,74312218,17707802,33766940,24643420,75785072,9669820,29242978,21423858
50841457,1802582,3604009,3273878,51053762,1740033,3198616,1838562,72027481,24557005,107402594,94269421
49362999,2791752,4800798,4606525,46033839,1244378,2391061,1374148,65895651,5218828,12374632,10888504
88277602,9556594,32304663,13834670,62252807,2875697,4871588,3626928,62496291,2653751,5295477,4909027
47669955,1609529,2605983,2095447,55059849,5124037,8221667,6213112,99493591,62981770,147007789,129027465
47925758,1135804,1362370,1232592,53863459,1671527,2440452,4311184,48845095,2589772,6556590,5581724
65449467,6917700,14957420,13540317,50251577,1193215,2192237,2462739,59656348,1835568,4908712,3967702
58150204,2272765,3248324,2807032,58241015,5372436,10435801,11975588,54122539,1237210,4103547,3632538
45020982,790406,1356969,1541602,51776928,1764001,1783558,2921058,64909810,2708475,6785886,5929287
52835861,1688941,3100336,2627698,52259544,2628278,3891927,4316306,57434714,542157,1103243,1034105
46725562,1052746,1824056,1621044,50264451,2913493,4089110,4707575,58392938,2142503,3905996,3394708
61783399,2331493,6668278,5241484,47862936,1262806,1155758,1879059,56523038,533614,966139,838825
55727583,7217805,14395916,11959085,65399513,3514957,3782797,6817306,55070440,3485569,7230143,6163629
52675506,1105693,2050714,1832369,66176897,16146973,16691120,43282382,70994241,7535214,21378474,18425959
53543946,1512105,2920498,2522217,54543024,4667523,4867156,5678214,53244431,1565280,17675762,2676328
53353975,2229998,5036774,4618309,56594587,5961011,6356708,6363229,60766885,957025,2470045,2412104
47998079,1236759,2382976,2182624,51685473,4035280,3629740,4076156,68961753,4393021,10108039,9456243
53449285,1257921,3232711,3009941,54895944,2902258,2300891,3136904,70016405,4904603,11690242,10371040
42888000,2228910,917855,669672,55093501,13356198,13625105,22554287,59783723,5635277,12271203,22148372
60066494,5380342,11299759,22356682,50573339,3842141,3939424,3751886,56871390,2998774,7256073,6283941
51594584,3133226,19439321,5028948,52567009,4530332,5196504,6081951,57954413,7168744,24837097,21652964
46359142,1575674,2476784,2087809,78993556,13189530,33109699,16322370,57149562,1520935,3116387,2878289
49253654,1355157,2937890,2249939,48732697,2658198,2489634,2749986,63766288,12583966,41494066,37713998
57800803,1498068,2693124,2552487,55078497,6116234,5863073,6530959,92246398,44527096,112910013,85948983
50108457,979814,1609098,1490352,67994812,5472430,5358304,5762750,56064214,15832485,5074542,4599721
59928202,1477289,2440163,2130424,61071182,2950108,2970947,2863489,54495558,743596,1378239,1389283
53380092,1493338,3041254,2654273,58675241,2290068,2026751,2226498,47599060,497998,796215,801157
60914763,5801448,18733599,12360999,50212361,1707750,1259012,1569322,61135196,8147552,7411950,20214065
53798366,2843101,5254391,4504678,54230652,1604074,874842,1028511,62082417,3036262,9629555,8938802
59047604,4425834,8453187,7436935,47557416,7440105,7218565,8182617,54540335,1529988,3214437,2490197
58949597,2893772,6111139,5491698,64444492,3160711,2807928,2697814,60585640,5121490,10722798,9648917
42848290,986203,1531451,1471797,118243029,64492350,44085476,62218767,60707037,11578514,24885909,21042416
65873084,2178765,4162625,3776168,71612178,2502610,2249739,1993542,55447152,983450,1320824,1046377
48489847,827308,1541913,1484911,57361612,9238934,8607550,7981177,59822726,4722953,10432974,8027132
50845101,1268499,3681305,1909192,53195253,2656729,21315826,2852338,63028321,6326652,17579770,14989261
45726365,899934,2956035,1654854,50067601,3509645,6260871,5283163,55494609,2595352,6850002,4501100
48922131,1570646,5114625,3209180,58387049,9651457,5039757,5561845,55443564,14046878,24973448,22748373
50995769,654688,1941841,1178413,48139261,2964651,2993020,2250570,76187375,13495520,40110888,20148908
46519216,2213666,5057896,4429161,52746149,4332327,6378009,4402237,48326980,1594994,4517026,4087107
49732305,2579488,4325096,3885920,52740951,5066444,9977196,8440309,66685814,14131501,16562784,16226697
51201926,19218753,4945067,3799631,60139153,1888951,2919403,2729565,125096533,24233761,75054957,87855548
49200819,1248627,2059336,1687680,135627732,10772814,29192587,28519186,55237743,1984636,7118297,7787029
58271499,1574753,2592128,2218896,69452042,10105471,14851076,26324049,54657902,4757443,5172386,4816138
48733563,858994,1117489,1018322,54597756,3716286,4759873,4254748,60286492,8202763,13393737,11951753
51079867,2296597,31257987,3215805,53433981,2141498,2703862,2125482,57424258,22267673,37275987,14146869
55494348,899541,1674603,1225121,52776821,2728559,3271289,2431894,53697587,1550859,3809276,3376935
43807999,1041417,1665703,1295775,59057565,3064827,6085370,4509309,69397436,9351691,21146206,17443601
55868591,9814889,4990814,4170837,52006599,2312866,19243026,3772604,132220787,38113170,136617529,119393725
48338700,2629619,3427531,18805404,54135922,1531185,2953967,2726556,59131365,2975406,8108188,11952869
46791427,1560922,2998008,2808075,86885821,21985532,35211352,33472661,58419741,3553099,8216683,7445585
50710539,2020235,3660753,3216711,74365015,8645061,25325743,22019855,54324761,533400,779339,772140
50563279,1624899,2894630,2805184,57369001,2079750,3956062,3556138,59044822,3793040,8895685,8022650
46210506,1006472,1853641,3003726,51675631,1104108,2194250,2140008,55725021,1016417,2088635,1932964
50375249,2298458,4186223,5223589,58355724,2796731,3660564,3114713,59618701,5861127,6669761,5704704
52933157,2795657,5446328,4952681,51587203,1260574,2211504,1831564,63075573,12573488,22421697,20027251
48988327,1827547,3230011,2755621,55287247,3848826,11403576,6539628,48719579,598779,1273585,950141
46315790,1108612,1695151,1521540,46103142,688853,2058771,1224845,53747876,1789437,4477355,4094298
44167921,577119,747730,739556,51869218,881273,2147749,1271626,67281232,8449495,19890914,32314887
51563967,1288401,2530983,2619119,51355651,1813639,3974649,2539809,78061064,11145535,30962144,27650519
47784289,2138535,3256413,2990942,55366619,1666450,3697792,2891266,57010964,5579032,6496050,5373719
60375150,4121247,3599400,3783203,53769586,2065876,4678704,3874927,61444809,1335910,21331926,2793864
48183076,1824943,3380971,2929261,50509483,1482292,3359025,18777590,57281602,3165695,8317881,7784335
57426747,3366236,7816133,5725301,62146126,4977533,11079820,10368763,60077402,1314586,2478489,2216034
53018077,2420483,4188238,4061994,72383084,29093361,28941861,15353372,80621518,28836468,32034711,28058854
45677833,761851,1376721,1443892,51064205,1922494,2527859,2715915,55942672,1486654,2545722,2224298
51648022,1475051,2645970,2339180,45894242,3765743,2287921,3867269,58508671,3837532,7073629,6459688
66218992,980474,1607558,1546420,61203071,4348623,7193753,10944442,48819970,2965481,6105545,5201862
53253979,1461647,3345538,3453049,62371232,3075200,5128134,7322712,54995118,2909264,5836698,5041764
49232588,2400124,4740872,6850190,72516044,8634508,17198568,17347295,69122540,12923630,27629717,22535376
54954876,4526418,12445578,10716347,51326626,1497384,2634996,2308755,57427969,1722767,4877347,4319212
45167816,831823,16807051,1361860,49911715,721913,1283972,1285869,57428415,2896665,4095344,3423269
45445689,860035,1505381,1051889,49800301,886008,1777449,1622242,52618402,1460727,3123379,5030265
47275800,1208296,2212025,1934183,51091102,2091614,3531336,3185390,57039556,611094,1318397,2366472
43939743,1008047,1718657,1748485,53585193,1728286,3291842,2537653,87492880,18242403,70873578,78591922
57128034,2293976,4421172,4417099,57830565,1668468,3884445,2686625,54456398,1866002,6652761,5542137
57792912,4718927,8873852,8041360,46862361,1520385,3469346,2593863,54490241,1758137,4409400,3645149
58947621,3284093,6962532,18484003,47926740,1020954,2461106,1930782,74674263,13202924,32972163,29415213
54824527,887385,1606140,1520530,51955204,3495056,4783120,3766048,73516810,9389399,26003370,21375801
48215904,1260244,2297070,2047883,56781392,5417405,9909012,5534303,156051397,89005207,153937197,138395999
46088580,998127,2139945,1368288,52960875,2375446,3747355,2887525,63026266,1699983,3663379,3537447
46399065,1202199,3122665,1517437,63706342,6242266,27921036,9989188,60412311,7064791,12693404,11550159
64155601,2133440,6757493,3242657,57933077,897839,2074970,1433421,57909558,1613565,5188673,2994041
47340592,2477113,4148561,2865848,51871212,568440,1125128,1010389,61099385,3499886,11595087,8611673
46890734,1410187,2815683,2102880,56435526,3253456,6272917,5437554,46820902,1871087,3628486,3290963
53214068,2374760,4292449,3249437,55153456,2048867,5039433,18297776,68654216,4970414,11025954,9640872
49766768,1796631,2610611,1996359,56745783,1603636,4882320,2849925,58442374,3631921,12003655,28684390
54571320,3607879,6228318,4869347,46993672,570151,1538408,1094873,62294356,4081142,7496124,6418236
52442776,3053871,5054345,3528051,65795137,5183949,13399372,10657763,63107971,5533145,13060318,11568281
47429235,1209095,2232628,1794819,58546663,4119973,7373467,5304700,74762907,6230415,14727242,13440339
55797685,4720189,9027401,7607391,51544986,1333367,2568255,2451261,58663903,3258879,7149570,6154823
51226265,3673260,4487131,3508921,51222250,881514,1932514,1811525,53053759,415884,905363,813883
47737545,1364676,2602328,1985801,50608391,1948142,3543711,2775338,77625288,16779692,30782459,26978139
48253908,4126103,4913398,7255512,61984983,9216105,4532661,3869255,65222932,4328582,7480190,4248682
48064775,1405201,1367348,1903181,52517132,906423,1154812,968734,53857330,946434,1134492,629286
64228927,1736852,1748686,1770165,61112633,2933803,5881234,4871866,63247117,9072829,14513522,12815234
48936764,2639196,2892039,2770171,57498821,3216686,6841546,5864552,55506862,643876,996525,1100016
49417040,1390687,1349518,1194841,51289810,886238,1523816,1293619,60892236,4993630,14951340,13973110
49869655,16439106,16300834,2832914,57903246,6917920,6920613,6088398,73674802,40827750,88984265,76675978
78291947,7910592,16634067,14538360,59967214,2403744,4807247,3730040,68150812,8897140,28330693,21638174
46768684,1581728,3294203,2343314,55767802,2731428,4729883,3393561,51804354,1947083,5541660,2984157
51025561,2219560,4297853,3602993,101425510,70975220,48390260,23994406,56077744,1881077,4231257,2521811
49240729,1787172,3104903,2446575,57270168,2896124,5786801,5198511,59591304,1874992,5113211,3205388
50058556,1885030,3614887,2501249,58155100,5128069,4786414,21092259,52318543,929907,1453515,915754
44923186,2049630,3719664,16396898,55631674,2756953,4895669,4128898,52569014,632987,1560312,955050
52166824,1787916,1588759,1917663,56836526,2758048,4374928,3837844,51488164,3115128,6922266,4105542
46358215,1361111,2237937,1813876,54227750,2056726,3519909,2858403,55043612,3970089,12454361,6676274
48588930,2074890,3493788,3372507,53319979,1365469,1578419,1395065,50193918,1310275,2447744,1306923
63515648,2805207,5755723,5501722,67686629,3910419,9137620,8173620,58254852,3107716,9344330,6137010
51413645,758226,1486536,1572814,79123137,9449176,18051277,14406601,53745374,1990913,4735903,2614044
52743257,3575472,6424282,6072398,51813590,595871,930003,956022,65142365,4244886,14613215,8132285
55560664,3238577,7323987,6064503,53811436,1915863,4153350,2559280,71614099,3093173,4460870,2511711
56151336,704776,994747,928038,45720949,1776981,4946670,3086304,50178361,10452592,20769124,11369372
48105167,1578818,2763747,2287633,53365187,1950202,4271743,3695758,61547067,3558432,8570865,4632186
41767785,909995,1651608,1511155,55235454,3080567,5122853,4818295,52485150,3552228,5334158,4012506
50578090,1505386,3622656,3162257,69789348,5769824,12379195,10500986,64971749,6626989,13898733,12634527
49510105,2809450,5086001,5140317,55679309,1753547,20571623,3547677,65612516,18018425,52530102,27889230
49537348,1995173,3234990,3291982,51905210,1443891,3754016,3887868,74446088,8084389,8283635,11618054
47711261,1065853,1166256,1253726,47629291,712628,1406772,2048559,53668272,2606044,3063509,4542798
49417318,1478490,2724568,2625020,89219867,36770604,51603096,44363244,67797642,13519875,30157974,39605281
54221584,3322127,22040960,5892844,62227194,3289149,5944336,19745952,52638033,3356467,8071166,4283245
47894796,1634890,3918595,2693348,49934060,768164,1612046,1828173,54243078,4704392,10069616,8051775
45571749,1027402,1716648,1218498,56670346,6598800,12250076,11574868,67573046,16392250,22326930,21377244
48273026,1952861,4509560,2911638,70104350,4711528,9510400,8466297,56130456,3681005,4395950,3940570
52135802,3433629,7429935,5873118,54913120,2330884,4770942,3863325,48107807,799735,766077,912554
60926144,3319432,6055952,4987134,71926179,18509809,12493916,10926371,63150102,27434494,76109078,80901057
58647167,2834523,6107943,5864849,48475940,1574658,1636043,1607031,57883688,1296160,2155940,2095882
48681765,969680,1566322,1495393,53958663,2531359,2750064,2444992,59791321,764228,1675337,1474050
44816708,1447348,2396428,2225250,50172541,2848803,3337904,3330816,55124446,2271653,4934088,4058849
42611780,678082,939175,862463,55121900,2253580,2315869,2276797,58446630,4252642,23368827,7182848
58132949,1815511,3796151,3423199,77993174,11442791,30815363,14286543,61060227,2966513,5508104,4624089
52762632,1182025,2182087,2122325,55122834,3316082,4501176,3346422,69145154,24138550,17306866,15314375
43329489,1205848,2089665,20829361,51995929,2534120,3620597,2403354,53848423,1504072,3787198,19761142
51851539,1524708,3334374,3158751,160129797,34725968,66122553,71159134,54675862,776280,1312433,1349192
65497942,4099542,10169438,8138698,66360295,6709722,33488026,10311866,57069177,1494189,4068039,3456776
52745045,3118974,7599842,6040029,58585585,1973695,3004277,2463433,51447924,2014570,8253908,7517429
50477552,1306972,3110929,2263772,55480398,1818361,3323519,2733959,58597431,511729,1392246,1367727
46915938,1429303,2703560,2401640,56791865,1658295,1696063,1395610,52060690,800004,1824935,1692282
61757349,5220463,12108764,9883556,53441051,4441797,9101050,8592258,76183733,10783524,12019937,10783046
67601846,8023628,27662327,10221908,51975046,829721,1242781,1051766,62980474,4690209,19028444,16589216
51676723,2974632,5168164,4084630,49370716,1686120,3453389,2909087,52607403,1990218,5594727,5016169
70400495,4820459,10363159,8283403,55589482,3173871,6308398,5682127,54262696,1432399,2274116,2027833
49088293,1749359,2923817,2452174,64914357,5189713,10618521,8571753,48398420,2105689,4319360,3800414
53243198,1881376,3324146,3020392,55076713,17759473,7243839,6359837,63973827,3950100,10727485,9562728
46559877,1399900,1924242,1894022,70930137,8009477,19468635,14865695,65765833,7120439,20134409,16809982
52807253,2451415,4663640,4826711,49833030,1273486,1691130,1530042,56650658,1147151,1747138,1213024
47700456,2321248,4163461,4012207,55567881,2432448,4624930,4035167,50606811,686371,1724857,1292179
47085677,1074930,1534264,1686232,53181420,1318632,2276701,1999461,75928473,12771503,45757211,29092404
50455510,1067049,1909704,2046974,47931617,576721,455352,424097,58314257,3422594,9689157,8072995
57706939,19193248,11487884,11085616,57057512,7533581,6420371,18851835,55558496,1730653,6156480,5433593
42242681,1173399,2571240,16675329,75149575,13357784,47990910,28988452,80280003,32080358,54598364,62582007
52154398,2362274,5473464,4976970,51035885,1845520,4080459,3727521,64668400,5003644,13074083,12438503
56660557,1337084,2838153,2609369,53776573,1822953,4285289,3673828,58456669,825741,1409616,1442774
49818897,971932,2420044,2334189,59869108,1735885,3734668,3169982,56258955,5377802,16890113,15955836
57636064,1084435,1758614,1643258,48844597,4219714,9103312,8048826,66296230,910790,1722520,1522782
47878174,1035752,2184140,2097681,56323754,1242899,2528619,1685123,57507580,711010,2253455,1843937
47009241,1614670,1623699,1495560,58422173,4854675,12464131,12079035,61241485,5129595,32725755,14614312
67153154,6579757,26037761,12198882,52692941,1341770,2751136,2792938,45292239,422775,733223,613533
48562966,2403806,4497912,4066490,54435283,3850987,5610953,4906856,58972592,3638278,11757636,10464853
49327748,2274997,1150316,1095404,63405819,4338648,7803095,6568909,55587939,517701,867101,754539
61432605,2850674,5847503,5066683,54666965,1792689,3218187,2570312,56457775,16538672,7152834,5885235
47628179,2129508,3952917,3624360,53330479,1979992,2827162,2321879,65802099,6314275,15129920,13079535
53538002,1198278,1943991,1802027,60090703,6914239,12500709,10659926,54277869,1803895,3601231,3353222
48544364,1541617,3264522,2443427,55927848,2501186,5580963,2656447,67751236,4966244,15239744,13651840
47627953,1333406,2885417,2314249,44430640,1458377,4067268,1781336,60918169,3550056,7825909,6427071
50484886,2201298,3629660,3254916,57678977,2579342,7814470,3782547,58080141,608927,995469,888833
50401265,834305,1374670,1265565,59816979,2764384,11214104,5445152,47789279,3071916,7232745,24486279
56024367,1543376,2943181,2548159,50702705,879874,2323449,1190279,60121393,4166392,10355922,9365755
44444673,779426,1251604,1123127,52054552,1232143,2987379,2336737,53700463,560747,842073,794635
48209665,1673123,3481121,2975974,50290580,2389217,4186637,17458928,61995575,929349,1302201,1140558
54565640,2784945,7019218,5772085,66542811,8417802,33864574,15683108,70923736,9102608,25837689,22949367
50035073,820973,2107808,1614223,47497983,826187,1449222,1313985,56069745,3080070,6624254,5833386
47874174,1538674,2917773,2790346,55378529,1485347,2828932,2165138,60131678,11800231,71928753,46858376
46849612,1177086,2719856,2335542,44734813,1618312,3798822,3461832,59504374,7517916,15159491,14043656
49386673,1298700,2383545,2429949,72546285,5301512,12225139,10782404,56394862,2999445,7013028,6904131
55916798,1827259,3879942,4116286,56418438,703128,1055419,1119625,61286498,1482936,777136,786833
45021814,1407868,2277888,1871384,70388283,23794294,25363971,18389970,53930170,914803,1836069,1587326
51492863,5034272,8180219,7044535,52855810,1863604,2381652,1998004,44988616,289481,672247,649145
54843672,1128948,1879584,1638978,47714294,1547980,1355452,1115755,90465181,18405604,39608347,50245223
45149713,1301724,2026965,1811769,52834247,2735952,2662967,2224599,65976101,8418278,23026029,20241095
53019976,1173657,2410022,13269314,53106768,17754627,7814235,6103850,53096822,579416,975695,862861
50963749,883059,1328447,1389298,52748310,2738002,5528388,4583988,52261630,5138640,13101021,11488518
51837963,1859089,3694207,3262867,60584042,3121714,5745428,4687278,60983986,8514459,50924741,29857437
49471544,2499983,3914240,3803471,52446050,1695745,2524606,2091840,54226018,1314052,1807383,1383805
50147677,806500,1433884,2015771,50236338,883051,1451650,1403087,54767774,4510647,7521441,6448144
43661349,1930663,3299103,3236766,52664646,2563725,4271135,4047678,59276038,16527396,6306363,5439672
49771921,1619919,20807963,2783244,78493549,6645963,13619749,12644965,52482720,421240,407183,493634
47374018,2091414,5774222,3044419,63001189,5462499,23985670,23043668,55441287,3196203,6075737,6011883
51375288,2478326,5972825,4585937,48804021,526462,1020596,1010556,66302077,7828462,19786400,17467820
50435005,1773015,4014627,3089869,48992628,825805,1454642,1211910,67336517,6341820,21681077,19250410
62854237,1784976,3689942,3400074,61912988,934171,2746515,2038166,83967285,28102758,42245733,54911176
56781696,1551474,3395718,2781724,55995994,3366950,8464355,5840108,61662404,2651660,11534642,11397994
50038207,1063692,2343618,2179427,61937278,1356720,2718690,2360365,57008967,4071256,6028555,5523374
46820489,992926,1704550,1978355,52589986,1414272,3150070,2631190,63900076,2811015,19782632,3739810
44244578,1598795,3167171,4659478,45199035,1912829,2330541,2224038,60566073,5989176,18122904,17098893
47188956,748065,1493465,1350206,50955207,1883114,4211488,3590878,62502153,5796959,13432325,11490124
46579586,820914,1925351,1568121,221442370,17818189,73116961,64915888,64230900,8139239,20670535,18321751
46502773,967001,1929717,1652899,50238382,1773817,3141376,2591668,79838229,15521564,40324065,34606270
52120601,2157037,4845431,3983929,61117371,4275572,8314013,7115592,57186153,2262250,5343700,5206504
44556048,1133848,1981332,2356672,62414145,1402586,2873225,2578136,56198928,3489625,8332597,20888631
59281439,1119791,2259499,2459963,49291986,3553101,5482894,4309470,50460601,1649521,3676089,3373847
53271403,4736857,7782697,8293229,49902919,1630275,2568731,1953168,61458529,1867039,3643294,3059645
55384600,2192630,4781581,4657528,57006117,1496482,2443249,1896485,64868187,7113736,32046199,14312963
48760667,1806927,3535120,3263682,48309273,659939,1231552,1076410,59076888,23396858,12405512,11111492
40997539,891697,1274800,1332607,48617005,952505,1919359,1843836,60790728,1135481,951217,915493
52043403,1882254,3165927,2879031,49204795,1023660,1767461,1408481,55231815,4193530,16408613,15338490
50197229,1023723,1555088,1427124,49009125,912396,1576782,1268900,49746072,511103,938868,899621
50697651,1952595,3641985,3310704,46919893,2513275,4303852,3722312,63635354,9872822,25094797,22099661
47610742,2138198,4293468,3971564,52687753,2256993,4151221,3412415,54077823,2464400,5104893,4442024
61125699,2607349,8492281,5279106,53270805,2569290,4022448,3311147,52620827,2211223,6055957,5343902
58600763,2758670,8469898,4581745,49611220,792054,1295980,1091064,68691399,9555839,26581259,21918567
47532629,846914,2038195,13693185,60973271,3489507,7202713,6594735,57544087,2504002,7374869,5862669
42496219,980052,1891512,1842307,72028202,3392189,6503508,5846368,53595739,930105,2025998,1510521
66908240,20214554,29360507,12664230,52229211,423824,633705,594514,62517252,1069055,2301402,1774239
42184877,1166200,1987843,1851460,57229706,806902,1739339,1677860,56124114,2353053,6074436,5347462
82056980,9545679,20357381,16930756,54157787,1805091,3608174,3260937,53269867,723467,1370999,1108909
52688293,1057341,1633098,1474102,52102921,1178738,1913197,1679134,54756448,3755612,12505101,34758620
44670711,1948891,3316207,3150228,58632188,2199017,3965068,3463815,52951387,1296311,2134459,1914854
51006872,2000086,2646291,2392527,59333666,4367744,18402962,5057914,61611934,6976363,30209922,13212729
60046065,5532392,10400214,9154439,54805105,4829939,13068988,12484334,63006255,7981430,22637399,19837380
46729001,761289,1241377,1278945,54563121,2506309,5340950,8755523,48035297,1994629,6197789,5643449
59390286,1792474,3640274,3281496,57489773,1974986,1747996,2177922,54136659,1387244,2607600,2186158
48278127,898446,2088463,2094726,50436224,1417341,2640743,2421586,59427568,6399137,27855654,23076110
48096832,2377517,4143369,3776696,44459492,957156,1964892,1845393,54273003,2382767,7137868,6264233
53340688,3238493,10861986,5232421,53723258,2030277,4716031,4139641,60079335,4934012,17750930,16077218
58878507,7543822,10564323,6832629,50828251,20315758,3895381,2966509,52888833,1674950,3275522,3165433
44121568,752545,1282468,1007291,60504810,1432011,4194866,17107559,56851075,3539040,8334906,7855725
49358957,1639097,17623688,2943032,50745528,1385714,5439419,3260705,61628316,481276,1084087,891139
57505930,2152430,4381034,3840403,49451259,951353,2456348,2098623,62283380,3652702,13141365,11875792
71497343,7500106,17753059,28709068,56243218,6788936,20240230,20186895,69889862,8085391,24901295,21632083
46610948,731959,1237087,1142934,45896389,1085850,1909322,1805778,69159418,4424217,24389151,29100164
47664768,1685905,3421903,3138484,48740368,1343190,2461797,2496954,60395464,1845058,3408815,2852068
49038411,2647996,5030335,4624168,54127642,2443282,4963207,4223887,48448524,673253,1310233,1155292
60101193,1727072,3407760,2954366,51585603,1094417,2463219,2117890,53996699,2272919,6166910,5473899
56369595,2256984,4565430,4275575,71862091,1645005,5156838,4494281,96483389,40701551,64082111,49044893
50296034,2593072,4388752,4037272,71523165,6808953,16063716,13895269,64996783,6421341,28177834,15797758
47078030,1035422,1750130,1461550,55183558,2811003,6306025,5243705,52567505,728579,1430385,1461458
46265896,814186,1554341,1372436,51074362,1630544,3609141,2919969,65630312,10134460,24850079,22759914
54723712,2981878,6439952,5239211,60360774,11593575,11226875,10183654,60311291,1481583,2450120,2323228
50978420,1603088,3412632,3293436,57111823,3489426,4999115,4245511,84399759,8122502,45338621,19855727
47673766,1636304,3841372,2404372,57460326,6723707,24802092,8923372,61968832,2009618,6958244,5982114
42378743,871240,2029449,1210429,57054757,2497867,3698198,3379032,56844071,1851550,5025194,18418840
54214999,3560445,13190702,6237100,66810091,3375682,4678592,3844273,60962724,3585137,12746925,12376495
46115803,2055652,3854490,3167379,48889741,938195,921278,845140,54491493,2426094,6695472,6086042
43660871,882799,1423323,1263794,49396504,2404937,3054302,2425516,57062312,1149573,2730506,2529960
45873368,926527,1721994,1572128,52441081,4349144,5636272,3686489,60649125,3491988,10731463,9266160
47555282,1109571,2731880,2555666,50206875,1869980,2028023,1523569,76258476,20078978,75286979,66319482
62268400,4322373,6929373,5711886,52393974,5841510,5435526,4808821,58473070,1430476,2228463,2121318
43670599,878888,16085084,1174835,54773792,5709314,5769495,4675418,59374338,4049055,15092432,14586167
46240042,783912,1600052,1172634,48758276,2610901,1782313,1487552,46002698,1624531,5237754,4892459
41653131,945924,1662676,1537421,61927266,10905331,15052825,34286412,59741429,5440589,32195979,10611550
58574815,3000462,8313207,5282967,62390064,2750809,3965791,3712154,57459449,3710830,13263829,11814347
46530342,1034062,2924731,1623872,44521802,1678037,1493122,1270266,72759522,8568316,24216260,36017338
48655801,1733942,4240447,2831389,59145456,6667889,11879300,10717168,61813198,8683647,14886539,13303459
48502345,1743893,3697026,23627107,54920468,1532183,2108553,1640645,72602629,6054523,17088896,15802855
64385419,9890577,13418358,11692610,56262150,2257978,4385987,4050105,57852945,1301659,3136688,2880743
48551887,15256171,2989846,2500275,50207114,1662054,2988568,2428615,67642218,24262234,26022343,20448677
54192552,5089429,9681314,8845406,51186534,1033497,1986632,1777820,79388454,13462241,66380171,46321211
44841444,1095723,1920491,1615379,54718153,5913413,12430933,11893162,80071683,20886534,83235221,86262879
67082510,4912888,11409646,9519654,50916749,2630639,5257398,4678956,61138573,2686130,8776897,7828187
44879640,990365,2047951,1578266,49814632,1847443,5282437,4921835,54715384,2935562,9142685,8387581
55041576,4456076,9007518,7894151,49546304,1297597,2270209,1867871,56085234,4520370,13200674,11930394
56552425,2629110,6080222,5216729,141983115,10083238,48443788,29077250,81530548,23154813,37275316,33382136
60133087,1789941,4276839,3330869,63144913,2973517,6495710,18259806,64586373,3956367,12635566,10719976
53464304,3971869,7714670,6980134,43395980,827096,1551118,1371399,53327532,1078822,2227267,1923785
66000382,4976749,26795942,8167017,86764245,7712516,15868610,12969326,55512397,577220,920897,746963
50259266,2655826,4260916,3672465,75442268,22625160,15764038,13765877,56052523,1893895,7179812,5587438
41504076,1062912,2177685,1568703,52595408,2309032,4511779,3986238,76889447,11026051,29786446,24572759
50576194,2312342,3640995,3048180,52254927,2709739,4813216,4273977,89558613,17370843,53615297,64534647
45957908,1367885,2119136,1861225,55525341,1413164,1825498,1413431,54205632,1170211,2743858,2446469
61473243,4930002,11989426,26104204,59545708,844435,20148062,951981,63382395,5988582,22828959,20825372
53387996,3053353,5066363,4739185,63958862,2134259,1244269,930125,57799227,24074101,8536864,6238643
58413677,1890622,3634439,3286185,49166731,2063723,3734171,2886609,64313723,5847019,32592769,12609050
63759402,3963068,10842745,8745957,53328194,1081237,2052061,1730485,52147266,2728092,9705522,8560598
51198488,2390342,5445880,4809169,49435894,766706,1529119,1432964,59172784,5454546,12358867,10347794
51828543,2443541,5245051,4313970,58610427,3071791,6212531,5560418,57576479,1111882,2096994,1985235
60027965,4716731,11596329,10903314,44767389,1088486,2273223,2299168,51559401,502375,629127,591566
51077008,1533791,2662684,2529827,54574996,2649478,5255936,5135079,44993580,1055575,3120578,2793507
55136387,4302337,21600785,5300454,54772802,4360826,12453341,11589878,53443198,1298320,2779011,2475739
62487217,2313038,5272222,4323995,57636128,1341021,2771550,2300267,59639838,1068110,2097376,1792417
49851832,2180601,4960186,3473971,50768744,1300116,2543799,2069416,67568523,7628437,25324818,22031231
53115443,3108444,4454870,4550603,65215879,1753176,3861613,3060340,55713812,2208020,9544005,21486682
54389246,1784044,3569862,2918623,55870577,2010865,5005159,4642452,61104180,3149818,13715278,9719009
62112489,2755214,4996194,4568916,52325394,1582484,3690485,3819632,50890815,1374532,3083830,2847240
53263258,1557622,3428444,2532693,57120060,3207875,7972533,6808692,53412233,1849483,5019732,4430941
55824054,4167933,7494329,6231701,78152618,12727837,32090695,38844534,60849346,5366370,15246063,13779757
48083978,2605856,2832054,21373558,50119467,1002491,1705508,1272714,54626900,710981,1356850,1198010
50480848,2508062,3111381,3157347,49343895,454260,836968,661445,49210820,4232194,15230543,13826187
46227811,1371222,1474349,1491135,44847578,1128108,21053598,1245702,54775400,628629,437470,414174
48170923,2129137,2965412,2600146,61464714,2435657,6663291,5821586,54966406,1004211,1773812,1553697
46592426,1166971,1332129,1412983,49928544,1579057,3866161,3940257,80331866,27320174,66030776,31753636
49214273,2882577,6032547,4713053,52876989,2255644,4328180,3981212,67184554,10760356,23912342,21103470
49912593,1460467,3269220,3104947,50023185,805076,688191,888197,51197658,791982,784447,733145
44990394,1764725,3160890,2381819,48258178,766315,1668367,1804190,61990574,7329906,21668929,19308585
53737872,2042936,4189862,2906697,50858583,1676059,4873370,4459753,52381298,1206974,2511017,2205263
49097649,1275899,1983456,1759950,51084051,961692,1413412,1492697,58028452,4820579,13433857,12080987
46628700,1392207,2593128,2240110,45472697,1363611,2005682,1597883,52243566,1900116,2850568,16693133
49093175,2384877,5134522,7487459,58549291,3030468,6879978,6018317,52845522,1490728,4246351,3690164
51465196,1243118,2519017,3648774,50915733,1985063,3226820,2820353,49881436,4089386,6766285,5664872
56826833,19404305,24380000,10826194,62544061,4033576,6476083,4933001,86114252,38402266,102653907,73547501
48579653,1496181,2561911,3609535,47544739,652236,1010372,895660,61193985,3874052,8409895,13169418
53423197,2047992,3999129,5240497,53405444,3907595,10369840,9818186,87810782,22372393,37377151,38205528
41044336,1052600,1484915,1488396,57548338,3263224,8367836,6648637,106879106,29309539,104810565,93403004
47435332,1996476,3717255,3353120,55775437,4197385,8472301,8147850,83528802,12022103,33949427,30381622
48790112,2105413,3597174,3065808,73853932,5824130,11772757,27698545,51942015,640510,758262,731574
47647131,1768786,3455341,3004955,51589017,2148201,4189142,3404298,58231545,2021413,5407771,4707026
54217508,1879035,3845297,3641561,49900197,1192794,2540191,2336676,57885784,3799022,8602524,7467743
45174133,1035883,2047546,2076911,50315824,1610113,4051218,3732913,54918112,1297526,3247209,2942578
46884159,1850900,3533514,2795994,46774074,797500,1922447,1717490,55356385,1255205,5087278,4520891
46213777,1826140,3953598,4146262,50794880,1610631,20018587,3808177,54138547,930972,1655493,1459044
45244414,1069785,2069814,1973278,70934189,6862659,19159521,15277050,63513211,23195110,81534080,88449815
43854670,825083,1859642,1575451,52457285,16230472,3989609,3480224,51765787,906357,2244733,2231688
47926407,605849,933974,840504,53522340,1209467,2713071,2091575,44254341,1634107,4013514,3977358
47618634,1599159,2737502,2393401,56281338,2100824,4246367,3611869,69235340,11926880,841268,902785
52945683,2430990,4984499,4958743,55769701,2076350,4897117,4039592,56659078,2068024,3959679,3801848
65481714,12065778,9758167,23399415,49015186,939016,2049682,1894330,80512291,43059747,147029281,107749739
48819445,2008471,3989354,3433796,63626589,1023818,2343151,2323467,58102405,5735362,9899605,9435658
49584254,1894095,4038218,3553402,54780025,1703493,2992897,2539389,51239693,1050498,1839538,1754310
47497762,1395859,2688875,2545153,51295747,1058920,2712241,2349971,59184974,1017764,2162396,1790959
49440559,1668602,3397400,3283684,42204859,918958,2074910,1861359,56518286,3412209,7080911,5975543
60170266,10652325,20575910,20396291,63478562,936353,2513174,2613239,52275133,968512,2344956,2028200
44780752,787366,18542711,1337980,50586112,745933,1423931,1169642,66746544,8596987,25704919,34697345
44460284,732847,2055053,1611724,47874459,865293,1495351,1239466,55272351,1553054,3668803,3285662
59414188,3647075,7731873,7025347,64188501,1456813,4780746,4949107,69365562,7239132,28923849,13824107
44203683,1813802,4008144,2919926,62005770,1506182,2580651,2636791,53173904,812349,1489323,1270018
56301449,1440734,3342110,2909561,56851158,3146363,6821019,6493675,49928729,1980523,4152990,3542310
47578191,1484137,3213516,2859464,51013495,704028,1421636,1480747,62436056,1089707,2854922,2459065
70605804,5326873,13602883,11453338,50009002,1445867,2658310,2343745,63449638,8712836,19382201,15613108
49595733,964293,1844468,1644850,44953479,1037845,2363058,2125669,55414110,3333541,8527511,7733957
51165251,1826786,3870120,3536725,75777903,10945323,9318744,8639499,50433095,609221,1643948,1493500
45637145,942017,1677179,1494989,59046597,5587626,30551212,24473855,67422555,10107476,27154649,23192264
52432681,3102684,6630641,5170521,53829174,3643641,6537595,5717937,90749655,20775307,86268771,87263934
46147814,901744,1755482,1588353,52646413,2967980,6653893,5107681,65454609,8009715,27449433,24421909
49724739,2475532,5323648,4910082,47486921,472943,865204,668484,53602265,984540,1661197,1617678
48453814,2037950,3753319,3519361,49230371,2463390,5144419,4933593,64119635,6001041,15693453,14150032
45942621,1054197,1981790,2002316,50489141,1716029,3322433,2917938,84965473,31627933,46970804,41266238
55079985,2802029,5077112,18638709,47928092,967315,1881395,2227309,48292706,3039287,5495516,4861502
58379009,7286856,3473976,3246624,63329634,6739883,3959705,3554051,54993369,803271,3014758,2753713
53209297,1143978,1757258,1654854,48379410,2884292,4213134,3618959,55614725,2463899,10075456,9126039
45449026,1061735,1649296,1977472,53910796,691796,1508211,1393605,68823174,4243040,13506854,11622144
48766091,2149127,3569106,3412091,58819234,2528767,5774063,5561718,56197509,5236471,16115952,13903227
45073812,778388,992632,878714,61016804,2027347,3330791,2914536,55838332,2722387,5571642,4851175
46884616,664415,1332039,1502494,51790525,1505229,2279191,1875246,55053970,493104,690087,639000
60292753,2670085,25632000,7635604,56872433,3491420,7393500,6322992,52002741,505389,21842529,771363
49578441,982905,2181488,1547317,49991121,874402,1649290,1359550,46102235,1775632,5779553,20299845
46245256,1787457,4519523,3458208,58079674,1642977,3280742,3251777,68262080,18590378,20505396,19027367
45506338,1929870,3707491,3265053,72767985,5262775,10999927,10120748,68148489,24142632,113685300,100608107
53344293,1132877,2471300,2006000,57558448,3062590,6884555,6617437,65567973,3735522,13895780,13255146
62048701,3107798,6877337,6514873,44261260,982596,1632815,1459306,82758190,10582890,27673704,24347186
46262115,875239,1750011,1489843,49543391,883892,1782967,1630636,53394558,2315379,21147862,5983047
45640702,598916,1139116,1048894,61862072,5038154,11338714,10258480,82586788,16691818,45728922,53241504
47355913,18825497,2133901,1980597,61460829,610144,858941,750967,63655763,3663751,12416423,11212338
50947779,885676,1176547,1160870,58022416,5718066,20968860,4803249,53800949,1453225,3250180,2814290
72287696,4181751,9885545,10437767,53060222,579652,1081919,974046,51737886,1957081,3405942,3153201
51087594,1199984,2276501,2134923,52792520,943858,2203535,2089544,50852720,867534,3560927,3276689
46631225,1185780,3025818,2014354,43139036,428764,656662,647682,59785024,21654422,10837889,9249935
41302477,712407,1934560,1147888,72442990,3325652,7794530,28326070,53335412,1814682,5947678,5430427
45608467,1081219,3148262,2255992,45888940,1933584,3652333,3354745,53261860,593640,1551739,1379124
61408869,7154828,6364593,6528872,50898021,816359,1526008,1411302,55208844,1877110,7244319,6433905
47526186,1053473,1789341,1879086,55136291,24059593,3367521,3110806,59753274,6098537,10186291,9470968
50453744,1023594,2403463,2019910,54808777,2048121,3760077,3556428,57120019,3977818,8317235,8128415
45218046,1458586,3695721,2858496,74659718,4187503,6948930,5723676,57853061,4107962,15130654,13579646
47910128,1815852,3462867,2701006,47604958,1111589,2089785,1820819,56269601,3260208,33714630,9477459
44754422,818524,1550913,1366321,51211947,2830847,5993405,5920506,49419193,394695,790277,666385
44983116,2165153,4588325,4116465,71616428,9128761,18339374,15041449,59490891,538048,774672,659453
53292817,3114109,8146363,21752432,54320450,2231893,4351961,3804251,103717231,49926348,107959071,108669206
47370884,1496575,2841059,3333360,55697549,2542694,5172534,4369741,45428084,565340,1151347,960802
47834518,1575424,3236439,5552949,51346929,784583,1257016,1051768,67291860,6686396,23524955,20899538
48044939,1204070,20964484,4806766,51948584,1774556,5396892,4984867,61103530,5435867,11945019,10763601
44511091,1161970,1950905,1919645,44557859,1061622,2567892,1850820,73196727,14157895,55150995,35403777
49139336,562848,913123,915013,51535367,2023524,5553280,4673922,73687234,14104425,57515904,62304834
49497133,992728,1827913,1653904,51805358,743126,1482700,1002916,54531611,2831227,9394428,9262602
48983318,1913546,3789757,3228617,55033806,2967701,21200308,4728798,61527402,5781790,16711955,14911985
45138199,739106,1096625,1253016,57392530,958822,1592122,1258442,63815624,50378929,144746149,116350398
56031101,4001174,8268633,7459157,57771037,1077916,2042653,1578756,64214762,5151798,12470674,10896292
53211916,5268225,4065557,3742643,55425696,836195,1938385,1599578,62399177,1620719,2485586,2136542
50919273,1766232,4052676,3342675,55961196,1588991,4277662,3751230,62042037,6242131,17089692,14926511
52060392,1609264,2509184,2139731,50403797,1778137,3326146,2759076,54352653,1267274,4053064,19650846
67784374,6923602,14536371,11352616,50450674,1402526,3431010,2880374,72580561,9573404,26386545,38796412
51287934,1292446,2433741,2068201,53368931,1375968,1609405,1300845,59013287,5009089,10837714,9844538
53426827,1585279,2351670,1950783,53297984,2337214,3674727,25372877,60900995,5344430,18375818,16799497
47329492,1206123,1986863,1678652,48707961,3798352,8523360,9138213,69189435,5608795,11479684,9467962
47697975,1345394,1998056,1684504,49118833,2453037,3284822,3066536,51359357,735701,1627036,1534099
49527464,1672242,3024298,2607377,59061463,6358320,8335706,7538352,57222020,6336190,13105908,11578410
41298298,1172251,1296029,1285418,54916001,1955969,2236931,2151136,62101886,2814625,6948773,6232778
57168306,2984578,5277623,4035332,48015886,1485185,2317984,3758376,59495178,3384596,23365291,7233951
51310992,3485008,7222645,6225959,75298310,18295026,60311983,61949912,63567122,5170353,14179085,13178013
63644544,3938851,8276632,7476236,70269223,3778720,8045499,9108729,61418862,7151088,11094993,10139570
52718698,3965814,4851942,5799349,83761181,5016240,11597230,10675895,72854812,5216758,11883338,10868844
56312138,3534605,23336042,16818547,55309118,2857961,20826976,6649128,58948925,7936924,9220614,8258475
48424801,938287,1582264,1740777,48675567,1216476,3576871,3395802,66794950,9468248,25672026,34847309
50267565,2216423,4448224,4490056,50026468,917425,2150791,1826643,65472930,3908983,14933966,12854702
48684238,1512503,2981826,3305280,50875335,955194,2176296,1670192,90050096,35175547,91814200,58565313
57337864,1829258,4494580,4341087,54668586,1730162,4397998,3798978,54159291,1971696,6894972,4034667
48860482,991058,2010348,1719110,47196131,398941,658832,582852,69821754,9365340,31449899,28081893
55696237,1552454,3485130,3189306,49111105,1870510,2707946,2224027,59493685,8064114,10244095,9226731
47954105,1384762,3080508,2725936,54121089,772660,822775,638644,52143534,1591092,1918178,1703529
59724053,3344141,8325492,7183999,42975659,1826916,2380409,3454064,62919313,3963786,8980535,8221833
47155613,1091325,2427620,1975803,54637246,1125634,1372356,1805261,57055933,3056765,6893325,24348216
49822512,1224380,3057265,2738974,49677566,1362989,1631703,1669911,66047304,10092662,34948510,31740080
46388656,940735,2277104,1585029,59882698,7492982,20241866,16763486,51575050,777172,1522670,1545010
49237154,1722064,3969756,3171775,47682563,1594461,2856889,3408585,52567197,1426832,3422351,3349886
51442154,1804608,2254167,1790814,55470715,6783941,6599461,19947030,74502643,14939253,66296314,40089852
54494037,1711991,3500871,3310532,64124004,1982164,2727007,2524931,76621671,13427467,40609189,34923211
44888044,1115422,2541826,1907756,51767336,2098194,2020927,1727562,72940839,8109115,15414871,13914184
42502251,844738,1317068,1112974,48797341,2803794,3281037,2863356,61926318,4744106,8391863,7442163
46343875,1067104,2279740,2695015,67436872,988673,893280,826277,68983115,6062744,17055759,28035269
68751861,16587189,12506290,10265122,56287657,878766,855997,840597,56768921,1979441,5142765,4096867
48199362,1520051,2745573,2393286,59216928,29115853,8460210,6856413,58521213,2993951,9539132,8402863
47509443,1527700,2969151,2697599,53406600,2905519,4002175,3724189,53348477,3615177,7010068,5945464
52378308,2459771,6456877,4552796,48720135,1492277,1810767,1692209,54493031,2471679,6253810,5848302
51411655,1371697,2498051,2045084,54897104,3057095,3999123,3807578,57629493,4036701,7329480,7220615
44881670,1576279,19180624,2513023,44551029,1532219,2570571,2272039,72886188,10470413,52258625,28399957
52488244,1247266,2088086,1699144,51203410,1244452,2461314,2101231,88906187,34267187,53870607,48565104
44375857,856314,1455348,1302230,57600229,2512157,8237986,8015139,44790729,803061,1878809,1699967
49374352,800585,1770406,3038108,68595905,6343471,14220611,11490629,51512273,419575,876803,778354
46564410,888526,1824490,12864068,59671382,3457479,21047708,6309218,69614692,6322100,14837514,12355562
50519674,2183390,3884610,3836519,68232348,1690019,2128969,1911583,51332484,891325,2295339,2162019
58943898,3585321,7007107,6032709,48513015,1149900,2260664,2092804,63283087,6434462,16723981,29689103
56458688,5406300,7770105,6873697,54287046,911309,2703800,2607501,63587308,16903844,29595804,27186595
55850322,1615854,3096261,2649248,62290511,1067903,2155096,1850060,64904390,14550973,44407605,25411676
86839553,8796961,16663910,15444316,47241408,1897742,4568709,5533379,64306487,1093893,2876502,2378369
55268561,2526340,5632685,15122248,49123587,1191640,2055681,3145172,63886925,11077421,23090741,20269141
41056049,861748,1731801,1651116,54962494,2601022,6903420,9415639,57519173,3822439,20978893,10588808
49091277,1985685,4496513,4876994,51879767,1879585,4182515,3896068,53412860,649942,2146783,1230021
44881622,937974,1021139,1128649,51505877,1779035,3336334,2795718,55623832,2157670,5184197,3868223
49927013,1473014,2173483,1986940,47300249,437644,925319,1031388,49154476,4397202,13782167,11956835
64490689,6391574,11782283,11162924,59613389,5226141,9291763,7729992,54434471,5744336,18937377,19803034
59046360,3375817,25260820,7522086,50150019,1410282,3155927,2750055,57799293,3360629,7908204,6149915
45100962,967672,1855185,1560518,57860857,792129,1618612,15974448,57363401,7824531,25428999,36220714
55169511,576733,1240488,1208062,43001816,908703,1781676,2516262,51155998,670701,1661710,1491354
49391573,1362785,2894202,2471639,47815001,720319,1575348,2491547,89258431,60354733,235716966,201796695
70212310,13160234,12856549,27204229,49269878,880843,3630217,3085836,57951984,7411693,20178071,30841730
49574252,899210,1203816,1066013,56024043,634956,1954062,1267234,51519602,1437817,2727385,2478040
1229743369,6134209,8868631,7881854,50302691,654636,1957419,1247053,57908936,2269034,4526027,4028652
65493822,3875981,5059117,4622030,55325211,2652435,7608267,5421400,49602019,616519,1598256,1392444
63646665,1836843,2876006,2508230,67653677,5751051,15512738,11351652,66669640,9452197,40337633,20610090
75355641,8253149,19990215,14690788,58941018,2808526,7907851,6574832,68014997,2124300,6285974,5513392
39834549,769078,3147524,2506520,52539154,2093009,5993935,5194442,64240478,7725451,19206622,17896983
45842366,1564187,3917629,3674592,56369477,6093202,24571158,5033213,53027367,1262705,2636089,2311027
49432928,1415494,2968729,2661459,52516294,2039189,2438714,1829566,71250743,6506368,25236748,23824701
47369417,3678989,6238786,5251692,51390045,3054577,9163129,7320911,60443864,7761241,29069900,26967944
37925152,1287385,1703186,1527232,55280188,777950,1877562,2235180,54683971,4574211,14540833,12766361
38880709,1600363,1980804,1839732,59411382,4375928,10995503,8731422,46345017,1341224,2824393,2762079
49801734,3544790,5587292,4452461,50463091,642115,1460167,1219414,48402661,1295491,3178530,3163138
44372192,3044608,3888888,3927362,51334990,2049516,4610354,3570250,55112040,3981800,11158505,10840020
41455216,2034293,19800164,2878241,51710351,2919079,4740226,4137654,61088297,6451561,20182682,40886205
43926033,1495643,2790632,1815327,51318266,1223709,2686854,2819312,60117091,2530417,7768121,7102110
65768809,41808879,20042152,16135586,50025230,2486729,4081420,4060354,62631616,3587933,24913760,9094118
38598150,662943,906060,836316,59647506,8598656,16634936,11109759,65278419,8024375,18408728,16229882
43910650,1067117,2810901,2651820,49700313,1600422,2395202,1990464,62687785,6762474,18014233,15345307
53815382,1468569,3500843,18894772,60449445,7252164,10121613,10885525,63177972,3651268,16336628,14467329
82992076,11036027,29158421,22296221,52127834,2130517,2465403,17671567,73386476,28614454,30752398,26391321
40239206,782705,1585443,1564656,62039352,5759698,10676385,10449355,57767406,3020560,9665240,8806796
57507999,2335413,5110949,4342303,60761484,4244425,9908006,9580991,58669487,4682428,14523756,18692348
42469207,1633521,3780988,3212309,49465017,713230,1369613,1288830,59803883,4453479,36057373,28476644
39502432,1313995,1973242,1682666,50966940,16376767,3274592,2964930,64966086,5699888,18951979,17033960
47072517,1188000,1650288,1444030,51320673,1545548,19715942,2661579,51520994,989494,1966187,1766056
50734653,4261468,7961429,6746536,79508163,4768993,8728548,8620564,53671975,1892121,6754735,6249895
38312251,1220181,2024750,1885643,53995605,1088327,1749092,1559063,54199506,1583382,4130232,3633914
40657849,2116187,22923908,3246666,59883376,4372851,6971162,5865512,63088710,5130464,16227340,14230779
51397395,1811838,3470731,2861857,58240791,1254806,1727475,1603097,60404609,5889052,16738919,15016261
54365928,3418155,7342801,5799261,54328140,431833,859227,861907,47999192,671770,1737005,1529220
41995913,1640029,3280132,2881163,50742211,943302,1608870,1422427,63453505,5246621,14454617,20029427
64465245,2728677,5895362,5560932,40815994,645645,1556521,1390241,56960492,3332206,10530739,9510644
39194298,911769,1509303,1450239,55774638,2457899,6033285,5420362,52739798,823603,2278137,1923414
39863897,1135820,2385496,2143291,66373286,5508328,15045535,13305802,68592369,11634260,39573124,33366173
42764809,1603773,4019155,2859061,57552939,15868222,7143488,6640557,70312554,10994745,43511077,36872838
48417419,1009229,2179167,2206386,53630850,1643203,2895305,2669144,52960727,363336,387139,396121
44120727,1426438,2588354,11335779,64283844,5324969,12090402,12042989,53125067,2192582,6846744,7286185
38092418,987266,1832394,2404300,49502097,1143303,2171308,2007021,73066263,15574053,44135642,43375605
63363807,6932835,12337055,11516180,55729039,1817425,4681523,16198614,61867113,2897531,7403726,6179435
37904582,1642025,1887149,1497203,53697220,2217399,3901289,3489409,51418777,716188,2368593,1878399
46586886,6341017,2845833,2237855,49093095,1129176,1740500,1637146,61410259,5700523,11184981,9788230
37543509,1413725,1622479,1277225,47531947,948540,1316884,1197991,65162544,6711928,16201596,14180108
67404292,7056695,13327537,10948495,45697462,817083,2274544,2202968,64231025,5318339,13635724,13114517
41032070,2559363,3867924,3500516,46899851,1666471,4774603,3965470,65535606,1031502,1946581,1814925
45137551,2145590,3307892,2692098,57669527,947818,2568047,1768329,66993678,1516206,3689958,3221044
44657017,936851,1552450,1438239,65532368,6695501,28768795,11738001,72987881,2987316,25104587,8506030
63308291,3580099,8884162,6829906,65079392,3795507,9005589,14918016,53504423,20093222,6825559,6069740
38533321,1239943,18511518,3557464,51705199,873411,1983064,3365267,39333305,1940871,3039606,2855169
41560296,1815888,3691888,4515843,51583507,1355079,3086110,4135428,48826018,8213975,13575708,27472987
52566258,2024781,2644400,2652559,57408087,5642229,6503380,8651512,40907984,1759600,6014606,4972015
47376733,2865908,3952205,3935655,46755554,981093,899536,1506277,45056887,2350717,8233786,7130508
38626446,1582096,2091336,2269372,69075046,14080283,27340370,35870233,60264325,12021495,29538301,27812545
46601856,1239874,1809566,2020167,45820089,710002,976068,1139800,43678177,3709951,7921181,6733701
40494776,1159840,1892484,2123088,59491512,5209134,9032872,8206321,38801296,1226967,3789901,3111715
40337060,1352553,2418476,1972325,55989673,4396130,8899378,7591937,55192138,4121353,14278870,11885261
47493507,4901607,6819216,5056637,61153633,1841658,3457084,3031639,43719852,1291182,3055511,2673421
44993531,1297123,2744290,2491381,50964176,1136252,1034636,899258,38488791,829123,2230574,1885082
40091339,1272050,2244621,1870297,52382779,2661035,4944207,21494890,49518668,3266896,8431196,7424548
38853663,813424,1554611,1322156,56754047,6173682,35407369,22655684,58685301,10104012,25963291,23350853
39265200,1408499,2461932,2280061,49326099,1281496,2144152,1882369,50186392,7099221,37591211,15203030
41911154,915976,1693785,1577891,49657855,446385,1084520,927814,47292498,5466928,16667611,17043095
45066338,1597936,4244088,3710785,48893952,858267,1762641,1593738,61899013,27562090,118417142,116623745
55744300,1913997,4380641,15746178,49399693,2248453,4875191,4842739,58009829,3603526,7438505,6389790
60033806,1123518,2257578,2175110,47466560,1135906,2173115,1988086,79029552,21291585,74281580,51958643
44346065,2524623,4959284,4361118,49282387,15525345,2671864,2597927,40989368,2281484,6476219,5746452
40173611,1762178,3323243,2993330,44653324,858654,1484325,1497093,52683693,8703046,25045167,35279764
44753742,2347361,5059970,4550948,62716540,13428346,8754560,14699598,58402347,3970798,8335632,7259122
42979035,14080600,886267,764401,48366560,2660692,7859537,8761395,43065286,19201922,7409064,6633776
40110578,1445740,3012768,2700442,60740355,2230759,5198404,5118892,41053288,1842692,5194921,4690693
39893797,659681,1103489,1062612,50297555,2088147,3446460,2927543,62377466,11816751,27966428,25234855
53669649,3233445,7517191,5954244,69697002,5951904,13990549,11216043,53962978,2912055,6962093,6579745
38565466,914027,1633218,1362676,53854791,818420,1906050,1557193,40011055,1312534,16025480,2681213
47101583,4074367,9510563,7615673,48929580,660780,1597058,1366990,50033517,8013625,14369041,12193097
39705147,1416009,20936125,2245534,64035151,660892,1413646,1321239,40690486,830667,2647416,1469725
43576578,1024334,2037914,1705966,70694073,16433917,13815371,12705228,43859265,4676184,12360530,8278873
46846058,2345508,4871438,5078653,55079194,870699,1349919,1030011,49271007,956182,1856480,1631994
41464546,2024483,4030054,5680771,73250463,8822081,51254469,29700775,45084813,3867589,8643306,7440428
50562445,6187025,3928376,3104592,54578777,2526710,6163988,5485822,38465617,586581,1469938,1240570
45211134,3253080,6243184,6232803,60304756,3246980,7486443,6372860,42577112,1377340,2545302,2144910
38413678,1125767,2346218,1912906,63749390,10600848,9876474,9953242,50536295,1149636,2790799,2263354
45074749,3169045,6657311,5581820,55217611,1142650,2363945,2192773,40679454,1715183,6773981,6245630
52679375,1719949,3386503,3858537,55742685,1728116,3885867,2947470,49087989,5921694,20850656,33982366
42151075,1732073,3638763,3597009,44612649,1084688,2535057,2126803,42273759,1155322,4871880,2637969
39355507,1364576,2422711,2422086,82001471,8660411,21163075,18456835,59366927,4519446,18229231,13246379
49113679,742880,1451632,1664342,54127172,2964739,6690868,5431218,48017858,6377060,7585285,6809412
43554263,1123969,2325430,2192008,48474710,696813,1193336,916222,40524653,1915098,5136645,4498080
51692361,3896963,8200357,20841812,50884898,1619646,3270565,2554140,40142941,492536,1157089,1039669
42440648,1870244,4524881,4254902,52118662,743249,2322745,2205442,56566401,13539948,63110043,41853070
55382862,2760806,8599326,6082930,55810872,1681570,3928841,4018310,55240436,5749376,22252663,20697344
39535284,1124113,4824539,2237243,47274231,569463,1330029,1208768,40307080,1844056,6843571,6239395
40603418,1938381,6914225,3523741,59120666,18202783,27194604,6242174,45382177,3030562,5903326,5177074
52746542,2173589,4350283,3744058,56956469,3348079,4481443,3547283,40528593,3202077,9423418,8005917
37869353,1370459,2444770,2123668,50859253,1213900,2369289,1931902,54363505,2572453,6870895,4945030
37185936,726809,1158490,1003902,55131254,1927049,5229635,4106506,53925553,2116942,8148129,4162395
42385709,1411162,2617386,2305615,52522011,1162761,3173684,15764581,42216574,829521,1515700,1216878
52298880,2255227,4780093,4222470,75573292,9749599,28550365,26166916,38348659,542157,1050887,917777
38099257,907702,1496591,1324095,50300696,1123682,2445699,1900713,47253130,424107,774571,674891
37572875,1264983,16847862,1082820,52563815,805652,1653740,1455798,40082934,1781508,4642406,3776319
53639627,4999890,6650302,5626508,53094905,2964998,2975249,2452149,67075733,51017750,46001889,69407955
39768199,2446723,3420569,3988343,58104117,4280653,6524528,5245530,43330333,2403246,9765243,9510647
40061852,2429388,2982098,3969031,82369321,11616732,29111358,23825905,54175105,5752637,17183596,16098068
75536799,35321593,46806743,41316412,49644145,1546290,3488975,2724475,39895184,1688001,4060706,3820456
44782358,713059,1801404,1486032,63321655,3332319,24247908,9029629,40714063,2147988,5010076,4855735
36694078,669261,1279625,1046933,51520557,1170433,2180393,2348315,43055086,3648897,9468868,9095284
41726889,1556280,3306132,2735687,68214742,1571601,3747173,3803372,58547391,8976274,55123617,32936524
49170562,985342,2059600,1772902,48101899,820858,1148801,1108328,51253702,1332910,3296904,2730718
39021959,744257,1719916,1307987,52785621,1795461,3786054,3352335,40733529,1565791,3972586,3614326
46633046,2900936,6471792,5391689,47748529,837217,1358728,1290973,51269344,7082155,15418565,13594574
3679537,910476,2194120,1964939,48749376,867381,1176726,1154450,43005461,3503331,4938253,4244746
46706943,1422227,2670672,2287776,45643532,1124626,2281384,1941876,54346781,4625100,6474669,6041556
50167095,923768,2551239,2445936,59163081,3356424,8748836,7775080,53603240,14169605,20090043,31725025
42218080,1793566,3419750,16077216,57859019,2617644,6227735,18995508,41627905,5704220,6486595,6110564
53116106,1482008,4447108,4651115,47001017,550961,1097117,944189,40897251,3512478,5471049,5174628
49634069,2098630,4376956,3931464,54726367,793888,2158641,1750759,49054631,3881297,11723694,11318566
42021903,1769852,3682288,3285188,60205713,2610173,6126960,4674234,44743007,4121406,8836258,7238802
41508380,1778913,3911257,2863520,58154143,2487022,3043400,2641285,56290707,21584205,123345994,92952954
42770952,1979173,16121207,3488079,52001816,2077961,4314033,3420618,44992640,4009482,10472982,13991196
47079364,15666254,3931495,3115112,58723626,6515584,27214677,25374421,50008588,937812,2100359,1676211
40259567,2552018,3256250,3113657,47181551,811149,2058080,1760857,41757556,1851659,2978562,2557053
38861600,1299055,2235498,2414635,45043511,1922954,4378235,3862437,64493974,12403134,39209853,55181409
43100593,953211,2156081,2058183,55489714,2689878,5523264,4685596,46594982,4193117,12636290,11159251
56333206,3108552,8431302,7746093,54031486,843013,2500295,2352989,75026683,39035413,62216178,43109554
41943653,2553524,6231319,5593439,50089974,1406962,1772198,1619429,46748702,3549916,10714177,9942726
44324945,933797,3513035,1773262,77159290,4618028,32855219,15065864,43127449,3269834,3642833,3279861
37983631,828588,3065950,1302277,54602581,2038681,5842921,4719860,49744745,5008990,13277519,11148509
38764342,939284,3961047,1887722,51879564,1085231,2992605,2702296,89731630,16938636,43399389,55289703
64037634,15092922,15038133,10677541,48961036,1815019,2949288,2420070,41920824,1851055,3428273,3080996
42429745,1388489,1811629,1338934,63316115,3766590,7818515,6808541,39757118,700752,1508130,1336153
52672475,3701621,6801786,5911979,53182791,1438094,2535712,2328047,40965703,1148862,2601548,2439419
49889047,4561873,8945876,8125360,56967294,3932669,12316382,11385636,62026729,8312819,51680474,23336790
47966637,829508,1557798,1360535,51533264,1907816,3858868,3432179,44816887,4464855,11520183,9588101
48290903,3416432,8620147,18127287,51217085,19471935,9683892,12288356,45288086,1353195,2476767,2107352
39023943,1105237,3028195,1910831,61379567,1528129,3165251,2840351,44342930,5431829,19046303,15883571
38524743,1018562,1954366,1618056,61670590,15105068,10297350,25916830,47330102,3185102,11418128,10293950
46308583,535301,867132,833919,53834733,2300615,4209432,6848005,66716385,14271964,61171606,55246019
37778890,686437,1441927,1174798,59869182,2686658,3945625,5949127,47246713,4281823,12662482,10696139
40792913,875100,2009699,2057264,57829413,2754031,6400864,10296553,52210403,4088352,17802332,32640583
44123102,1146683,16070798,1934785,48419732,664969,851300,1205156,41694006,3105638,9784919,9700168
43327996,2292985,4965970,5203315,57957961,2790187,6457424,8039384,70409338,12013923,57604729,39248715
40530885,917617,1822714,1854243,64589389,2752232,5987071,6970834,38475895,916988,1955676,1683406
43950101,1904503,4123272,4302910,45021294,413686,911155,823621,41089617,2881186,7025226,6225363
57084785,638584,1254720,1290840,67135612,1908446,4624164,4301594,43863047,779340,1149381,1043600
50551133,2581467,5988137,5859141,62293010,4783313,31806089,9627710,46737665,716332,1218745,1175912
38345769,1002951,2019971,1792484,48649116,798480,1840390,1497670,46460624,8315553,28490093,26234645
56138064,1849543,4421396,4008793,54496335,3082470,14948567,9069854,38709320,18246807,1122309,1084781
38993756,637580,1530237,1440049,49644710,640381,2020702,1031057,41935278,2293591,5968338,5476248
41649782,2001363,5172354,3722364,49752206,1490550,5270581,2841363,57506044,8933184,14259027,13112846
44157440,4047114,3220419,3055314,55119002,1950212,7355153,5156872,43634040,939119,2368012,2271150
44584965,1253684,2329613,2003008,51445845,1514503,4986370,5024305,41409091,2660575,9288632,8188029
38249796,878851,1784436,1384541,69176846,3316275,10538509,11021992,49469467,3678628,7395533,6193296
45025824,1685713,4431593,4075023,50129208,1295849,3296437,2969073,48778097,837099,2496563,2433998
42110629,1337375,3024654,2541820,43721332,710845,1598812,1366511,64515951,12030706,59081230,49724951
47257060,1558065,4130824,4020184,58225851,4507824,13287586,11820739,40233348,969514,2435375,2232071
36770031,428954,759176,706290,51014304,932441,3213056,2116759,43299635,1872006,3233210,2939653
41834955,1545725,3700912,3226435,49206776,576680,3792049,2102161,44164590,4537706,13951033,12372741
43735543,1091337,2466224,2288723,46975370,296763,1256776,563077,63336054,7820418,16555259,14689601
41435693,1649370,3406412,2846591,60179227,5697637,20845151,44119706,50237486,6789271,14825526,12754388
42588865,1984571,4825774,4206368,62436574,1010256,3171652,3706702,44754085,1692461,5010059,4565410
45605924,1320885,3105269,3051561,50166068,1709558,4171233,3676666,44164584,7913083,34506747,22818566
43991947,2416643,5782005,15912168,62811687,6964413,31942803,12502797,60053214,5214837,10531138,8806667
38119643,775525,1188667,1183089,46473268,1035576,3466321,3112129,39055518,1299928,2544479,2244673
38516436,828769,2030068,1557493,51250649,2525463,8858474,7179550,58471010,21945367,77619793,78859961
45026154,1490257,30525537,2882860,54460384,503628,1218500,988772,38112200,669380,1017046,1031390
37635496,419654,910450,891871,45852662,1185655,2164226,2104984,63202276,5004476,13694727,12700707
60244950,6706937,16170997,14496272,49776032,1478313,3375448,3213530,47961842,6213916,16665673,14753837
51904529,1169358,1722216,2550484,70723621,3259641,8885119,7629157,42709989,1910939,4738614,4179145
46380542,3253700,6709825,8565130,60695188,2576271,6391392,5530764,41738761,2320449,8722254,7623926
43660964,3642717,5167251,7703511,52507252,1946420,4835909,4150062,55698306,2856111,8191570,7175880
40462203,2685415,3715608,5297366,56095950,2913617,8335807,7871760,40210852,1913388,2302894,1971305
42900083,1976314,2284574,3036680,55318358,2242698,5496956,5188534,47442187,18595256,12595527,11071870
42557895,2566695,2873520,3989668,64960350,3603129,9175197,8192372,41114239,4058739,16463979,13705600
38068409,1737935,1683433,2587405,55186458,15400196,4060593,3658316,54637964,1443050,3057022,2520694
51472370,2534879,3231729,5009496,55187531,1353866,2912283,2455702,40678612,2949814,6427935,5631940
38526590,15350584,2215317,3119804,56775010,2663329,6282403,19568832,50650357,7616254,21922301,19436626
39554730,2034834,2630890,3345391,56318149,855263,1533395,1315177,38895036,688096,1749163,1438299
37612646,1362546,1483821,2246391,57191426,765472,1512625,1301963,88701671,26431539,94882760,85327441
46424099,2473490,2159993,3272713,50741654,2820528,2724185,2597481,43117240,3911756,8124408,6842976
37763874,1073782,1109683,1785689,60987292,5000660,26569057,12306058,42891196,2513659,8073403,7291356
56425495,9369731,8606004,12296465,79032905,6861509,17343630,17126073,42002464,2226156,7787200,7373149
39275726,1772520,2653533,4012316,56628823,1087709,3008454,2711236,41955577,1033654,2798120,2612634
44024355,1868199,2958350,3967199,42691114,945298,2302500,1690453,97251546,17405232,77715421,54414309
43824065,3480986,6453430,9022150,49676262,417654,777776,650108,39116039,1356321,3885299,3484252
51677107,5122444,27385277,12074799,50812787,559675,1437828,1401436,68688260,14085550,42633771,54035345
45103538,2899277,4518813,19308656,72730203,5067900,15499299,13507824,72324236,10666278,41910895,37093216
39769250,1426957,1955731,2622227,57502940,616306,1045843,1098142,49433642,5912453,16688881,14951136
49809091,3230747,6158664,9624309,47716815,1346379,3118943,2616535,46882259,4313887,12738772,11380149
48840386,1889033,3293763,5656700,62957406,6733155,18403158,17329668,40352167,1299786,3858206,3375820
46761628,936836,1075990,1613337,53494717,2426396,4978422,3963180,44384027,4534207,28846112,13437520
40174425,2047646,3672385,4884716,55554092,3872980,12017438,11835985,49016149,859728,2045382,1664948
40969322,1622264,2452762,2839982,52971957,1357060,3898521,3281166,38297525,1019860,4491353,3680222
43540140,1961211,2370883,2933992,50731333,779628,1735305,1230628,38625069,503751,1573858,1474806
44083917,2313158,4268823,5962255,44415734,1164524,3115959,20140676,38548842,407369,814076,753099
41031785,2230930,3065505,4158299,53990619,3057825,5976062,8270945,58206721,21076558,13503471,12331278
49170667,5614625,7879268,10912160,62881540,3119863,23553018,6806242,43706174,4776381,15168427,26245634
50023862,3882200,5648167,8930669,50406527,1550304,3843536,3152754,39142418,1318990,3165263,2927774
53454155,8415782,10896033,10059326,65295686,4503381,10820059,9174589,38001408,439113,880082,809692
42339251,3250088,4387776,3824441,58424862,1031231,1530620,1447078,53993155,6476222,10728712,9610237
53698010,6736826,8311444,7131302,57051464,3092727,4329315,3636589,52315793,9044148,21274376,19778674
38462005,1965792,1983201,1624884,47086338,579338,1064842,1279267,49753177,5539859,18370795,17044600
40926411,1975365,1861052,1554668,49769161,1400915,3563209,3019675,42389560,3044144,7166979,6036622
46043534,2031170,2087914,1894943,50157168,916512,2176344,1497122,49776773,773570,2051793,1727589
42271103,3652984,3945219,4024272,42994327,829193,2076374,1577370,40437148,1338101,3094117,2739628
49548944,5646695,23852914,7658172,50263866,463955,1129473,832658,38174816,455253,1118221,1004616
38721014,1498524,1515670,1459217,46920371,950710,2470242,1831799,40041758,1982731,5770281,5011294
42749848,931734,895751,848584,54403643,5371683,5277160,4759358,41762268,3237899,9066581,7734696
38878637,997673,1095551,15082025,56391997,656809,1329112,1936964,52246653,4117442,29080060,10607048
38499550,1032360,1045269,1413388,53516795,1260655,3059502,4619802,45144924,3475232,12301108,10297362
50414482,4590751,6271355,5478796,9933156,1888728,7595165,8680346,41221491,984860,1713530,1444175
70289294,8401141,13883283,12441096,53016973,407634,959515,1081771,53659061,11257286,44523605,40511146
40429779,1608244,1385779,1314694,48763968,831013,2277211,2204977,52222992,2336235,7341882,20289306
41409042,6324415,3293559,3214347,45180036,991450,1958661,1824564,38721052,897189,2243670,2019868
48043013,2983708,3912962,3281850,51406206,4143492,8632114,8987275,64413240,19943379,66609993,60467914
38968235,1677594,1759038,1533735,50510946,2002115,4465577,4082434,42441947,2018827,4780044,4423563
38696838,1334993,1835198,1916092,58226663,2275604,7335028,6882169,67531684,17706879,81697323,50476605
49695666,3213826,4149610,3875300,60759786,1067369,2695434,2415299,41514152,1468056,4207100,3772595
43550862,5865931,6739690,7052390,53020918,493575,875841,794947,47564426,5558261,21653171,20424567
37209203,1258299,591681,746385,48125395,637974,1210968,1050552,58724968,29667455,31611085,42183286
38467427,1833271,1736946,1875127,49300824,1239801,2855916,2359911,51804837,2430388,4690229,4234999
45657896,1200824,1589678,1794441,43506669,590609,1023184,959880,58317858,7793565,24144255,21252294
42480515,1981983,2345037,2624709,69336112,32035226,29423398,23282158,45363482,2891257,29709911,7537524
39560021,1622245,1724259,1877220,45652431,548761,943783,1276296,46049119,4457118,12758843,10120683
37829350,1558459,1483027,1401872,47822541,593590,1346340,2036326,51475023,1321006,3761045,2992221
43246630,1018729,1030259,1067883,74751173,3571530,9006269,9140951,43706922,2258875,7917936,7343058
40792454,3086005,3698969,3113973,46723157,787036,1527015,1486497,46087338,2168212,7685825,7684810
46382899,3386045,5105515,4108560,68979741,17887869,15337070,13523742,44858432,3069281,11280324,9158456
48176315,4070925,19757164,4423837,65856133,6720064,14546727,12680950,98628992,41350277,84476269,95113282
42284671,2175800,3306264,2677899,52304014,673502,1273068,1173230,52998453,13633650,67158805,44722769
39420376,2589528,2298178,1993911,62504574,5865944,16617407,15405917,46821177,4755351,15869042,14311302
40301510,1507764,1808098,1738425,53900667,3567789,8080251,7346052,55816322,7914035,38871597,35792789
45417672,1483850,1668813,1507854,71859428,9985178,5749248,5403386,50788930,1256824,2933374,2663331
39256712,2082579,2178081,2023157,46419176,832023,897325,767192,40870706,2605605,5584781,5063986
37718845,1217153,1411561,1298935,49902114,691517,1645993,1377963,44342800,4163314,13216324,12582732
42722041,1705750,1841747,2022576,45220789,1956300,4325581,4220794,51312068,6940136,18868659,29458905
40658886,1630676,2218063,2045749,50862939,1822621,5780539,5636059,62512401,7278150,21104359,18988178
39453084,21717922,1505948,13759331,49147735,2168307,26453071,3860986,39053294,845644,1682798,1503387
39984888,2236395,3185806,3020286,57721948,1159070,2439196,2276000,45851005,17740109,12751683,11038652
45596551,1257158,1513007,1412217,52453543,1555852,2944247,2520165,37712262,590188,730291,719095
44158965,2963852,4155751,5730814,59903377,3524583,7202291,21219267,43600627,1038090,2418299,2261739
43384625,1936566,2164941,2005370,56909703,3478532,5818514,4927684,51815722,2102823,17548144,4924983
47912084,3593768,4497096,3896432,56855816,1252998,2644230,2267224,43166402,4296162,13790363,12242364
37387641,985712,1322520,1277939,53477230,1621221,4464882,3991126,49678737,6563582,22235606,20867900
42627371,1394952,1256837,1130778,51287223,1039643,2562232,2473029,55021965,10739364,21680931,19764095
37686455,857988,1122021,1111774,56091016,2349398,9855432,5544034,49866149,812656,1373077,1320732
48706939,1315424,1934948,1843705,43916292,1028566,2978481,1503929,42357663,1778414,4251279,4008531
42801151,2291019,3373131,3124978,51734333,702408,2720986,1285888,43081575,1412290,2680988,2253931
53402336,4783546,6396662,5631525,51231834,1293210,3453311,3121787,74707101,15427937,65758773,71649777
41676329,977631,1064861,970021,65076369,791861,1407175,1209848,53670664,2864279,6409133,6248631
49681087,2547073,4473533,4291127,71604220,1663119,2866475,2467751,38922135,1274324,3303560,3294833
38513783,2313234,2865014,2592153,59608168,872459,2285372,2139975,39561393,715367,1707770,1685620
50644329,10153904,6770702,8271472,69550003,1344210,3833125,4167077,56749007,8228394,41008220,20701231
42936194,1090431,1113126,1054012,45025177,409067,1347445,1510531,56050883,6238855,18774189,16186214
40534926,1469651,2378493,2195364,52845971,807632,1689731,1794844,50918360,5596393,17540177,15115869
39767406,1856408,2902120,2525244,52615117,1112099,3129513,3366906,40838724,2986892,8317670,7631501
50465125,2257328,5396447,4994662,48181953,551340,1165778,1506103,37550345,389279,937096,813913
40032209,782725,1490334,1231292,47209835,726360,1132152,1026929,67229975,10946856,36585234,31964186
45108271,1383006,19318380,2402137,48868369,15264820,2721017,2430374,61780188,12886656,39514397,54568293
41029708,2753690,3674328,3146478,52534819,2728538,3202824,2815536,40965503,2206406,20081589,4364803
45020878,827313,1945765,1739038,52040742,1444123,4354623,4258748,38459535,931403,1500744,1201587
40128387,1368951,3029033,2509012,43242220,533568,961472,927853,64550743,9685625,35750407,31088865
38280769,891660,2209867,1596999,55559067,1638136,4500708,4213943,40933880,2430777,6124486,5453248
42640344,439375,911939,794192,55855124,997144,2388669,2123485,40080929,1845968,4105120,3795757
37218327,802577,701637,628403,49859877,752561,1417190,1233713,40544452,859902,2965185,3173045
37898708,811926,1649408,1465438,59073393,2813963,20846435,6818099,38643333,413926,781540,907057
40540055,1254309,2938020,2541385,57607710,1693060,3756200,3496543,47595286,345890,556666,537043
43016337,813285,1635906,1378904,56468938,4078233,8804116,7920841,45380007,16857783,11140297,10045077
38973206,1233448,2330426,1966924,56139154,965259,2673840,2401536,50537439,5709429,12012532,9777853
51386150,2629508,8273364,19131613,214735819,14210729,66086293,72117477,39932780,1118861,2400380,2087358
39779886,1407831,3415163,2668735,52510357,2915997,6678727,5036349,54777541,3441684,7572493,6275338
45806838,1336352,3625276,3198351,46304954,718627,1001567,778556,38898417,876305,2529330,2161507
53244907,3478606,10683342,8336046,52486039,1188084,3084066,2719904,39318607,1983377,2211358,1936510
40425034,920222,2163287,1970783,49035110,695152,1468447,1201093,45004327,3477758,6702916,5625751
45207357,1396293,3010598,2539699,56105308,792172,1420327,950339,51836514,2489965,6589902,6031121
37541784,590341,997205,834407,64749017,3179050,7752469,16294809,42249796,1468237,4695534,4298562
37704693,574417,1214120,1203207,53678289,1612570,3092406,2394447,42113339,3343574,9852661,22121876
39892217,1243250,2720205,2376157,51543860,1262677,2857935,2462511,44510274,1263257,3548648,3173873
42885812,908096,2169641,1847385,50884800,685637,1009034,923141,91760074,26075842,100139355,72565917
40873718,1247730,3143078,2890484,56309093,868240,2441242,2517505,43468737,4096840,11326594,10284523
39283161,1231293,2650945,2357312,50765463,3114509,2682927,2568596,44974571,2507604,8727204,8067711
42724204,550954,1187375,1182023,55948170,1662361,2980409,2801318,42162152,2191994,4330460,3569866
38954253,707989,1496002,1361771,48921559,1665461,3344069,2970957,90370276,13697141,63972693,55362700
43592966,1555728,3919702,3720222,47259732,608077,736840,647070,45424608,4417670,11297180,9807647
38553267,790826,1600576,1644538,81497567,16207261,18969616,15361744,38747651,560262,1270044,1105390
45317156,1102476,20885677,3310323,48200734,951959,1130754,1083487,89393189,64185748,103971649,95810307
43142999,1515596,4358808,4014207,46582018,1011097,1214904,1121205,67942863,19135505,89149605,69430093
37442151,817693,1872956,1602189,46855257,646185,825418,917949,43731769,772376,1553706,1212179
47301816,1948506,5333795,4283033,51414397,1840802,1760973,1442293,55042653,15804597,61839407,55541923
49042002,3645057,8815596,7685019,48708726,1411141,1419173,1181705,47179840,5718701,13040386,11187013
47302730,2716097,5418000,4813718,59392723,876577,1252100,1144382,56231595,6370733,11953046,10753022
40049276,1139639,2794847,2450674,50757422,1502425,3186073,2977785,38657611,965449,2566967,2285379
42884065,789722,1510413,1364146,65353485,3935329,20052513,8811301,41612385,1574554,3611256,3290446
40727120,853114,2070765,1981719,51955515,3220113,7175597,6957679,52170055,17034369,58043268,51640466
38918276,1299656,2911800,13153685,54192564,963116,2953377,3226997,38502932,1930577,4742880,4177492
42217020,834703,1747758,1524769,48069240,554585,744519,868889,54505421,1570730,18399300,1950449
42366185,693088,1393145,1452062,43243879,1290748,2278769,1869934,41740611,2677432,4984736,4170433
37911262,1127615,1996273,3281524,57209040,440844,799975,877866,45674083,1052605,4422361,4241064
56831899,12412807,7442286,8580027,49593560,1128072,1956545,1890200,38129400,652450,1202964,17732184
45186600,14472741,4008767,3731909,59021536,1589089,3806911,3544923,60670411,4926264,17725133,16071723
38184766,956022,1934369,1626145,48937707,1386412,2954953,2580962,43781455,3571483,7657707,6681693
42371497,1635348,3901194,3609477,49019633,1912138,3455499,3003428,64050312,12236496,44036532,39346959
43582429,487687,1076065,1188746,60368600,3047577,6514918,17732676,51189047,13150020,27213524,23872446
37972696,650430,1466091,1365318,56053849,3468738,11624688,11836091,51057899,1224220,3326214,2979529
39958529,852462,2160608,2137620,50483807,1676979,4116043,4055153,50040703,26367782,30243130,26492706
40802034,995610,2423096,2386311,47589976,1767683,3965390,3581308,39259266,579724,1109296,965754
53013077,1174599,2610705,2316969,59005167,2080988,4479973,3623150,40168757,1834247,5354430,4431723
39632576,1220548,2524922,2102058,58664552,1557093,3895172,3250034,51936127,1305707,3913305,3132982
41999041,2021184,27121061,3943746,59610888,2285495,5651772,6847979,48093033,5934947,31292393,14664058
42862647,801643,2091761,1460333,53695183,17800561,6625197,9772393,43120359,758598,1915990,1548307
53482907,4324062,11376397,9397918,51442761,1620119,3381536,3506614,38411048,919004,2802371,2143471
39048985,1111659,2294960,2021142,82324078,18918742,41935852,26208701,43233930,308875,554094,379443
44415917,1612386,3522583,3483356,57668257,1423085,2608073,3028953,68200733,10055338,28982551,42039216
51696018,859654,1858634,1910726,63482003,2454211,4263606,3045669,43916588,770327,1804067,1674885
40552308,1452557,3228352,2828164,55693184,1112918,1887394,1870688,63000231,24509463,42885016,38643113
43842394,643808,1640795,1819100,58715964,1517501,2610546,2297726,41838841,3144447,8558748,7681512
47931649,1216132,3133724,3012046,54846640,1496457,3264031,2953432,75308800,8576505,26020137,23285014
42467186,1765119,3719377,3340771,47276162,518303,993370,1029717,39504089,2129608,7720811,6821116
55486702,1590317,3852999,3724507,58670806,7536378,8323990,7483974,46428029,2752578,5415648,4555599
65313520,1028607,2037328,1837928,50974954,2549084,4048651,3261538,43790144,2455578,20818978,5874419
42843483,948832,1679519,1603557,55494955,2690117,8432695,20176308,52818841,1780740,5812050,5025891
45554441,1686927,3581249,12658104,55334005,3618219,8703222,12332073,70909883,30236577,75439310,87187549
38630281,1521598,2447297,2238120,43018630,1068043,2004860,2036839,46325400,5533625,11957320,10546047
53075406,1677510,4104631,4075125,61228096,1667585,4396364,3982310,39531835,940470,1599245,1442494
57722283,3917041,10682966,9850507,54252379,1231158,2887163,2599389,74340243,24528027,36417395,32568702
37997879,741979,1193733,1244890,53345667,1624093,4842301,4502467,58181364,9714540,38797955,20620241
39669518,1956004,3410317,3920004,50576968,967945,2155419,1920803,46654011,8922283,35296384,31082828
51217474,1619908,3336826,2984027,51234873,2014598,3388135,2827129,43549692,727677,1771068,1650634
38636664,1092171,1994375,1831601,50554047,745085,2148442,2289306,48463499,941196,3190167,2979040
38393457,735248,1555668,1476135,49228091,714442,1701486,1203961,41551298,699668,1468675,17917041
44360276,991917,16675657,1952886,59706620,1465004,2454074,2047989,43930107,3878685,14015389,12276589
37502849,725000,1771966,1224864,49921825,2498321,8105863,7903072,41018494,862519,2627189,2355281
38904238,1011168,1785307,1336683,51411273,1733669,3919956,3380076,55834409,7133092,19247893,16012784
39039571,954260,2170743,1595844,51959054,1414970,3538069,3868856,43151511,849769,1038395,1010934
52230845,604829,1597681,1617334,61088189,1696427,3031669,4033456,42164026,2668130,6544833,6229721
37156599,480140,770547,787479,57207688,1342327,3472402,4179636,48956060,4140348,11983117,10860038
38027966,747145,1824595,1510056,51741213,1141611,2492974,2211342,37952482,690600,1126197,1069921
46653127,1933401,4448166,4028504,60195979,997010,1618207,1339617,48351888,1046203,2741700,2655451
37079153,532641,1203920,818192,46743594,1020890,1807847,1507622,39049487,1109055,4348970,3955614
43740637,1657419,4405210,3565638,44316573,1218461,3370963,3073714,77981492,16936040,69711956,46171886
37446636,564244,1243213,1111243,51038096,1954332,6375783,6035928,39984048,2491949,7139415,6143812
43674853,673395,1556651,1490351,56873606,1811727,3979282,3378140,998554209,3164310844,14501493574,13113202493
39340736,580929,1394291,1215789,47537837,1235888,3929704,3162121,54598065,11239189,26282518,22991369
42106154,1388631,2871994,4427471,48526633,992743,827100,601890,42939598,3236345,7284037,6216390
38799274,861164,1911680,1777492,45415375,957932,2099448,1408124,45820557,3933402,11147371,10052089
53727971,846412,1934301,1475088,55281135,9408948,3516900,2584136,98594138,2089002,2980950,2552785
39506038,655960,1520316,1556568,43165756,1482550,2355482,1397502,47696313,9692090,14310112,23221590
47413201,2926714,5767054,5252137,63598763,5496824,7712467,6731813,40080411,1478714,3820142,3509555
55081279,8323055,6825804,7565792,42829047,1500005,2505746,16095741,37771237,882540,2225160,1994416
38476492,944576,1998214,1746533,55272935,4609055,8940573,8888884,56664869,4036638,12942899,11417169
59223148,3948268,10759993,22180838,51554311,1511174,3305422,2798688,39845614,1034923,2619207,2326222
47146019,2065230,4337021,3804867,50556450,1303590,3527052,2968895,44849501,6767055,28162674,25320965
46132345,2080977,5454278,4716754,79337008,32812917,52605743,24517394,48013852,10110044,53799276,36345436
39043201,903298,1949781,1774139,50009960,2484973,4780182,4170863,53025406,2114138,4546230,3379003
40123684,1051301,2810711,2268388,56070127,1079301,2059527,1621972,58631218,15668456,40326629,22670021
46444667,1102566,2594044,2484270,55769402,2101943,4310694,3834234,44301150,2539299,7809495,6729001
48403507,2907223,20854481,6270782,54389951,568193,951331,847601,50374656,5853938,18511075,15683024
38279612,700209,1484121,1237506,52251221,1051036,1976592,1577927,53376639,2439290,6985815,9592911
42015420,832564,1754793,1414412,78478564,2328199,7647525,7710097,51903648,5083063,20297815,32305865
56152280,2415143,7334353,6650595,46058621,818073,1369448,1334126,41126265,2298527,4777756,4324791
36416759,587234,1102822,975910,53282317,1104872,2147162,1872611,52187480,5609032,15821830,13461900
37851222,872798,1849605,1653365,47464583,904296,862993,757559,52406043,1574453,3826721,3369388
43921362,1269339,2988252,2115725,43551309,502326,902862,780702,40114927,1764439,7630762,12218739
38855523,1494997,1874015,1674423,50091091,1485120,1782254,2270654,50757309,5442500,29897630,15546565
37380341,697365,1515964,1194167,60162682,3251219,9221269,8494657,39543518,2519465,8014449,7053035
43163617,1020353,2513170,2530612,51086380,2148814,2934761,3151217,76773685,11154824,37994697,34175207
40748294,1241167,2792090,2310523,55165685,3281388,5557289,5005477,40219116,1952400,7274783,6342032
53766984,16264958,6788097,6376577,49109175,1110603,1820722,1492423,39906886,1375859,3522109,2751521
38602025,684162,2308595,2161625,55140642,2413329,5016055,19444530,42539131,3362516,11063020,9684286
46514676,1583952,6589779,6209213,55740894,2613348,5682715,5827235,38590395,464343,806134,694410
44973266,2154722,7812473,7575100,56960139,1776242,4750195,4602866,69897402,6906988,17997932,16804689
44519585,1732302,4841518,4440603,55890009,470376,919357,896313,86559446,28664367,100243386,92694867
42671544,612864,1668649,1743703,51542616,1079488,21030051,1430131,39762961,1380902,3838714,3433552
49253798,4132483,10878358,21835975,49643172,1446611,1776393,1506468,42060208,1054502,2520780,2275056
38799067,1085227,3245759,1970647,54148668,1916729,2258451,2065256,58019634,2912393,9005755,7944064
42200823,2287702,5572384,4689122,48661293,2554134,2943910,2756457,56403558,6297736,24097821,21549386
43594926,930838,1863590,1623710,50706379,2893912,3629924,3318963,42633396,5026998,9707628,8754974
40157195,1130850,2504649,2284587,47831685,904265,742171,713907,38427652,576765,1194907,1057353
41588108,1574113,14024196,3023273,53623692,3086534,4042223,3859225,49733012,1267077,2655803,2410888
40643742,535072,1459370,1097256,49397129,3151809,5665658,4995695,53695051,8234832,32037911,39780993
39977673,1651261,3496687,2601448,60465529,787540,1197126,1074748,80893000,42038862,96595004,72127669
50682136,6136981,7995555,7324308,68449529,14029218,34479766,32592370,43088031,3786436,13327420,12579778
38737595,1328573,3182655,2832641,49624579,972658,2477906,2853245,51988943,2848470,7911004,7760411
43600965,659081,1568581,1440563,58660005,1873748,5190269,8332955,115399125,25060575,111433243,111261378
36528319,796770,1258051,1207155,50019032,2391528,3031896,2988683,40463581,856881,1575929,1892744
36709260,475621,1417339,1634274,48985339,1285976,2258162,2280087,62163483,7480304,22128948,23519370
49465528,825809,2289599,2235283,48160350,1390798,3223035,2892339,43068085,506824,944902,854541
42951349,1782782,4669879,4917139,51855021,1109693,3118443,1562561,57024907,6074990,16726823,15532123
