neo4j_cypher_p_100,neo4j_gremlin_p_100,titan_bdb_untyped_p_100,titan_bdb_typed_p_100,neo4j_cypher_p_1K,neo4j_cypher_10K
68725026,4900126049,5097808819,5088135311,65411283,69435721
61807672,160711024,159313072,169627110,66651665,86830624
65527331,150100117,167196648,163984598,71159802,64574392
60612159,4544212807,4544041232,4433516791,60620491,82854688
63069894,931757526,902754957,897394183,70170391,74537566
62534615,2865478980,2839356503,2764960406,62262135,98690641
73155725,2423037069,2474798553,2386560533,64910205,95270745
69999284,593519767,563082226,569750553,65873678,67115520
58715257,289417857,261000179,264908057,62581905,76061171
66841837,21015085353,25146006989,23411208395,70881755,70981068
57050600,2825777023,2699425064,2644142268,66575444,108308681
63412679,281287256,268476298,269007211,65752972,66087506
67104739,336815204,304433041,328728425,59958436,66234138
65316314,1043095951,1066883248,1030936198,66448151,69110940
103610944,130144741,120370381,123257049,100002366,80523791
104993570,2736431213,2951177074,2852619734,59884242,69789101
102647599,1672934579,1656696037,1616405207,67795372,64671129
82608913,2018123789,2135181065,2065301013,68524210,68060379
48244638,1068873797,1087857656,1088564081,61555996,56566414
47915708,1054629304,1212669440,1106150609,52999043,49628990
48982032,514622946,545360944,465418202,65678418,67498875
48078607,231609553,287623913,220455220,70150988,53128267
48667651,88747858,151741310,102114450,60611182,56978476
46811354,1430306445,1765475956,1549602207,54701296,65715106
55085453,79908398,85158703,86395549,48852060,50087677
47567271,682108573,724888774,670526599,62968753,61912887
52923099,489668125,534711107,503436249,71383355,49417671
44295999,67387380,73268981,66125172,49684032,63704963
49120187,602632571,646726644,620657518,86312393,48845507
46749991,302749753,317629012,306037378,50369304,57185977
55145696,496593193,496618929,467308302,64299381,54281465
48682635,150115324,170223797,146333344,48471996,51516188
54516244,297787558,337762507,309970305,53266712,56354991
47699852,31536555,29690754,26859829,63031669,55505349
48842228,1686621060,1810574333,1691205521,48511250,50638695
49038870,1224019554,1234580959,1150504487,56260947,54583164
51597313,1554835611,1663885893,1524648020,47561474,46700021
57655997,10250156952,11095284157,9734901806,54442351,53391770
73911046,11247920423,13598688514,11364686975,66978305,51017257
78776395,2054347013,2243900547,2058566949,90234224,165048540
84504865,1256835874,1348724232,1248915942,87229287,90398477
75020091,1611580360,1694843224,1571017725,82052254,91719375
83887262,4554388053,4948817485,4396035312,65279619,80384781
77892428,95007695,100121528,87117221,43678390,79323859
63611424,4149545770,4100123395,3741806853,50802250,45852127
46097246,35478887,47362625,34125775,44364115,49711284
44442569,31811178,32538849,30609082,48319097,48351628
46329470,42075477,47114431,50538514,48308701,64729655
42445213,818042131,794425850,759305090,48091726,50608834
45816483,138011516,155472219,138493169,48424430,45660917
45222245,4365537909,4962764472,4549532357,44931686,54669425
47727913,2673903,4150262,3588528,53520562,45737550
43261262,221187870,234400859,226848625,47966128,51635637
44808203,172720627,186622925,163093864,56651757,47844308
62117356,1004414859,1006415101,985549273,65268098,65705806
41575774,3897382211,3730122577,3582603378,45252864,54907524
45169871,5765555089,5671416859,5529891638,47908672,43814280
46635356,94215966,102754428,89496948,48699238,50827534
44292701,548679742,513585842,510009504,55261769,45540902
44080197,65176619,76243693,62920438,48529466,51681000
40224262,26309776,27891339,27183071,47816955,49672465
44958066,128109646,124763015,133284171,48283305,76896366
41192633,392883713,369491059,339506187,45857876,46024334
46000937,8760856,8647414,17818727,55389482,49223911
40968383,1958724489,1943137061,1908688925,43667496,43694208
49181004,27592613502,33784868292,33670586677,54552924,49656877
44287347,681841527,725551594,700513932,69453805,53427036
44223109,538215380,591990570,556908939,43325812,45476240
43127226,8368642,6463290,6253935,53652975,49094075
42778584,50364280,54613158,62157747,46871918,47545163
44577953,105193812,92851543,84832453,52485670,51985913
42118840,565257114,502285510,503840372,45149699,44244011
41988646,1063840067,947134591,946777890,55326539,47719470
43048877,1556545585,1479027309,1477401271,55171047,51433261
43074442,9190069708,9405003989,9052548982,43287876,42549064
42760066,174746394,166749414,164724926,48641898,50515272
40451432,7920594196,7610593262,7420516738,43233107,43150080
44229800,6650951836,6465969343,6450400688,48973410,48914682
42264218,8047486693,7793420178,7862491929,58365889,42857285
43027829,92692784,87775844,85598857,47578725,53889490
42184415,149233910,150756336,150967386,47171989,51689640
43800617,1166398214,1112739902,1081055860,45256119,44376646
54763733,103266138,97197005,101170197,66675137,63772906
47335067,18317919044,19130241235,17693932113,41322031,57385428
43247559,326715291,308272399,305741808,46457181,59956968
47087416,751989755,774501668,759541197,41644917,48892546
66073404,992845373,788586376,793194036,62769870,55955883
77631121,1061440261,1100661224,1096962623,49322914,74347395
43276926,181362138,189755637,176903709,45904500,41471499
40487271,1118229912,1065247472,1044947657,44741202,50836031
38616489,719939300,714981941,696642175,46147528,43493149
46748175,3436248556,2792059211,2757555940,46043208,51909189
42178962,26534777,24994076,24701086,45642905,50489563
39077242,1142681489,1089835879,1059555013,42888728,49727595
44452389,419263309,389030791,389505342,45676946,46819191
39868613,10241419704,10241117314,10133925686,44326474,46132923
42044929,1881448895,1897314682,1865938361,59026723,53089199
43366568,13054678,12303932,19309545,54952015,52927595
41109269,794529058,787117462,761302481,47826793,41879389
45114441,94676504,93110972,99691859,50887571,48347206
39419130,33687107,24784545,24156550,42011563,41064412
44621289,1417359169,1283535699,1268841323,49534344,48574610
37831700,437414425,428809531,416200552,44636593,53517789
41773490,14895434,14905971,14242970,43322213,41964230
37767837,53424613,38270090,36907953,41990295,45886446
40409985,5741521695,5135011982,5013689961,47161455,51111419
45431522,86891644,67318372,64598788,48521594,40109534
40430071,109713915,101946619,112436952,41089579,54501137
46471295,2324727077,2306636952,2228163487,46376724,44098024
44465405,362160762,336805846,337773287,49532856,49647588
39206893,13877214,12696807,12228234,43368336,48949059
40766865,2128606152,1954876518,1902223019,42706429,41485400
41566507,927986803,887422861,853033095,45364412,46862598
41894979,319428218,294527206,293973635,48314465,43463190
37702640,364942144,364890605,345776127,48875517,47456070
41690664,23856613373,28245167934,27379423035,45957381,46678375
38260084,11622008048,12097617040,11554621969,41360519,48842646
40540514,91686561,80091336,79745155,46905059,48095760
37754105,334988830,338195542,334211000,40781869,41959376
44387598,4263273111,4040631203,3954743718,46649392,49919243
41845172,120204726,122336465,112184740,50893754,47443460
38702578,1051346329,909546361,880881627,42868814,48644734
45982470,229899128,203893509,206232649,44398443,41519716
37840693,574179186,561702431,538485854,49275712,48143363
42255499,293225717,263804102,264652238,45627589,46868775
39382924,1446891021,1492574100,1444897897,50284203,42945186
41190230,779034382,694934235,668415174,50164841,45984189
40536373,261472303,252379028,235876793,52325438,45992548
39010459,131439447,131673868,136190941,40683343,49389141
43830000,6278788862,6028432168,5799348715,50905755,43970396
38709481,632369302,628711325,603270751,43099418,42386581
39966946,1034359970,987563814,965432390,59720616,46589077
37146281,1077981312,911733536,876537466,41510812,38902143
39486339,700286830,614263279,595754635,46256498,47279435
40762229,727365491,699588523,684656720,48260268,40189637
37235865,448377051,464240155,447588973,48246190,47612507
41540815,1838292527,1787810484,1742635867,42701257,47471794
38287633,25648074,32223477,21803885,42132796,42367773
44921764,158976012,130418270,127838058,47202444,44957903
38501588,243420215,236466821,238405747,48294118,42053855
47141648,53643696,53334282,42902424,40910702,53118382
40678090,580726512,552273276,553418624,47124999,141476751
41615110,79053377,84291892,73635902,44104600,48501801
46826180,8946952676,8391429139,8078349659,51133698,41011694
38948154,3421564740,3352550849,3192819914,39247419,46136237
38673488,48731744,44592445,42475217,56984930,46278842
41966686,472111938,490630263,466691113,62045681,53118760
50971834,228371149,189445632,193349957,44376894,46178303
40576833,3298928102,3098102464,3068414330,51844616,40308997
36571465,2088455581,1923697911,1914213391,40606490,49125033
41001441,9279824155,9334307337,8980238944,48010223,41349201
41924165,3014203773,2909259210,2803850169,39194058,46184665
39552758,230522551,209705563,213736487,46265014,54625251
37003977,54284261,43555385,41528475,49014256,42514590
39411312,405249989,475144662,425385724,40159586,47531629
43505348,232668863,219861995,211165375,47932275,40800434
36903509,32142063,31254471,22452727,45169078,52209011
39940711,121264841,125401679,116564676,49182334,44122164
37960706,445875940,423814382,405503207,46123359,52891823
41131052,231347159,229494792,223517525,40078992,49904191
41161492,1032710457,1003914261,967337666,52112139,39798171
37293418,6414941527,6164154788,7204377850,46071610,45938426
38279750,140214169,146205439,128017825,48104052,43278933
37772492,126883947,110892983,103444259,40760856,46164987
39394430,263734641,250120869,250065012,46184623,47069951
43615177,1571685188,1547876759,1582068458,45007557,39619339
39442413,928622289,1285059386,935770240,45304993,57856992
39567126,1982307824,2176007581,1921756686,49244495,40536682
37849053,530743070,561029721,547467004,40094634,50888158
40086552,105092156,97472084,89173747,51855029,45074367
36450190,240801718,239677095,241663905,41159152,51513484
38676920,140582793,116234487,134210817,46316249,51926025
40683218,431319655,480105560,475122112,53878558,45475769
39553473,861827031,878406694,824042030,45314486,45261243
39482673,2668002420,2877150818,3226365469,50487652,41127714
37265012,1885521062,1883913284,1962680977,41457274,52096878
49739767,679179694,614618051,571960595,45938767,48075145
35739386,100042562,107760856,102895263,46765557,43902885
38287843,855174713,826841806,799668763,45487907,50514720
39207214,33815223,33931743,32190345,46696917,41758813
39272518,2004714651,1974826458,1917449312,39268710,46716956
38917843,270868816,260481641,260360466,46439194,39577914
44706145,8742859844,8993866140,8577890581,49610212,69033929
52142560,8320596,9471852,9336882,58459698,64330468
38405784,8996308,8454386,8063314,38093148,41238146
38850238,274955720,232187769,246049217,44542944,45835684
40348314,356605500,350777146,360142529,51758839,46031222
40139981,7944863,9190714,12261272,39253862,45229495
42611318,343078831,292482230,285147836,48836781,46735917
35695110,243418593,238576972,243961863,39735052,39178889
42955610,106201017,107953657,106306883,46334441,48796266
36596259,784589881,783401061,764394074,44078174,39577364
39248054,2460150952,2477838103,2440145522,45786361,44710573
38451180,859019892,825322282,804741205,48952035,44008043
39291749,89299243,86374403,77159522,54445105,51913041
42600372,529736553,535567304,532152651,47047038,47340478
36987565,42120130,49567558,36054186,38989268,46844189
38810419,2283212920,2199267494,2152603778,43055134,45089613
40149634,1818231005,1591980375,1558280630,39882573,45230785
38088843,287472770,279871278,268399832,54569366,49566148
35853686,2047036213,2047997591,2043013446,51985570,55135788
39472200,361227225,333001245,324225035,39579288,44336320
39777118,3409116671,3506225336,3362850025,43572672,45797799
37371366,80992196,87479945,73383644,45805279,38715104
38591728,579155710,570628980,556655822,42038765,51190608
38498714,121770518,117704729,110689335,38071642,37510085
41482164,81370284,68737099,66222702,44645434,47926586
37766563,63246688,48236082,53672601,43961582,58235506
44274059,220765782,207431639,201173775,38768493,38706174
39395587,5649313280,5679012936,5385319764,43210168,45892051
38189501,108263952,112303390,110295662,38943309,44699520
45487350,57811024,63219294,64837959,47260081,45503472
38480946,776951588,756673530,733347253,44386679,51389558
40951358,960484913,948663417,923779536,45170659,37828213
36505656,1212752644,1209696966,1171415052,47805001,46874157
43384700,826668900,863958496,818071796,39336255,39581032
42880837,10503439917,11833306164,11176439227,43278385,47528508
37839721,393532763,427357430,408781369,40448706,39034845
38383682,4268678886,4339405542,4164467451,49364871,45791825
37978892,16176353759,19553525846,18731451706,41403402,49156929
41687939,5815702227,5959287762,5776367264,41640640,44151004
40770842,1447322493,1497637750,1434023274,42592006,53625089
39488560,1853511450,1941558345,1829373319,40116391,40315565
38123787,1004178450,1286461713,924132989,48979957,45587043
36546963,420372750,495141714,454814244,37562253,36932841
40023386,14398315,13109009,12651400,42995916,46251892
36945857,245299160,215227011,201111567,45175633,45446815
39979283,802781485,741831110,727963966,42856607,37844553
41895365,2032007496,2025738427,1927732547,43862918,43369881
37484188,39019684,34940723,33739809,42564935,38253776
40976508,325184439,330536297,331619369,48321987,47597264
34969802,61855123,53996598,52111756,41604414,53758797
38814735,56789413,59586700,52000049,43796795,53015197
37258625,1319406496,1386640020,1341285763,48874852,45775885
45488733,271201496,274085161,281579303,40246669,38958739
38775746,359780058,378301300,363779004,42301483,44594306
40878929,190080765,196499010,199991156,38520124,39275027
37256603,42276583,43342760,41887318,46712689,45258867
36053073,419679423,419908985,404426396,38102776,54857948
41185931,3650159707,3579968909,3490308327,43343075,38691009
44871477,662303057,702959169,673853053,47292329,44498772
41787377,7999028913,8068325599,7834547248,37056050,38737714
39582308,2354424795,2766782731,2336164484,41871513,48108535
38653652,1504320108,1662149657,1323130884,37359036,38510368
41347708,17897594,16549471,25427816,43750886,49746014
38359414,10078773,11232907,8597449,39348239,46140814
37752872,307318208,375665736,296346038,42400263,42891764
35626616,196864039,211028794,182054019,64061825,44334412
38999966,115954116,155038202,113618894,38409176,46399541
40374344,641106045,756436710,618705918,47322595,56684840
35945749,102869926,105527324,82221018,37383370,43580118
38595031,736500235,961376091,765559720,52703993,44666126
35740689,4441448146,6116037543,4384464399,38294301,41823532
39657755,127140636,139870109,118284521,42627011,45328482
38926128,52471478,72116986,54921968,42908666,46671397
39885386,2324620271,2911710751,2284939083,38756591,47252430
42474260,95356675,98370235,83822864,43631472,47115549
42646000,11801754,13222890,9618649,37818797,38054065
42310851,2975962020,3902535000,2938126079,52200009,44047454
40295517,20490445,20965947,19302439,39391192,39514749
37797626,1287138804,1502187463,1154556760,43814192,49343992
37924412,105889522,104659937,96802126,45688247,40449705
38922018,1425341254,1653664635,1322956837,42983355,49332783
39794472,223339942,264700886,208561221,52899948,51118791
42793810,303251028,346517164,299450745,45825915,39351615
41335430,1182172932,1492655860,1213660050,53123996,45497277
38557496,8146433,12116637,8876821,38259927,39071462
42030537,646427110,867150181,657148794,49896810,46737503
42549022,3477653776,4732378170,3448239404,42953467,39548025
40248157,945851776,1177925097,946454560,42525616,44851825
45146788,19972644930,29113812817,21549764036,50949889,46088517
35146614,569814814,567394464,521332042,39382247,41704107
40143147,1593741764,1703006486,1497635092,42209560,46359385
39778991,15079636,6914705,6639091,38339081,42510252
44078379,1185636349,1325533285,1170573779,43645238,46905182
35684049,309835042,329047187,318313412,44635879,44430005
40112981,4469480018,4681918088,3948603141,38006050,44139678
37333672,314816235,308336154,293078906,46267596,58111580
35055223,111601632,112443274,93885135,38564376,40479322
49646718,129335507,134193157,125160694,47447542,45142789
35437509,1299303029,1375799174,1246383668,46501672,39257411
39900853,159799860,180609679,172164515,58746732,57002766
35131093,115821696,120590933,101734475,41044702,40460053
37252091,21658535,16673958,14556822,38854753,51898665
40514816,612308999,571384028,528130911,40235619,46116881
35243988,302640703,339337692,310518363,38554262,41735641
38292764,4079357110,4574319394,3818229092,41050881,48942977
38256109,1489302534,1546806975,1380190362,40318968,42504290
39402653,86677110,86786729,76515473,44674284,44265522
36780823,135821717,133530245,123345938,42813411,52282187
45200551,1168935754,1236384609,1095658171,38244879,39553050
63253334,448840655,449974984,391415248,40915294,46998581
41025773,1907081148,1906608248,1672027348,38872339,36723874
38269250,768290336,832923289,736584290,42815501,50269177
37258743,197297702,215467229,185582171,37569850,37245517
38763782,12814186623,16496328584,12974944324,43569374,54988005
38889030,2126895990,2176530698,1935089385,43154297,45214800
37199693,8901672075,10314815652,8318544199,38308475,49333617
39378036,3577767522,4090595664,3472305736,46192811,37418657
36032643,237820914,235822492,222514737,52209876,48835915
40698996,1567918125,1783435080,1573756454,47372060,36442660
36091759,602104247,582904038,519994293,38048443,46650540
41092622,43886048,47593614,47515974,50374132,38378437
40223962,105780833,123290981,96610287,42972433,50508502
35185809,308629107,348690522,311479308,38970590,43239550
38679633,12999150017,13870759871,10856295695,43456356,38821228
34659069,6739267860,7826770572,7415577440,39322291,46906019
49421174,66845954936,108527473433,88466537959,44647246,38087814
41861883,1585871824,1761290244,1547662233,38317508,43232490
38598444,183653947,207686670,189111094,43900819,52838090
41363062,6129561425,6818977727,5482859558,43618588,56345809
35740269,2125103453,2239429942,1928591419,37819193,52559982
38766411,12309182873,15722027010,11980914022,45612778,48055416
36695198,12991270612,16922530419,13464482789,38336432,45739293
40025436,15614699,15097486,14315831,45292383,41013234
36173394,4677860919,5303809068,4477674923,53998451,51830862
39814718,2539457763,2685060837,2266515282,38852541,46349339
45606747,123477998,109294627,101409857,45163118,54366828
48675183,280774287,286196553,268579661,36260994,45555754
39247415,866607859,972667342,847270319,42993215,39022880
38767626,21445179,20352721,18907864,38656930,49659355
39155195,911036174,924354083,819592485,41614809,54119956
39084270,526855139,524209238,469111073,42565776,38260989
42078188,55285046,60146680,56987017,37610288,51368028
40007746,2101248287,2394514710,2072406743,43361785,43059892
36380233,693536854,726364947,638567597,36800445,45339353
39214092,1354295550,1429013499,1282286803,46256880,47399562
36875091,378015876,378766851,344174394,37254141,44001855
37859085,465326103,495982296,443171978,41920525,113019037
38310073,978753484,1029221934,952304408,42796926,41036564
38226706,3762992765,3914784164,3390919757,44587523,48358908
38212817,13739756,11977445,10872732,41971289,39300879
35646005,1142982594,1211883171,1053535039,37863586,55706130
40049685,20077823,18854858,16113305,51100936,39054830
36526276,139609632,146024418,115973787,40802082,48102287
36887960,743043363,775332874,705493491,54514173,43516452
36644722,3445947264,3782097726,3164790255,42307566,41109346
39012742,92538224,95953549,77423311,39775731,45551127
40619518,1596500518,1661920515,1430875250,42772165,49342524
34850296,256273567,251934256,229125262,40006538,45003207
38205276,506774441,527895744,466153275,42832167,38969637
39552771,2832838774,3116861172,2683274690,48293272,45927868
38297969,385041126,415475512,371221673,49229364,44983496
37661641,1028629896,1085307594,997059073,42496856,38450663
37049116,32167941,42391617,31483327,38129348,45738488
44726400,527313807,589193856,538129190,44682576,41709997
35459233,57734802,56119319,43997529,39426014,52158126
37717966,1263670463,1376241613,1209699281,51644903,44368825
39971922,8050092297,8784265382,7263395756,40293229,39283492
44128211,29896281,31543359,27847779,45954300,43880826
34621617,124415563,118622579,108745393,43340826,47421414
39568985,3183466506,3393018897,2931590436,39347373,45292715
37334429,231100064,207706059,187587766,64403261,38453879
35078856,1606108173,1792804951,1588730620,41521376,43807693
45874460,366879412,401127140,356370979,41733878,45279082
36986455,1047262589,1050384808,953578981,47683139,38618266
39876466,2192103201,2193972809,1972925797,46289322,45150521
43452209,182078857,181582608,176480163,46966686,38299439
41875874,67329987110,102809087395,87404718580,36432649,46114955
41830880,607843041,642202507,574425639,48698662,37948529
45135482,285782596,267377799,226332298,37363659,50590945
48300008,16540760,18303209,15053150,47200510,42793316
39235500,1455811388,1510632771,1307874698,41246770,38384852
40474948,28807829934,42392968819,34222198495,42698694,44615143
43831111,122309380,141051586,121318540,45875054,39685629
34747409,518686568,621698590,540433147,35783351,43715364
39088428,270305037,288182643,243007842,41069853,44164807
36615443,244300650,252371823,246263426,42214335,42840813
38019943,4420400,5570361,10941731,43576002,42905820
36946068,699263058,830590547,797017897,42937971,44504967
38551536,2100782977,2551616359,2090881618,38751122,45320975
41857963,211207660,268724131,236094189,44037291,37773277
43237709,190148238,207831799,166061293,39423880,43659843
39700513,638812331,713331834,603053058,41329850,40439489
34976354,283367801,308007724,257083983,38294877,55681269
38962772,462053146,521856285,457911134,55592915,56583892
41978491,727980321,817837306,722255975,42636559,45464970
48348021,6546139616,7521055186,6341890844,37877049,48780268
43653550,180666457,171922467,151838462,42873526,41142833
39051739,94921400,77020942,71190775,36302923,46528704
44796343,104080374,92928946,86104264,55420719,49260673
39110585,2117188897,2173070081,1973931655,38524681,38726774
37813917,246794702,251759020,221276227,49327853,53068467
36587105,203376084,204579602,195563820,43090369,39331427
48135920,234385311,251107745,233993733,38703391,43270351
40294309,46880133,46572200,42867394,41902618,46658293
36038325,2481809569,2600406870,2290854566,39056145,48673120
39576019,235623511,230299863,211161905,58690073,46220377
39200543,728036492,776845481,736567210,38761085,45933831
38927192,493729710,545947335,481545923,44632261,45316772
36176970,821347274,862210844,806937879,46986458,38562335
37261289,13433846,13777197,12389606,37824323,49122554
43032558,34324231,37915028,33984657,49914968,38304955
34964619,2350519195,2659578369,2373714115,38668377,44530139
40458633,2951313112,2891657590,2553162282,47972845,49170415
37099068,4528333226,4823987167,4190937896,37831648,38665553
37368598,12860062531,17021697130,13495062065,50748256,45732749
36722060,205731263,194152872,185681729,48384417,38642451
40290877,485702264,555520283,492219340,41158423,46008633
41620023,105284141,106162194,100913167,42312001,37938190
34638821,143361279,150082985,127855408,41875964,45808692
39081575,670603913,718695462,640010434,41952322,44124068
37749621,27840924,30413761,27332285,37759387,37753329
41103040,2116586342,2359216138,2040478373,57848045,45187972
39552033,1721532258,1921932713,1703620842,50096972,43832052
40814834,1085592130,1157110756,1018093328,39685446,44208177
42574152,717819998,806383212,720709273,43033276,45029192
36497442,859700391,920253613,838706703,44922984,38360959
43612902,231767704,258046511,221262067,43853713,50488095
35724832,329489321,331804259,310276535,45614794,43611039
38408509,3272746816,3674535974,3223361502,43680762,40396638
43083080,311105923,290237516,262679945,47508655,46198679
38910470,56192048,56485676,53586052,37274977,40415513
38722173,429186499,474405083,429303529,45004470,41884955
36020715,2544247934,2881054325,2598544448,40662216,45800954
37490835,766454460,849930030,780429820,44329151,39660336
36442967,1469568563,1610411995,1467285762,39907944,46750199
37880026,1677598606,1767314265,1569114515,37496632,38665812
40848753,94005495,109448581,98337170,47051976,45008579
35012211,1577731917,1845223307,1592228278,37628279,38161503
38045226,1507129297,1697466255,1473191531,40804124,50274067
41802521,964542840,1047510009,923664443,36631485,48582040
38080851,1371347246,1516215917,1363304035,44117723,50985528
35216641,223785431,262465841,228498633,43010504,38207931
43492900,13434866140,17891692451,13507713300,37048303,44353411
38223996,477699497,540819803,497801209,41690949,38137367
41640199,205109451,198488317,179474775,36742571,45056173
37191249,1705893287,1814732237,1580717383,44700599,39754977
35413894,51530699,55410566,56056629,38114182,44552593
37494692,160435477,176301895,149844553,53608209,46402411
36532494,459094959,434083273,409393476,43872168,38115755
38625160,349461267,376636535,334475860,46882786,45656090
38531582,3087746790,3541185358,3012857901,42077313,45137954
36799606,88559768,87094829,79655130,42500937,47089005
38121060,208784361,213246894,199108781,43002792,38367919
39039994,173445833,172703797,149131689,47742436,49493855
37654836,959306033,961550506,862725964,42185038,43511254
34877014,163335828,164337294,143607549,41583970,41450825
38124863,133849714,129467091,122731523,39272017,43822160
38564935,502566342,531269720,472436817,46848969,40287819
39077570,3276034810,3853368785,3277547987,40759995,50290739
38433888,309228619,325617369,290102616,44712537,48298453
39396284,97602321,90402423,88101575,41428720,37517765
38408859,603275278,708287306,634746220,40501949,51189117
34838172,1010523393,1155223979,989460215,52463663,39294295
43722467,5773691445,6558658860,5466814196,37773379,56424086
38459187,10015382,10580216,10064766,47498552,46329386
36599007,898865752,1034959912,926770252,36861199,43003107
48444531,320278593,327331161,291006435,53989600,49173910
35565653,684269726,758392401,684826414,38415124,38314001
39926045,2007661153,2263434701,1901011358,48978391,51061661
35663892,4530243300,5216619680,4258456754,44204161,37599687
38571377,772297018,843265227,751211261,37426056,49565321
39820073,927358219,994334903,870308795,44996201,47318445
35391658,3564915111,4206461041,3549958555,37582324,39148260
42350003,2801004457,3067790981,2622957476,43140451,44536881
34701943,479685538,532990095,487992890,40020231,39943817
37587164,612817204,701220925,732309093,48019500,44643865
43075064,17320045211,24064469969,18740632971,42380315,46310098
42950419,3478541270,4331128049,3554705458,40721436,38357308
38231100,224935798,251654598,225472052,40907700,44786450
39743195,744008836,832096823,726169812,38796502,36986666
45490554,127227695,122788111,118810053,40331287,44332483
34659657,529787778,604072390,532827126,36040615,39253374
51961453,58228199,62905850,59843015,43246838,44474587
36414776,23806359,22912203,21457722,45129157,42710218
42701514,182117599,194782117,169425469,38651858,37423995
38122071,387788959,414016735,387176361,40794862,47815826
36309020,377690057,424010443,370664494,41793643,36611207
38163295,829179335,924606572,833215474,40992104,40912834
36340301,5543044405,6206971075,5142117430,37161669,37527784
39664393,41562810001,56348283070,44873264045,41177906,41269322
35043706,830575657,892629107,814342926,42846001,46662726
41189232,134523976,134724283,116675475,43409851,39513917
42211052,9460440706,11956530288,9294755548,45282765,48834355
40217587,585543489,608730294,563374115,45131543,39320132
39366574,33294649,29114463,25569493,41716223,44106511
36439815,157662778,170731727,157240448,38209116,37891900
39078393,80588190,82098052,75123710,45668209,44736182
35775633,841670912,914732453,862915792,45384874,42885342
39280101,373951896,411757413,399923786,39740996,37280373
38478767,561669199,599110628,647995291,42775234,59662106
36578489,385255131,433515866,410705282,38419725,37834246
39919237,1071320563,1138606542,1022284296,44608617,44922389
36455432,55550433,61170819,54444304,37077636,38986089
39575648,1691479069,1998522437,1708055992,42319374,47553449
37851026,3394459241,3796642108,3160907323,46273483,45416539
37369046,243389912,239278102,213923543,38206886,40294746
41803761,22913031,23862596,27331509,42690966,44567795
40046102,99996500,99668173,89833015,40308789,41316124
39878546,2057948819,2027204061,1741354402,43013552,45566940
35071034,30580963,26500340,25390331,37526454,49738251
39285330,6756774579,7850445921,6361645330,47329523,43155825
35879788,68200090,82614524,63678705,45359417,47236243
37286718,21904067,20326433,19935375,39544431,47396043
42414507,14482851,11558433,10638013,41905442,45137365
34887768,1244765145,1375156055,1230769823,39622373,38467373
37139305,190919492,193349649,183545222,49508269,44005466
36085076,33676716,36189587,30307857,38346597,45207781
38238745,66066567,73952009,61674527,46478623,41735885
37456173,650132105,749345830,690650452,41379611,43034641
38132979,18853231,17958090,16900682,37168990,37745532
38032901,204127277,220462417,253523838,43009928,45088107
39336759,3056433580,3436779760,2918592957,38562454,38564810
39611615,10795586985,13925337089,10495423041,49665198,40941777
35564131,531025794,573284958,496953513,36197929,41424127
38191422,299938344,292355701,269818096,39584122,42336561
34923436,2349301155,2691093949,2278472555,41207727,45904393
38639202,3359999740,3757959322,3177965843,42905570,41597008
39925385,193263875,189234618,171432925,41279767,44108941
36824470,21194628,19612056,20980848,48220492,37118617
38832332,12987779127,17512012296,13368018928,45611166,41899169
36273260,1134112883,1253027332,1128387690,46544554,51281168
37555468,349871596,364810356,345125040,43649738,44755452
37498308,34918563,32277883,27911404,40836180,43657262
35184799,165575192,188506486,168179341,47617379,38678950
39827196,230259106,243757025,224372593,42858932,48507783
37387924,1168880860,1250808229,1109622153,38726308,38989833
37668781,78546503,75213374,73874069,42470877,45415991
35011024,267125235,299162582,275511175,46375554,49600008
41214276,731579927,811601599,729640810,37802399,45058923
37317840,120714218,103762767,95781059,43067587,43511018
41882335,61535133,65254644,68906139,39672133,39128445
36533127,944985592,932063799,872516761,41947221,44679705
34857491,22688915,25202213,22164845,49260922,45634424
39000480,7634158039,8212550238,6730567014,42702169,42941543
34968225,705202927,747983795,711465054,42805439,48774665
40444134,2210081120,2640085072,2257210189,38499044,39225267
37873285,34649855,29302926,38066940,58450899,44519974
39071469,1204172221,1195802830,1051630832,36761499,40127830
37516049,819487632,772980698,681123332,41714683,46045400
41355880,421435816,456141497,425776352,38855113,44330444
39809278,785586718,867515436,788587089,42991921,38202134
35967916,1817775778,2005912147,1817711609,41450396,58201756
41421308,388011785,358789792,330702698,37640511,36685436
40968620,11584821192,14980395944,11421070883,43978410,48233733
35671719,60653333,61009514,60350135,44532293,45136701
37559573,3461836699,3765292492,3125469585,50852126,37451007
40654319,403353872,423414488,401821188,36854988,43124398
38378024,120841552,123733607,110651876,41955432,38243225
34895069,47802643,40388466,34575699,43719800,48251026
39513325,178986837,188351797,179983885,39135442,38607963
39377617,10109191714,13433824327,10325810116,41889148,50112848
35280674,192688933,219471053,203228136,38213619,46001942
37961410,5250717510,6393946343,5208188660,41428396,44328578
35358226,2439120831,2789974403,2365768680,36685771,43122350
37702929,163897846,170043364,154153189,50129482,41065292
36269719,1338866275,1431084999,1264882148,40816732,43553925
42611184,1561952848,1801130839,1550312335,38165900,38764494
37438303,4560531,5360113,18075130,48281001,43866261
35525050,208047466,205023297,178264025,41688089,47137451
52954554,231054572,234537744,207638619,45456098,41326774
34047578,1117598361,1129925232,1006353864,42802231,43139329
37624856,73022343,83704731,83017058,50936475,38163513
35539058,2151797096,2523149160,2291272294,42360902,49906396
38557183,374490460,405104379,355043946,40248366,46367878
42857207,608715387,705238140,620621105,42185086,55941377
39034297,488327540,527020837,465079293,38313726,44880872
40036139,5195637128,6311567660,5009311837,42408371,41661476
37734530,258386271,271875899,244068119,47793737,50488102
38749645,408848148,418844717,374179910,37754748,42593201
35435614,286696559,313108399,286415289,42824870,38678804
42612109,164698446,163672787,146895181,37347739,52016673
37910367,146852811,146520599,136850545,41070133,40259045
36800790,300563541,357416109,339650290,54796665,45416904
40564837,11292806,12435016,10181216,42470565,38979987
35160558,7484490179,9439785636,7474472484,44744880,44950617
43416866,372369059,406183051,364624176,42951989,47819678
37124416,317323393,370661389,330256483,44371833,36891170
37901271,3269212327,3959025032,3258325672,38432837,58200980
38072586,781665012,836751345,759887418,44599875,37765915
36138082,167918985,195100360,194681803,37393045,44868870
42083612,4693174285,5347744371,4426102025,41715958,43258453
36228459,44792917,54181766,34712421,43402418,38439608
37608254,3893746228,4496335032,3919649935,38004723,43282137
35447308,17207779869,19956155972,18911945362,47170546,36448424
37515597,1796025739,2032192206,1669683933,40034817,44967361
37560135,544370356,509205752,495221585,46175842,38122586
41685228,652673278,602971221,589972280,37103171,49507864
37452405,38540560,31256611,30149390,43526215,43119342
36792800,1093885076,1092048284,1056474740,42831872,38483917
37130948,1703991738,1565879572,1527853896,55431215,51335357
39206870,5500700086,5328798719,5171083619,41352531,38519079
41833902,87549799,109381807,95904995,39263653,43659835
37348936,7340079098,7338290273,6952709477,41113580,37243891
33864555,2615169365,2845139525,2581467331,44721757,60642392
41152400,559752523,658361873,529969932,40453231,53434544
37215746,27973682,34648050,26194342,41340843,39187796
38048539,914688257,1097705931,868899785,41868102,46510828
34819843,292156914,344097524,288703636,46912529,39282429
36869262,258556797,305026905,241733833,37691767,44446628
43645548,2889815723,3471725973,2768092573,48807605,39863904
35961157,1957976236,2335472586,1892368835,44018284,51454041
39223519,7085308043,9367108599,6800598267,44961342,50479626
36737038,22948070956,27124611410,18695869484,41260430,46007065
42197929,5952465690,8394178258,5454569421,40692645,47036240
35751964,17485136,20844464,15441728,40595304,37671449
42191764,4115456679,6290227151,3924716482,43228654,42971290
36923914,9522367,10113870,7006732,44668336,38223777
34385981,1814657740,2385415968,1730508243,44870554,43109788
38808771,1461999824,1875268306,1485304835,42481337,43846106
35630337,164291922,189036751,162423814,51507895,38568936
38211801,84801192,94744450,83192337,36215442,43751009
36892826,656156474,711650971,611456075,47908507,36726856
35507545,14688882482,23828748721,15240919233,37555083,52562965
43571827,2425369761,2829140584,2229599904,49006644,39617297
34787816,13770642086,20641014469,13140421016,41137335,43220049
36882096,1387188456,1626734004,1283766217,43658957,42641845
40817441,655739826,707420952,588776496,41374451,46638105
37346814,72963618,75980249,66621528,37585746,43024890
40249668,1780347699,2262432427,1736230565,47927775,42940563
35434592,1213311515,1333700913,1080079843,37220396,59986428
42006719,1095285536,1188105919,1024382395,48687786,37853598
37516067,452662042,548875576,441525760,42643159,44233041
39715456,5298348456,7339031292,4862053678,39571291,44586996
36020725,12459505870,20035389730,12038946971,50428173,42663536
41359138,1342399656,1611864732,1268794496,53916365,43020270
38131701,2717747416,3755687704,2785739081,42121243,38452863
37569562,21716059,19027127,18729558,39430474,49449762
38799458,126889090,148057309,120811219,43107761,45374003
33984833,727154291,862574454,713829732,39799637,39766397
42371030,73892252913,151052024091,106288227433,39555926,44237061
37597732,4025679930,5329459902,3745117105,40901195,38901061
38647685,1100585880,1210405124,1015383351,38070590,53973737
38431734,214918381,223464172,196467151,46939085,38770165
35180147,1902668013,2208022423,1722055437,37065353,43876967
39083236,77325924,85196872,86505123,43211307,46550544
36457185,363251358,404438044,328986549,41380062,36677716
41878283,1121941716,1282173068,1058373990,37243208,47249059
35213189,5202522533,7671244512,5143006253,41888000,36819167
39052286,4431220650,6126899181,4286855600,39249563,43793803
44627172,12577339,10053141,8324624,40908003,37087793
34650990,4384049018,5893184889,4113736108,37795290,43379259
38179429,180040609,149477465,141135590,39614134,45984935
41120958,76655392,78935049,72347818,40589828,47493912
39004563,4041656823,4240394069,3926232452,38272984,47702111
35879915,453858014,454576388,448808875,44249919,37654416
40477269,1468721898,1400757821,1382245778,37338117,48391094
38280074,32575848,27377561,26537171,43210570,39967173
38414371,102629961,71329163,85742125,39040794,45496973
48070088,419773762,321649043,366873537,46060277,43261112
46329840,171765945,168674566,167129614,46275202,47436796
40799767,700412989,690801897,671959767,39803752,43509457
35113849,64751763,59869435,57746770,44272437,46239510
45059729,17881300362,16601913790,15701936609,45273470,45635717
50315960,22867213187,20885128990,19983514723,48579400,57179219
36963578,203175148,205452927,200657289,43694994,37066444
45080258,45689053,31080450,43275371,45680166,45047781
40843733,26560940,21146759,20607029,42682099,40732684
41671139,140666605,136856373,120824121,40836126,43347132
35015714,1600044551,1602721392,1537256425,40459183,49496358
36476351,15068666,14932504,14475918,45274681,42621253
39336023,403744765,393628111,376485425,59489883,52406894
35570316,185644780,195118477,188405470,44895457,50788808
39331052,479666800,478449253,472243192,36557260,45654049
37172254,1428939233,1249194809,1204932552,53167494,38885583
40269130,967225529,952627639,912022597,36139645,44978002
39488239,551303261,538937668,512048268,44870140,43384463
37310107,372978169,366291596,365771775,37124517,42834113
37039170,45300394,41824872,40670293,48896722,45006274
35999938,3901525763,3698655911,3614149553,42645843,37691996
44667527,473016715,468665382,452824688,39654308,52028671
39145635,335450764,289443784,290890034,57975039,37798799
40037579,1999745147,2109300045,2026670980,46985076,43722106
35149500,463787513,441250976,425066226,41379990,39579927
38646243,430147498,461511311,444478400,38557337,42765310
43602627,389344698,362537619,349721660,43252938,104954891
35515866,1812741372,1756084889,1690892066,47972410,45412091
37956714,3514652188,3320746040,3209298203,37222663,38172206
36634569,2266542687,2403160199,2343145520,58919028,44394667
43479719,154071747,129268974,125946936,43308315,38834669
40552384,24752509,17642354,23184937,48170626,48953334
38691067,2573263448,2497780713,2419216168,37756004,39493281
39666512,58369369,58614589,57375895,46724205,46342506
35235103,24345635009,27692414092,25405801970,40864111,46400118
43371455,661809330,658225522,633799247,36579661,37489178
37592823,1063674485,1060556225,1025041585,49695060,45305661
39312121,39371175,35478766,34863693,39050810,42384774
34782203,228219858,217434017,211135784,43372558,43042142
37053305,316920450,304724503,301477642,38553518,41431451
37285808,56030527,38544274,37516322,48701804,45117579
37039850,1084977044,1096090791,1061409426,42359629,45855920
37573320,13976316171,15517974037,15239130971,38449466,37454106
34557360,39901209,20537577,21076837,46158047,45839851
38472940,1013859217,982110711,990641998,70019926,37228621
34259123,330379657,277205714,275981575,56480735,57125435
37446491,727484832,661526985,643790194,47948180,41666906
38504556,7115315187,7269250527,7179539831,39825507,49221274
34164666,328433523,331494874,334698824,40717423,43660486
40694915,112858905,112081426,106794046,38948251,42652086
35737187,1398972884,1307394170,1273742271,48822222,47267849
40908267,5252382533,5348461312,5064536841,37651700,38284775
36770166,65130225,67330489,64983617,41655896,43469710
36742180,372256235,319438256,314907817,44231453,45020394
40761430,111368396,115140072,106517035,42307949,38176420
35793831,820957348,766176928,738483222,42257395,44141870
42658703,285062862,311229771,301979894,40147206,38324992
37091003,508523436,496598251,478681932,42241581,48924978
42870902,1871823893,1787534809,1756073082,36021448,45280500
40241150,4817072,6043610,5784486,41817020,37938352
35089798,7070016764,6930225191,6689484330,39091263,46629275
39227553,593841316,561082510,551493528,41081976,37978286
34554307,732369091,704060283,674066866,41344704,43557965
44929687,3578660789,3500219396,3439877633,42514287,38785597
59387634,63547534,66002133,65030018,43384187,53471814
42889181,17115208465,21157513620,20964043000,46246694,51427099
40370287,393179363,375625417,364890587,47665359,40498331
38868279,502900864,509907626,509390264,50002291,44774959
40862257,1268152065,1252148435,1218523316,37532909,41882265
33600818,119702775,112177423,105989204,48253750,50300307
37601524,53123135,47693030,46828621,40129784,40382928
35565672,3164028446,2952253977,2923007801,42941628,46187596
45335547,2893570424,2499322922,2458594041,40156507,45753793
39318317,1332752453,1333107950,1292892449,46424379,39840477
34808474,3969550698,3870990237,3819643649,45656574,52844785
40617543,11609911686,12252255935,12202179138,37102421,37361707
35245533,1858904717,1670765255,1640717440,49639204,54100615
36976673,57652705,42304070,41762477,41884838,39278770
34094541,114865862,110192109,109167207,42531836,42617950
39640572,358599332,350850635,336202372,38159896,46102116
38046315,3019925221,2946296672,2881636453,47675370,40161848
35792371,7036063,5928938,5860523,55376293,51955584
37308599,106761147,90523839,84855143,43011976,39053229
34264865,1622158640,1582407319,1566391123,40939296,43094981
38027650,3678333628,3548499966,3590657146,39248615,43774026
36084723,3060465138,2988512558,2957480577,40920784,36788332
38629374,4358781194,4114608788,4012830604,37587933,54859901
38902293,15142843,17468728,12338957,46537123,37921678
35428204,442903473,464552981,449653271,46322827,48542875
42172505,246290380,224206187,232469669,37977552,38512347
36214261,6011764842,5947821223,5812296775,46100209,55332695
42933558,208844202,188608138,188247957,39506414,47353238
39294696,437109313,407882612,388672823,42758302,37381686
36611928,17666072,13003976,12068889,37084845,45358914
37444530,12151997046,12999715464,12308639846,49073270,37356337
35521588,1313200217,1336367954,1696268583,41916867,50818968
36847843,710561623,694434179,821769715,37414707,64847967
35241889,171702768,155643434,164034555,42959081,52544517
37093035,1088347851,1106512231,1350686040,41277461,45181402
35328917,3970517945,3962661848,3978190344,53988585,37347581
41357722,594981572,564312059,549727665,38608485,45904787
41811754,1735763630,1848006432,1814979305,46608011,41648123
36343968,205908195,188331845,189984663,48348117,43787400
36783618,907717167,940849271,908960563,41668107,38186592
33664205,642742085,569090882,549879286,44022846,45660234
39999616,10396366121,11744092384,10224438852,38628689,44484368
35556832,423317895,433616091,407653954,48461592,39526920
39327861,4533719588,4735310116,4257060274,38944068,45289270
37931138,72055650,86104994,77268669,44973971,38002420
36016247,324574986,316947384,306005403,42950193,44891653
41941814,2292779,3111682,3171697,35405705,38503564
44098860,174639930,168163650,173279665,47954850,50766529
42759326,319147497,337775798,320475535,37856135,45596368
34399053,2001746551,1769518396,1838002109,41832673,46982848
47755642,418750898,418791038,403889284,40957071,42529750
36552221,2849046,3227396,3271847,38404262,39256360
36260923,9434488,7900968,7766091,52580333,64583982
36921453,213717370,199715111,196017138,41467564,44124560
35487369,359428663,402021976,385975776,52565352,39016135
52304233,416552178,376052980,370179482,36663164,52824967
35758053,254669880,280028882,257926397,45648759,44349435
38671503,13897744,14595616,14210634,42717161,58635705
39856551,93960819,95365373,98147158,43693928,37789088
35814912,334327281,307737821,312153026,43746145,52399087
39306824,7515239904,7557605670,7248704491,36946250,95233976
34459105,22925602,24105128,36483101,46951005,38261697
45102310,1162689224,1202107351,1163631489,36829450,53581844
34930742,443794467,472121307,476125246,45134631,47276170
40535344,4463660460,4261577631,4212710504,42191077,37575410
36819389,106972254,92691172,89941032,38244288,43320094
33818466,1056741334,1061124225,1042375313,41653056,39700704
42806007,21391017088,27258544779,25410837497,41581280,43225948
35321124,41901001,47863867,42131707,44939480,44805269
37034369,589434825,585923543,561969511,37215363,38349081
34597305,1327831515,1354859460,1353518286,44204311,42802607
36508536,191949866,209912253,216795659,54895596,38052184
39292041,26013633806,33137298409,34017084410,38833198,44178042
34975753,271978702,252077113,264072056,43119426,38200635
37522795,2553770340,2482550622,2420809033,37576267,54147655
35130707,423883950,368914555,356455230,64240309,43784304
37682524,439041394,394735397,399378425,38857001,39536619
56651969,38832418,37827518,36709130,44702067,47218770
42033896,892549810,770666957,781264278,41160166,45600446
38198851,37388343029,47605747563,46142125083,39908495,44738297
36458564,320009238,311103862,308781177,42684866,39026076
37664850,1141732278,1209711617,1322939784,37052028,43170072
35661309,1220547744,1252799459,1468397281,41153738,43953557
38403217,19915441,19322888,19175843,40102220,44968180
36420731,66076976,68790521,68274988,48321767,52311640
37413228,598339566,637087573,681915487,40770557,38391224
40576929,52454053,48366407,67824419,41722653,42017386
39707954,560517332,575243817,690363784,41711607,43511766
36337575,5275116,6142141,6453813,41320796,44759938
35760345,417728852,423029542,457715919,42809077,50896014
42727661,7110312912,7338399408,7284665486,43134081,38730092
54208148,759992340,774140575,764670343,36985527,46643483
38883136,1988877104,2013095300,1932843916,49593035,37512653
43377684,80227071,75867142,73721871,36649793,46486220
34043451,176648957,139138830,138723333,51368894,39026561
38146104,1078942925,1088747320,1053194568,36129387,49695454
35640188,321415685,323962641,306835755,44612499,44760311
36629643,144336138,147204073,141768840,43717519,39677028
39841491,12241014583,13468550293,12745825091,37344658,43618359
34618374,137982235,151678112,158978030,46911989,39151420
37902543,3496588172,3061245338,3193058164,35506890,43750056
34982143,573807171,549163177,538233806,41349624,40267828
38495844,14325756878,15965887999,14692569369,40338348,45082690
35376198,89275346,86149474,82881953,43635760,49312297
39388988,46485822,38491361,43447173,50069793,36123876
40089565,525243181,513031869,492258000,36625633,43596178
36727997,875716319,903993476,887392142,42271529,42561993
38812567,30878527,26731639,26355217,37343472,44856472
36662977,1163712590,1167503852,1130146172,40881586,46562766
36439084,1560673092,1627141988,1616560592,37064039,38646081
40327107,61959947,55331964,48511276,51985889,41932710
37327711,34357074047,44256711652,42071841207,42054797,38276225
39766487,1478697144,1520145729,1551331775,37176132,41604644
40171282,448380209,406344624,405802669,47170502,44884391
39462070,1014925187,992367246,966299912,37446635,50439710
34242020,2062891055,2037577960,1976481417,49562998,43898937
37039848,1478552543,1709485922,1472692751,39156631,42514854
36411868,6499740116,8584371280,6161884729,43336324,43778571
43222053,185180711,173536760,171416515,41858791,37863794
38242789,121779703,126335987,115995129,37691757,45116134
36751086,49853960,38857863,38014653,43807729,39255544
38805455,12782756312,14184452163,13382757485,37222679,45201477
33850413,564348962,559197851,543198130,45850384,43117316
44048093,65323512,56727016,55189618,38593641,43553670
34748446,3480176216,3283340685,3174899099,55297013,42886967
36904259,2396190572,2502062824,2448915586,41686945,36799179
44366816,742629814,762073455,735261892,37507167,58833052
40459230,3439657046,3266751163,3156072300,42651821,36718061
42185338,1403472024,1391002918,1344415004,42339898,48359224
34322356,2048906085,1928645970,1889532870,43577689,43498851
40178187,31570964,27856120,27488653,38433046,43226911
40792580,30657104,28117523,35032344,49854559,44022216
36726409,6628088971,6874439671,6643663169,48744375,37737063
43257089,960759768,883581015,865638116,37164643,45788626
33918933,584490403,557063954,540356503,41064824,37410313
36701315,6710799677,6462347043,6397168621,38090931,42669590
39487123,769648384,686288209,668985873,43182607,44910050
36230363,3306682863,3378466910,3283719578,38139166,38746887
37283245,613736215,646588107,640470618,43966904,43852975
39260073,27969492,24389002,23769733,50590398,37242898
39651778,161125615,149146249,145070098,43403789,43233098
35922132,297095077,306560478,306330354,47086004,38484784
42063305,3104881470,2824810611,2911121466,44887142,45644453
33661770,96171156,102972673,91324428,50037101,48699380
35854239,14834071,12568506,12850313,35920258,36806783
35984746,355737355,349096945,349308841,43911671,43931088
40928181,1378745372,1379592607,1355164788,44816414,39805948
41523930,3353449435,3487756295,3471529590,47821498,41259097
36423733,57647296,47037281,48991900,40576561,41893293
42326755,789310038,789080130,821865125,38042409,37609375
34915986,270270384,248868968,258440830,50572092,44581086
43153642,777326057,776738194,793572997,43805779,35707887
33914948,317312637,283642453,270784559,36316493,43619786
40562775,5302548725,5071266572,5108874244,44467064,40726714
40090364,158915578,168629868,161771787,38654388,47785412
37826782,1322228177,1349143405,1322336409,39535566,49862111
38900479,60937927,62639662,61969173,37633294,38231498
35525534,623008639,609374225,597418196,42723951,45294912
36748256,3479018090,3417694585,3349546036,39700977,37399854
35260555,3352952777,3291105648,3153255220,52320314,46948517
36833782,1187423134,1171930554,1141665484,46811737,42512145
37832472,720745245,727395882,710648271,37558147,46160954
34790911,164519265,154714077,150433186,44674280,45108191
39334264,4284167235,4186303332,4152834286,40667777,38823088
36543138,38154626,31450480,30593850,42844392,48883723
36959575,222697452,248182324,239297678,40411467,42884982
35161465,30262261,30393203,29498807,42928892,41850093
44117596,573425971,577778557,564631471,45989237,39293841
41459240,2294139983,2273866501,2217144967,42522252,42570017
37862925,2695931858,2635363965,2596295302,47936445,53167044
39747996,1090861532,1054829925,1040502616,39648422,37588701
37971691,1390915437,1325952567,1329146576,46461230,44329761
37939172,4653750641,4150630385,4195012983,47575000,41822988
40601984,7051727600,6932550333,7084651936,36038819,45673808
36667129,718567886,702550742,735330650,44870501,42597766
36905600,4403522577,4316788724,4364339635,36278446,41644442
34691794,163305982,178649047,178619622,53283441,43392163
38507245,42730487,34971040,43422035,52321844,36846017
33933284,178194619,189700404,185118309,47847148,47161769
41391438,1392649256,1269056791,1256478856,39762616,54785930
39494986,6257227468,5978994700,5892245169,43032783,37816569
36190259,2105567838,2200990957,2135802104,49126266,45055759
39420967,5017368592,4816579908,4726626690,44460714,37910773
38143218,29115560239,34566181006,34644006462,39975900,44106421
36373873,476815028,485947797,469513018,45482866,38552845
35411434,1908289515,1892952907,1815564132,49989843,46795928
40489408,32952003,34258356,41401923,44568654,45614665
37378784,7688774611,7733571447,7662398785,36541171,39053765
41345113,1872958802,1887090942,1850363111,42021932,44963062
37235559,102015192,80142424,77731277,39920606,52980800
33997114,16381825,14417445,19188786,41905796,53725522
38436430,366894716,380327375,362322421,46308839,39347719
36680449,800481583,791724197,777462103,40769568,46218129
40418308,522489399,519638128,507447769,41879758,49541351
35341228,702751546,713895139,673779754,37912665,36956372
44488143,1811298218,1793972995,1755552033,46017185,49377972
38369857,112894423,112199347,106393723,36963089,38260959
34052413,311120853,306311430,293230874,43994535,51386768
40629964,5214776046,5192013517,5115046738,41081178,38479684
35245280,17470389,11717864,11953374,37437225,44404267
38086253,1504554483,1425883046,1431354935,44824043,43113281
40728831,588038453,554942293,527114431,47017625,39190020
34648834,2488248005,2354217758,2317368313,39993513,43547952
36803182,2502398852,2612731888,2570171888,36307041,37558545
34361724,234337950,226465228,225380096,48804129,44697892
36709270,1472280178,1365018891,1320306028,42561674,45558831
36735873,985927651,1012337063,991740781,37146216,44346451
36726979,902087708,874578917,851415544,43578531,52635646
41617194,273104938,275438644,291440938,36176226,36758485
44680423,559402778,620890807,611327139,41352078,43927922
37095953,57487262,55965794,57836983,36885657,37160779
37723458,532599955,489789754,475999532,41373262,44845767
38385001,391236677,400642854,388063580,58733601,42492039
33870037,2383615958,2224290627,2173029347,42282665,38313775
38449454,922557215,877464883,853673646,53459119,48952745
37443843,1850142167,1770959068,1720959535,37643265,43328314
41163284,97882748,98716427,95508299,43042199,41873893
43133399,804980308,743757058,730029901,46865331,37264057
34236090,3712327,4152596,4203196,42066170,54814033
35596638,3035239635,3047635505,3951871079,50565384,42772509
46978760,2151038019,2043938179,2016756765,37631212,37958031
39097386,181583950,180218358,177323010,52834045,46150215
36339870,316211699,289404717,279415962,46062472,47466904
36937925,141593134,145687973,144053952,46039441,48202906
36193373,258988328,265281081,261951679,35735787,44327817
37246610,12026878188,13209058888,11694131127,40421153,37593785
37319130,393560460,363643261,363663027,40400771,43425219
37216926,804462803,816028671,794171411,37558698,36544566
36338039,28601023,23629579,23706893,41053768,50455632
37517082,2115780615,2062046711,2015497501,49644212,43228923
36453618,270214632,253934987,256047780,41912183,42311769
39031128,16527905107,18171243405,18861378319,39285168,44085585
33830556,822206493,794113465,785629929,40455789,41829162
37008555,90413076,84083848,85357822,43872909,42269834
34651848,35365696,37431987,33845384,39239953,37801279
36764126,474388498,439886182,436058136,46574697,44880688
38259950,295153853,277538010,274003091,39013116,41677355
34132508,74030088,54509068,54024717,49483398,36701870
37367070,237352112,230249387,225028907,38187559,46891298
34554881,27895511,23835940,27417133,40422874,41360804
38067916,128555739,141367190,131960645,42089743,44693474
40217985,328382954,294451631,295164509,36976760,37061052
38585177,84985604,80364820,72680208,41986052,43093569
42711266,768046442,704842493,725351021,36741035,52244554
33610568,240327258,203038254,199200848,45761838,45828886
39358885,2100744990,2021336660,1997900693,36704001,46181674
33560056,727693843,678459496,691290217,41155072,37018186
36550698,1788544804,1690307348,1684587619,41101027,43787426
35338127,7767070200,7832788995,7851934338,38348202,43516611
35829472,30126065,26015020,29494996,41692649,42307551
38327127,326498890,327464557,314969310,37517389,42816600
35501644,1560499288,1527846328,1485894588,44038970,39353135
36726020,451000461,401612017,391803582,36249200,44242061
36309843,9250558846,8919144168,8580770029,47691844,47535803
38318091,3754668,4189269,4174592,41487466,43898683
33774542,146582129,135636162,134116821,36065849,47473998
38141649,625739405,605990767,587366852,46256407,43838212
36560564,1823266535,1684318736,1648188668,37827342,45471745
34141910,562771343,552996162,538299615,42797588,36923909
38804642,3493622493,3364101782,3301681148,46523446,53479894
34502047,446890792,385932863,392973294,36249676,100336540
38880830,396664551,380691053,376274976,39397876,40802665
34400932,13216888321,13902681045,13743207663,40602041,45333283
36326861,60224830,59896128,65016164,44384982,37640768
36538921,699859062,595744161,581188486,40486719,47292629
35475342,576040503,523910015,509885486,39410966,43744775
37345537,94174022,77870727,75822042,43636676,38580989
35364439,74420674,59065890,62285984,38215251,46085085
40124711,24150103,23401512,18857440,38789473,42450324
36043352,274966255,271660272,265217318,37175801,41952541
41357310,15725284228,16369602653,15186892657,41598343,38529876
40572861,106693022,85714372,82427083,37653761,47024373
35329492,151131609,142514140,137145563,41413399,44825435
36861643,1752547,2522991,2489637,41067600,38546833
34493922,258249676,259576152,250772202,37342131,42358347
37101061,156851285,154207860,149178098,41090334,43672551
34002992,445807516,399422505,400721905,36029102,43857577
38457139,3003763336,2939549906,2858573871,39842614,47108646
39341283,1868668420,1691505438,1658014935,36976505,38731614
35391311,131435137,117882651,111205851,43118007,45722706
39106598,428383898,368291839,351876355,43411434,43428147
34492575,2986500106,3004563643,2838815181,38648255,47240279
43784838,218241996,210046137,196414923,60347447,36369648
35058254,81223398,84990840,84120165,35832863,47712880
39189507,172771969,175109629,160970041,43960272,43591927
37960866,243407818,256535970,253525272,49104260,37554550
