neo4j_cypher_p_100,neo4j_gremlin_p_100,titan_bdb_untyped_p_100,titan_bdb_typed_p_100,neo4j_gremlinp_1K,titan_bdb_untypedp_1K,titan_bdb_typed_p_1K
161110338,566604154,1313176690,1343126406,27240598,52568681,54236713
2593316623,45671313,111902681,117369199,174678743,448119658,415553079
1266631024,63241370,138673607,134502436,298469828,744161197,727137001
429973358,129674564,312247924,293996281,58684775,129265408,127952891
364276437,168971932,372548399,381138574,11177496,29522250,21674495
2961476978,97422761,160525919,169836182,562109234,1370051383,1399843649
1210417366,306897203,758695672,763765622,1565816350,4321696998,3508056573
4509184703,131442883,360495912,354714430,83308110,378990624,203993080
1828972936,59479545,147984041,141073490,1673812171,4688992911,4408227005
209009968,432610091,1067518449,1046293804,230235276,595038637,600738501
622811046,95796652,220948902,224655113,545668693,1378235475,1325389469
358015743,58846964,156592216,149674558,48733607,119519995,117365701
4242097308,93475970,241598855,234296990,87928724,215933145,211173050
342972197,129483268,308293782,303071120,49878226,128596326,125295165
3827894547,15970778,39071049,39489502,63034605,158568156,146756920
6363203891,133543573,309919193,305136184,140672831,330140772,362085826
3696677298,253853652,631951228,627366927,37454284,96662034,103991264
1486771171,245067832,563747654,557839321,174395510,430906543,442075488
341464550,25874581,57325780,61305630,32994883,93779568,89335225
261193073,268429866,679218665,687792025,23197382,46800599,46275765
1553332819,114911351,297006162,304371176,347340795,839691822,876245662
2066201539,81638909,202033079,213926499,4504404,9887108,14562619
2714642304,26916856,44488961,44189028,28818318,71482131,75732663
2167988514,85289022,214320432,226435706,171870463,423173111,449615061
2146370571,51675011,140845416,135325068,593122071,1391658184,1460097028
1233787986,44562131,106983822,114815840,772244574,1774774343,1746628514
4756185659,78251957,206074476,213998414,495083023,1222449050,1252893521
476791905,10775150,24957363,31704378,44253698,89483274,99368838
6378767806,110399683,283357146,302436528,18585603628,47977796972,49965075679
15151242120,162424217,405244079,384548476,33646661,88209277,88053996
2417808943,158939120,395290231,384469071,809673100,1846569923,1948016586
396271132,40406934,126504564,128587229,140644158,341604887,341608742
1457482104,51115381,125458060,126682160,26169172,66386775,74764074
11595332166,5494327,10117150,10966575,66431337,150266571,146995963
763813500,500631757,1287077648,1254848671,964073127,2322108566,2459717437
401106393,65354590,173032336,159675044,69468442,144084533,149057964
6748427923,95705174,247820036,242719469,267592539,691686667,732990538
306251275,1445900600,3978402954,4049895552,272488517,671754943,686404487
251831946,275765360,648572103,664274155,165521323,406515570,405247596
185672864,130485911,318955985,329282286,16603677,46888999,44771222
241140995,308682688,811079892,840817683,52496659,155094521,146767119
1526887662,182553042,435198050,442947542,27442588,55551604,65905398
6474682566,296849051,689783274,685221554,54397905,135558464,126971498
1366321364,28663754,68041552,63657229,18900033,39296695,39276879
1043977268,90034396,200230175,202493077,169394940,427998427,477025319
352905126,6398517,18034380,13673990,40312754,84067318,88853990
93623261,17255439,46057008,47727250,12346844,35137484,35694969
450104480,21081150,57083675,55704691,180210692,421736177,432532928
239750520,245560972,637143088,639487613,119092243,291269250,290736775
1016771962,34288906,80476932,79979866,28664170,86325356,65431607
130629927,235194241,578330361,604776423,72108863,153141330,162800361
2531385624,1569905,2920525,2854771,162359771,387541177,403556562
87967147,13894772,32392476,38541288,1148881821,2425884656,2519293662
685821425,24878424,61757472,53702577,174215708,450406074,454273250
446107007,247070552,617795797,621521395,445724003,1077169054,1110050433
1258530812,215926830,466548368,578498134,285440917,650688229,648358430
1107137286,629603499,1558992901,1632293477,14623517,37460612,37640032
3562166177,14552147,38821477,37839535,24592904,49505736,53542322
1811981693,121572136,315497005,300251951,582961943,1360919764,1400350354
7153718488,17339808,34872839,36243691,26359933,58974995,62951511
1102954153,7129465,12612381,12603615,432864951,1045773663,1064004977
1230223849,16281796,42985566,42072029,446236928,986795798,1006215326
512117033,256689700,598868023,583937902,245616585,597033955,615071595
5165714145,5303139,12522763,12763087,86916916,222342493,213527479
519561828,119847290,284120823,302884226,81512336,177210086,181591195
1575417422,557487333,1418290206,1360048852,208558722,516488124,506241790
1739914750,112525710,273743817,277243501,167236998,358393342,372781523
4423991037,26516828,61230300,55395824,4741417681,11843019049,12119519272
3383686186,2676618,5640103,5672870,80976186,213480119,245064152
994443431,16853430,46791442,45314646,8660504,18866465,18519331
342528145,30798566,79325102,79867434,21309636,59224149,52071839
159350648,65633929,153707817,155461865,248572896,567512464,590060467
664444462,31170348,70360452,64023579,14836213,41465029,41377267
388983667,154481390,369206539,362878996,522835048,1249617395,1274175675
120464246,358494555,907130751,902813726,147288824,375842755,348891111
1137668820,19271938,49989065,48416047,172705672,463452504,453134350
300097574,361137983,874289164,825923761,43951162,114156515,130858569
1903859783,233642461,583297384,565660698,16812418,32395343,52806853
3233750686,220667154,521677246,519578565,34396771815,75464655873,80477203319
1805332300,26625832,65363771,71838158,29262331,77360681,83114758
1482825433,130665275,317148742,303915516,25278479,73299963,59078302
1071701866,101348644,202988648,207632702,1359487756,3175101844,3397461993
3971228521,51284484,130232537,135523166,9189514,25916370,27838578
2371662760,1527487968,4304567375,3790942153,17513879,47249941,49710012
7687437454,17313557,44018865,39604153,123736085,263253651,284985782
1607338845,104462435,271049349,249391188,124083405,325813927,336624123
874030971,107956718,273554845,258838684,39143298,98361995,104785030
1614540180,209137278,529083082,507093542,6088619,18711835,12731856
523747634,18738100,44420258,40374860,964826123,2113431506,2291014437
1689670598,144071751,358982754,330519248,297772722,722291407,739685853
5123378351,217791098,567517632,533179944,15206427,40252177,42395230
568060410,412765731,949487736,924774516,100461516,249212917,277616152
2080236437,14835015,39650951,38825627,628192208,1453565103,1592823674
442578663,47969946,110677215,107228096,562952993,1142438042,1265707431
406554147,61450912,211528437,156516822,72482349,178637747,193683973
1452323283,401619132,939191121,872778247,17878747,43278743,49645151
536369913,206455605,490694800,469963303,41564973,87755928,92576425
1067990455,10265875,25658849,25598311,4489062837,11455368285,12252688254
4201210331,67264849,158135325,166006460,292274967,669495575,735982254
13667759789,20098473,39058695,42694052,39562134,100906766,108250281
3997340076,5888849,15377622,11543671,83562666,210071512,217946206
1185890555,101993180,253635923,235869909,49116649,122191641,120660276
1439459072,34268620,88673295,84076926,34186826789,72679453868,79884559781
2112128697,8221469,11455473,16289673,75914824,187633856,219278647
1679424662,10041050,20842159,31682219,229195816,514433071,551982203
3237607442,192467916,512544406,525408714,83505446,209219331,218261073
403802554,34111679,85506351,84582534,1424088098,3479798503,3699056693
383388807,104394678,259038028,245007573,84701249,229516130,230606791
1613233957,130427246,295378624,290278899,261209959,565054326,606187673
411625499,60691161,151458911,128627184,217278800,504960262,582258625
1456609257,3254682,7971772,6501496,10531115,28031088,31643931
956962456,95131779,238046034,250296217,54234434,125025956,141157458
1887662551,100249950,237967741,234465955,21869660,50571068,59055339
11109924413,109528306,245383465,239174375,457831690,1097204064,1185764309
4811638854,32831097,86920781,79991264,97847463,250046776,252251358
423894137,477767679,1189082483,1127647536,208593237,483493555,516971562
1246188839,269598485,636291254,615002290,63862426,142579354,161730210
1336467698,17290812,44525066,42113872,17830742,43341975,53303209
1579411720,30103320,66200454,69449553,62714006,163334368,173128593
6537376114,339474690,804417718,754867116,89919151,232551723,243850201
756088536,26376175,71153058,64253878,89688644,212381553,230950482
2107608083,22407306,55799510,55299510,149053859,366329595,387631072
1493494308,62464506,172346762,162525795,20643404,58522548,66706218
4503116468,40144251,101677795,95797274,252592762,582774746,619822741
795525495,30172384,83431107,80854428,102034034,247223573,265415272
15267163277,106951166,260416614,264393032,1125067149,2586143575,2752535790
458338037,213959104,514929232,482904983,64079944,153402199,165621837
4640520530,40230735,109153484,113529404,43693546,107461813,107340823
172411308,12673624,20812527,20616474,8464574,23396631,27577551
326498521,177638943,420429084,408618660,259121933,567238287,602799137
364301528,49086910,117269926,112691799,135796359,441373341,449149295
4329546510,70852700,172354870,163420711,262418453,607338505,650869319
2016103350,63572417,167963822,153682656,145101741,332985821,365697650
590071351,105369905,279493940,251218853,201947772,499626143,507767177
3091741442,37171099,93240936,81867185,190219523,417475891,451665590
794184524,317903392,757382029,718128512,230481980,519709575,582387224
171236941,125308195,316423682,299296119,6866541,18567139,14980082
5355767853,6219535,8285089,8128926,61825282,146451855,166290568
1606829314,9060134,18359751,17473621,144150436,357129611,375627088
5925824188,27219042,68421189,69657920,72690221,165276655,185056383
1175254420,12517445,27863560,30421975,11619157,34066105,28993041
5127694140,244310676,633430473,623944856,174190847,412691409,466752976
2784963443,11964586,28353802,26724484,711289980,1620061140,1752751247
946402557,211823909,525920352,491565738,121729680,312991988,327245359
4252629986,575905978,1520317568,1322368983,5548036,11691150,19447314
4578814371,48672540,126259128,103441213,44341974,104475034,107777596
1188948029,265661537,940676102,629379299,576351951,1384757141,1513722122
2132509702,19471957,55384629,47495377,13949914,36690658,37987953
755414192,435440312,1124400610,1021373521,700592269,1790870730,1951075113
1674103982,47186478,125758505,113643012,142751099,307219020,348147589
1310086358,401212334,1001675670,926965471,285427830940,777276139091,773926811998
436199159,136421809,372566800,306536189,71267482,156505833,157095199
2972233789,114392631,336408551,263978227,756424593,1726530301,1751622704
373046923,24633016,88363073,63169419,649788534,1478664014,1543958777
871041343,44955441,108073549,102089424,135906705,314341088,332731708
429881691,34197074,107628977,89728235,1166339419,2204158661,2334830525
2517948027,16286019,35501913,36612470,838215784,1649186266,1663820974
303872360,42131422,131001318,107442498,190214482,392396995,413398835
5586126403,34641424,96321888,81388538,199121920,390994914,416820136
2023324984,83342911,211320307,196973888,133824380,231411851,228949083
3279877621,75037186,195089608,174871248,461627613,791739656,823086112
4720850832,165209236,445858177,393219303,105337918,218602649,218148990
5018364173,13964803,38806613,34596715,548894962,961357131,1025953915
4010795278,27778259,72100681,64879677,46520833,89496732,104413367
864690393,14987413,39880560,31170651,581072534,1333007746,1364232653
140151900,115064579,249517282,212113994,79701698,184803061,188095994
11730967955,128607665,359384725,320532049,419709412,999479226,1004093768
1845008599,84716993,223847671,197963358,191106665,402380012,434781146
449073296,31748761,80871176,72069039,695391691,1629290653,1751752172
1236904616,19630896,62288501,48116460,1149890210,2904389070,2885818146
1266359717,33764895,82199362,65320476,16250994,45117142,47094630
3977189418,59553290,183091296,149360889,155808615,380414475,367662145
1298296606,176190936,490257727,411578726,350839661,848363215,888834365
895222250,23209598,71486340,50209277,23791279,62925278,67062393
733437109,164603149,406038221,349299746,663724770,1613739691,1721535777
5334814742,157752500,417222854,344359693,30276820,65769109,68285407
471168262,85701250,243233475,189629014,19475570,61642371,58092986
4755190194,74706011,229169945,191652581,17033664,39277019,41132931
3525094782,93806296,239906479,200869240,6923948672,16972890974,17195893658
1116146914,12697835,39785119,32561959,73295354218,157635466177,157421730381
3374527314,247599877,696159360,592400360,223398261,562855865,570895971
420432454,28447479,84184816,76176338,269879502,668409920,683270435
320183917,297278555,948059006,743268045,88365940,228647034,230787176
2281725655,6561152,13629990,9291255,18382862078,50297020677,49894099222
1573184164,4285598,11112153,9665884,61917413,149287693,146714181
11730106224,119136790,348733108,264857643,230964277,491796798,534884575
936636592,70246572,203272634,170346655,8203325,19087260,19510116
387301311,6548266,19637662,19857668,136687898,358342705,352034002
227885603,26698230,81114876,60990075,7575474,19051261,19700350
1013517225,18938573,51659005,46314189,37460660,84984455,85230581
1944975479,41922854,153823596,111753884,206147184,552921565,526264785
4525770941,59819309,193259982,157912725,178556941,455902309,460057664
1831534164,154302911,459776667,369297000,53827425,125528636,115526410
3313375875,163464826,539255750,424089493,108035968,273471173,290225834
463456140,7962129,19836831,22006567,23844687,46293678,46027214
2470075080,103440563,311518813,241405135,29674759,84378011,83268582
1033916196,7320166,30375385,15414321,41623408,81537497,93767133
2852777359,191971418,542298949,425425619,186786534,458953243,521590449
164771179,222515317,625597088,502826022,1006177501,2454219194,2491681956
7181528649,30013707,88778880,68028408,115992108,289237590,289671747
1900953227,221412708,645055587,516224625,1026101982,2396368448,2432821647
2347482502,36347384,120097706,91725073,87671081,230600736,232912236
4818882027,159840964,495535656,381646483,65283980,165816844,175190741
494664272,6479440,15946408,14969836,58400125,133316538,137458326
1503717334,135062984,405814856,304077602,31322531,87544142,88318125
2732883438,14023948,31864262,25267988,469616673,1134434685,1147902052
1949685210,8756430,22467137,20319816,408424098,1015920582,1050299228
1099121103,18284169,69579520,45983308,37906250,78594796,76935188
439656840,92989704,278989710,232025887,65274595,148211293,156737170
3775723052,111901109,297466312,234020116,78621707,196794876,193196160
1025183274,29527283,95119100,72347084,171478887,415243585,442584099
797725584,25816593,85699264,61351138,42236912,89364645,91522861
1052197729,191442030,549903224,458418475,36547172624,76751475751,79273477574
431649281,297762088,749920226,669875999,169237945,375999632,379260712
4852761088,106019957,298008859,254759919,446580920,1087340722,1118452778
1449342082,113320977,292487462,255682106,215317817,581955536,535020230
3903122389,394513246,1053700661,888248104,7948064,16603416,16755509
2707335618,96453550,265011799,229188087,135776030,336852131,334975324
1098590670,176647229,458240231,395939877,30178177,85245937,79503907
1477828906,469552217,1225341309,1044246905,65026249,160363733,152902657
185866800,217003262,578628471,502134640,92344653,220970496,223415890
191054937,92678099,248901092,216846693,103130439,235437263,234210177
1416517810,86490722,222124270,207592190,181418962,418787095,398128420
1137584578,58878144,173439114,136073400,307797951,734357962,762718164
2815870408,34890932,88200712,83414041,36531110,89252904,77300993
509619956,17110036,55387231,55700319,36193085,96034544,91816150
3847128670,18834694,46616347,40175637,86529571,189727175,188220218
4099567299,235910587,675477752,554990605,83014662,182275982,205785868
2065425123,86488626,234459868,201167879,94939303,220440383,225435819
1919664838,11459028,35422299,31063681,65319195,140015114,147231086
997304231,67934938,192541586,160093193,117221633,290156256,297814541
2463849638,10714194,22133373,36771110,7212752,14649528,18890457
1051730587,7239857,20334668,15743128,323137346,814934407,787115337
365136947,110426623,294350106,258726019,1323485375,3093470628,3088862798
7180874445,115545816,313137820,257749878,78372301,178133434,192044682
4225726878,99866842,235596201,199403758,21730307,71331838,65127270
457754403,59588055,150165345,139842380,696998499,1713706307,1752213552
1384486424,6217764,13155973,12670466,17846765,37917005,31666504
1007269515,195610993,499278166,459840946,89487653,242377417,250312688
180697543,169761224,456083814,409387146,92591796,212777065,202753208
7196686400,57440320,161579423,126248920,120615455,280679806,289019810
935452629,334174961,970279496,830749793,262381472,654312028,685066802
1001979881,98482389,260598366,234328023,53040917,122584656,117008265
1469886479,56128651,145383828,127102421,173554251,423485812,438503390
468431407,20356602,64494300,58166846,13023978,37888797,37127373
267622912,11434363,35562057,40244887,27286431,55656838,54728155
117155779,55662587,135855478,100004299,390129216,981774999,987686907
228087618,16585007,45938062,40481161,153817425,379283407,387260880
125630873,30085316,75694360,54294701,236406562,517580655,543615688
87389084,136634568,373921254,320645362,10813270,35774768,33408474
1157047686,9799487,23481209,25458409,356426274,857183683,873787104
376790380,98958249,262965832,232336890,341353888,875843050,904175047
310148643,94383153,246593192,214455839,30750180,88120297,89507448
276781118,18301007,42959471,40975838,20566142,44646175,46501881
1285717151,45954248,129351506,101452817,421943588,1038204878,1106930877
371631951,429916902,1130818964,985437309,32383060,71913204,69345780
352357280,12357558,35503523,31180241,223840215,573472501,580653689
1870624191,8216072,13033530,12430224,143392146,395289364,393817884
92170507,53840329,158350283,128735552,63742379,164826851,159850276
985124043,14530611,12902975,12840740,1161226816,2783864368,2845595829
7855633108,371170364,1050719565,915485963,47936120,102633110,116967551
1466510030,17864996,53220825,45509974,95466306,233163783,243403379
6234075254,109811364,270432750,242908681,9870665,33461504,25038092
1476937215,85994924,226355237,198054702,1150021188,2660311277,2789345151
67478486,43941839,112099399,104197435,177575165,432964359,459507033
4061401546,144320838,368279738,336168368,109737220,273762389,298990581
1043728809,6901179,22683043,16834796,118195342,285717486,294072989
131197403,52979058,136233792,125225686,347741320,816163364,874488364
6012374641,324600831,839740705,725902646,50922003,115598998,128510447
413558183,219723979,573554674,497457085,97866278,255271510,266675719
360560775,819909113,2159837212,1852198703,74104570,184429485,197361712
706713287,34582144,99795179,90240254,97876185,236751235,240959959
937735160,77810527,191249472,183694588,16652942,48020580,45791878
204537177,5312520,14039764,18294808,38287254,80449086,91724649
580989347,130692977,350043457,294105064,406598281,935530806,970580112
1142887720,61206042,163634454,140819531,462828028,1139874279,1169509555
416719177,47260558,107250984,97682130,109759624,261430664,293538346
276640884,77749138,202503743,178158022,40343255,104210728,105000818
2382941318,13055828,44257438,34801591,25624722,46662350,46148813
2402404010,97208636,286854071,231944000,6251597,12763121,20523009
2592282735,41530698,112209256,94218391,6856163,22012795,16021037
2819878030,23630331,68306331,58869357,197725430,467838751,470746134
3448849316,14834604,40732580,33825946,165348132,398369728,419216764
2058509332,13358018,29661460,27877796,64180339,150503610,157511634
150352258,121072851,360378110,315273035,5472510,12998483,20227364
273795717,44670606,121835618,107269347,265511290,666885417,651474370
703493373,143133671,420720310,344981846,23220879,48142721,63330320
442245811,86194448,209828238,194334807,63818133,155237858,156067440
374127018,6191613,22126039,16865059,65437800,149016001,175387830
1735762870,104119089,279954462,235493378,197448278,454740068,499743429
1894712525,463546950,1289219597,1099568731,26561676,68455192,66948000
3164905216,83788441,220232613,194288458,168611569,382594386,389147678
1526371144,206487284,570154697,486248062,65671997,146804953,161522536
74362288,136042977,378488966,307292259,80301809,218468049,190367802
2887254892,25570442,86719323,63535722,9195353,4182749,4430373
2611672606,488327846,1264130633,1110599970,40737804,130576673,133500647
1736704202,46540175,123999600,108155242,51353224,187697915,132876954
1958381876,752454903,2066951810,1765503936,65089546,190125881,176261061
116576158,300914364,782581897,658908428,11559026,45085747,27839772
1657660818,23546455,70812018,61309961,929921770,2243086529,2384395390
1613604048,69753160,185585121,160392678,93904085,216974691,222831121
1424060812,128412958,365672612,326469281,51458110,161591883,173963277
539060449,15083481,43657581,36848734,19921244,32830723,31687591
322816382,101128100,306587580,273635540,3498614,7095048,7067122
437520014,87348477,240126457,206354186,161939342,403959366,435469676
1808412661,834914191,2522388450,2240681030,11554389,36372179,34881170
419261787,276930485,779719958,681377037,297231498,620925215,652117497
1424560550,1393548395,3594104680,3112724243,46878807,132011330,113946222
2536420889,464879639,1214244113,1058870846,584043950,1438025446,1474154426
18011544487,25565912,78244832,62238863,47043550,123547157,131086701
4701238122,421604930,1093602978,953697193,1188916936,3092071719,3196576063
1474112135,53615624,141444686,127377564,458850963,1049353774,1043904361
1137402612,312061442,822349038,722800766,13614763,37327461,35618346
2119929566,313037506,846167610,702489702,15582153,42658179,42198617
428416450,31178097,87395772,71413911,484846519,1170504741,1158993249
4201820958,198916862,495045286,432138260,68299784,172342404,176839056
4097968363,53174552,101066116,93259059,69177330,149319458,143209171
1114126014,12391065,36746221,30112685,187056179,453488845,452973582
4555775826,16755730,50594172,38618773,32772099,67726436,74217282
1345848269,58497424,138466783,125402997,40547378,107118267,99498106
129848934,6688459,15850533,18456076,656834997,1566960741,1531963715
3855681483,34092808,79645599,71336379,67977832,173820823,164109264
4503985903,228234028,580168824,522342349,173445135,432404470,435850640
14396672688,36499253,105583351,91528079,1071456363,2579878734,2539778307
431061549,129153957,307880738,275993528,485990146,1190750689,1139216481
110002566,375557501,1050106618,911143717,43771847,104453250,121727033
990082682,45372248,117991168,95350064,212606335,511663002,491059961
1850441754,33864542,101654935,81777993,40584586,89871121,92744769
221641277,118783839,326764339,291284666,18964696,51199158,58892663
342420711,49764020,123886283,114835320,55010699,138692415,134091260
337013150,118623424,311725687,269610391,29558238,84521828,84921390
680287168,3314771,6981578,6568369,16572065,40356940,35220858
1463016085,48718703,104701504,98649548,54334854,143730810,143377700
4917510283,5701328,18388841,13838514,22285914,46904679,48248417
248723048,57615163,153427286,134874386,12487295,39273595,37781644
352265104,219550504,582771243,493684835,25294812,66526645,62411571
2764061541,139642381,443356533,382797605,382997724,856570879,978312313
4951603354,18860837,42234975,35719723,560678871,1541535223,1519565921
1100984332,82139939,228272722,190433117,107592721,269626671,266868731
1122529899,13667366,34436269,32479081,951433153,2314386959,2331445355
3076275955,52305598,128903899,106961441,18776085,46523653,34707568
2779829723,123524238,318685791,275838614,134180940,424366262,399816720
529840393,46411660,107233909,89421393,18810686,47526593,48335498
1053364378,65464297,164345127,140238144,179479245,432491391,432885924
1253536329,5998926,19253177,13698881,264912117,649382775,659972562
120779046,276592792,723522655,623825624,1266453053,3112655221,3064522198
427502305,17573032,41420845,37321075,57520036,134241076,130116124
441524628,60949767,159337584,150434884,426646884,1201672351,1051880722
6321798941,1309498035,3831793890,3287965662,83554002,229449056,232984004
288951009,4887709,14838670,10062943,55221844,122292144,119339457
1628355005,26782015,59102050,50812293,12566198,57662182,35276605
556345566,205215759,562628904,488357746,51807698,189843345,111512758
2011015676,74650603,192649940,176664749,29669150,121451530,74136392
19200956850,86523394,232492662,200346978,203866955,832908688,508873962
1112516875,194245933,503511818,444596169,57440501,201552645,135250995
456240291,56627412,166598732,141096860,38369703,152358089,121646575
2584811595,109996608,299687379,276683886,252238331023,704379925895,672349568470
6400177846,18428586,50419463,45033142,39331910,93218986,94546771
84013692,1070593647,2962716582,2502843548,9163298,30683928,29333362
10037380727,28604580,76421163,73183811,572601083,1355680927,1389765755
1317192301,23233587,63270462,49251692,20985077,58448107,59263564
2175248168,8198738,23887532,34044466,312915585,754079455,789891216
755277904,294489257,784896487,693192391,204746602,475557888,471788480
1027655631,586185566,1595000761,1357702022,78612427,178532812,187963512
352043478,51317010,135636588,123530120,369908180,1056280858,1019338360
206732836,17601596,46463339,42358616,102861283,256009477,263634951
1588952395,47832668,113915741,100465376,9457021,20605399,21127725
2679028742,33407251,91584401,70540839,166923247,370494863,360866523
1403302789,5738931,17589952,20860921,51044565,113205603,120456460
1559011010,32195403,93183328,77910247,32682527,87394785,85754271
511491539,83719141,203285361,175915142,10140745,25598403,22114327
1133355230,125529639,436845885,396611946,161409617,399730064,401988005
1389922644,17573395,53599712,45638381,1062262081,2384610248,2539543852
1102958440,53809799,145984043,122850897,27888542,72916413,78765241
3427600670,12810199,32273148,27688753,55058126,132322990,135923131
5645000302,62487736,170880275,150284454,1682972093,4389218311,4490315026
5000972385,81286052,212601377,181604661,399451605,934282925,988116114
947106151,158136618,390944522,343338197,870761152,1896624860,1948244157
491291673,37974175,99172570,75912525,93698287,206772220,210288193
1696909166,14164198,41168547,37842355,74202268,160491188,171688716
1999446577,32655337,95995461,79444769,241914399,588486092,594607568
3818543180,223444942,609486652,510326245,295483163,659629458,683875267
718460427,28713636,81484429,67938405,338259280,800724808,819984812
3279088168,29071887,64070101,60951822,252743898,594318260,611092785
551914606,32451056,94869090,81169299,305700546,732920505,735928084
765236683,6527518,18296751,20211291,14172006,34420693,37932086
13772350073,44781509,119213274,88285314,440068908,1042879321,1087183860
1428861945,23993085,67945603,67882785,115527936,276036578,288191371
439622117,147388487,382495220,335135333,7712339,23632660,16030620
467315009,55341886,163373689,142661088,977176297,2260540987,2310489075
1611144766,281264932,724215969,621927136,71264769,174963375,179545513
2799462237,3080616,7192325,6604618,215000737,563838485,549514993
2007451997,16525099,54290318,44295426,48900514,116016876,110728119
4592474892,212830110,542011662,494089175,90871845,244966844,228769296
1590069513,239190311,647317519,580795886,151552961,379414990,403237523
8513643342,390214618,1048529531,905276699,876405964,2032091660,2134973878
950950523,223381427,590938716,497548841,165550297,405615506,406731310
1411599858,39034477,111462232,93980781,168789753,410990082,466581809
524986135,76836411,201333149,178765423,51640856,118561905,118871760
135490144,23135738,64073682,55100176,30470535,71331881,81804513
941304560,15569999,41381079,37270847,46396693,111689432,110671079
368413707,195673265,510030209,472724158,403880637,979350486,1009664133
4885313981,10703866,30547230,28015049,51227275,115090370,126199751
4061233140,88366102,215926701,196523059,109058673,320744384,321200626
1033178417,123496216,283423125,255075363,551137820,1101093822,1115849306
3505853422,195290045,472013293,427431024,7060865,9148477,17742572
368128857,42759680,110882498,95653017,39803148,65497464,66745166
887124585,45238500,122769186,100545391,868229420,1445313875,1412546606
3346761600,14938486,41076855,34988327,7673406,12689241,13163500
4536018568,78657716,220028799,180983942,2180026715,5655953964,5801377266
446019618,120568755,297254548,255538676,1355481200,2589297000,2694794755
210862762,56893004,160707220,148588827,470334095,965157452,983808690
322529583,26662289,86427181,70998139,1334629661,3151347820,3197331215
3564343244,26817051,57733959,53827958,34715016,81840608,81641155
1117341296,73681743,194257274,165116931,138603007,324080505,330411993
322702350,91803702,226834799,192824970,316474218,691760074,741858081
1683434802,166203513,424012767,369050487,319952153,785706017,795501267
1435259470,185923400,496736115,416636205,99131461,212573182,230008940
433833665,12242957,30159145,28757867,49770395,135572733,140988887
714949189,36808969,102658049,83317851,101631357,200880075,209864779
349127641,708016701,1863978752,1603280497,213733142,499634478,528431466
3637678850,276781854,740391304,654315437,60444132,143558772,165773309
6201449622,287838569,993212064,888724822,243439453,518934289,546857081
7950406980,71722804,207447839,173580258,23985404,50471101,50704463
1070833813,365695287,954407614,819782045,24087214,66774413,62815533
1068639369,35830749,98943740,78845090,60905220,151709290,163195030
1284769653,45895838,127562665,104184665,117616691,278006431,286471424
481602747,40400524,97995429,96225378,129786698,331552282,319975174
366867648,13335858,38663799,30538149,45472720,105209648,117054536
15928653759,81963365,229188476,202073329,86258363,207641286,213951474
1631646910,89574323,252692477,203034823,221603281,482287111,494507978
5836090972,40131926,119105662,108493549,237233844,562065434,574999212
213107358,535898409,1400308663,1200871007,161086907,402585998,414670912
299831830,59159298,174937223,145604489,19147977,47706790,45560473
1231741907,30513856,80233858,67298526,98673010,212541848,211984471
1634750568,46160212,135766393,111257242,14906248,33255619,24954160
1016699341,87254353,205439958,180909847,41033957,119305621,120026401
3979969083,75204196,204921652,172700091,88973259,197854168,196393463
1928698729,28853631,89629697,67958023,915025765,2138142605,2185714707
2609900071,173103973,453666219,385283458,18482811,43468112,44016262
481590726,116908533,298179558,261495772,48547568,113884128,111146887
1270344404,194637793,523322182,466451886,15411486,42636273,41087334
3280837924,19516209,52023635,46127529,1071970308,2496320618,2581366368
654757579,41728925,105136136,94823028,21924912,55133507,49916302
11735196550,94895292,256859289,220391251,101607351,242416187,230456629
1474185792,583028626,1841825555,1664942944,88968743,196979526,192374791
2738452641,16776065,52747190,45576710,72837184,183228884,196062211
486029218,50671870,139912011,118329776,376716404,897258670,923856262
332189899,92959638,228704633,197327780,60738410,161585377,146530843
270147514,103084216,237807043,208126019,120572739,303130761,319069275
406167098,116788068,296352777,244370961,19117545843,52596837874,51452399461
228857567,559733354,1475910586,1244595538,62543984,156947017,152494286
5880662859,210242133,556394276,504588197,18859047,49339103,57170400
1113232510,40949112,107636694,98097312,53580543,127907237,127163148
1735297732,127089443,338857826,290137353,51485307,147417146,151351963
1419403846,315504104,817329539,724426059,510667407,1351601250,1390598402
1219645792,37344399,99311340,81847841,304271339,760051148,780787377
1474793876,69116242,154491216,150948583,41349291,103562086,94389386
8146921706,626917057,1525746009,1436154956,25705811,63004362,67975545
1106614194,65871798,152055097,146166993,29531729,58791748,72820251
1719713650,60048407,149373006,129900114,118928280,257572777,269254143
5899516486,74663924,169833731,164111534,73934885,178397344,182152508
1057296430,21462597,59372803,51145792,203242946,482404376,493319682
448704517,113003194,282782645,257971575,161278108,397751856,379959080
419964210,15074239,41910508,40760507,44586242,87905160,85829214
166898954,4634358,16072474,9984541,33045424,84643195,88708080
131694376,22885993,42389450,38882150,113500041,270699967,281005799
713047319,25089515,66575381,63744184,21554310,52776413,54156993
846740262,34880366,84471202,78243342,27650330,55548823,71738377
1659941157,87355038,233859397,208763164,13024029,36045223,30672192
387108888,481688376,1360029943,1268261801,19963943,56672339,68280889
312948133,1349617747,3384945901,3103007226,234839202,535383355,544524701
1429044561,263583619,722807971,645858507,1496112664,3533128694,3612167918
1195365871,82884773,206842706,192393648,68393483,159369852,174530605
1232226440,404714009,993246540,909154635,10479718,30807490,24152730
459585375,29728580,66456394,67683897,2082167693,5565058302,5426844556
950585942,8801140,20301334,19499546,63447622,153472062,149653361
1383028093,34406409,83808796,77793371,4099692,9144688,8763192
4699624573,14966449,43397055,38195670,442538065,1103840929,1131144681
6913458162,87906544,218494319,215960037,67421997,165143659,159163100
2511967940,64434418,140854391,134411804,152155598,353676701,348515422
1961122293,126736231,323597032,297145522,299112868,691396260,669704470
1091440668,88841523,189894297,188668076,31712129,83729343,73938970
3295842051,43573266,88805452,91116056,40385204,96243506,110570815
1510295827,24757029,68792025,62283768,202169259,517352330,500868719
650698277,132489806,312697555,311817562,73455626,206793225,265772598
1044512881,76656683,186631289,199788790,12750889,51213706,47307846
351722042,48875091,123003852,136322606,12032045,41624782,61814925
1350519839,9053758,23076035,22550441,97567055,305892193,373575864
941481433,44620233,104531784,97743881,74530301,208404517,326548417
6039432344,133279561,342299819,318879800,24647210,69156189,97093590
3162299366,14758456,43578783,38532240,16979839,32649222,28798058
4465265229,891177291,2607666014,2545424476,15929297,46145721,50237684
4078968199,8554131,21727602,18023403,27941362,72052425,117420286
1043847717,12345973,44263370,33087380,200327274,535469512,663739801
323898665,13544278,47129563,38059974,74040159,173482888,316169932
1776637973,90429822,189438032,189091602,17372625,48646730,48743836
3838964635,14578772,38413960,36248537,10837189,30516721,23533958
452063699,4788905,10765731,10520455,149763541,357568510,429559189
328481359,7809568,21655532,17210616,12292886,23665892,20363689
1281748449,35682394,77061851,73869053,195497464,485194683,682823299
5489224415,8893613,22260955,25139316,123083750,324080003,404542668
4144057639,45979292,96482257,89577241,134865594,342274019,368506158
1470272698,346353882,804901287,784144229,10409694,26691460,34880713
8524048034,513836904,1277060226,1183007057,215802667,524926133,507264301
1496201151,166731450,415181129,405865620,303465484,817790151,767343555
188576984,28991635,80574720,76135272,90671345,227415587,238179884
4208311689,103727080,261054421,244858090,11942866,34613820,36654619
3077759297,192916374,432005791,425189115,140962794,324116428,340786334
2285794823,58144492,142717344,150685748,93948793,203645801,236176584
828494514,21370572,46968451,44565989,178635617,461091016,453800687
5543618802,422711409,1001468615,969748821,113397053,310334252,333813139
18438671479,272732890,658969855,656183512,107501508,235070335,236859256
2620722208,59998220,143934586,135894571,75377782,156668964,169807328
235055958,26945564,81306258,78025507,444531501,1024983198,1053273176
553223843,122484437,290584328,285933479,164861558,370405384,377744867
1029160643,38378997,98845802,91157722,356227629,665806126,707975672
441255513,114523559,257660150,255883782,540818785,883362934,920048862
1072159809,28490102,60663051,65414189,29110972,69050498,79107361
3473536092,21537895,55599920,56925986,373515815,896091306,974298037
2153885143,168344902,380354633,366658647,45647237,111123492,159359065
519956553,25684689,62423307,63307909,27310397,74824084,87028657
3553453932,23305744,47973202,46031342,3197626,6841358,7062562
413135337,90185922,242537114,220609625,41759347,99688259,109242744
495001107,32980091,59469551,56776335,47839690,113188927,150768554
4546574970,1358015852,3779417785,3573237568,284156170,691455419,823343400
183512505,14793252,33335392,33154182,44217596,98955387,165091522
1450039932,51005911,108370749,100885734,567972290,1317143851,1667031427
2208262440,10238865,37462579,33097051,223396327,587148944,654637813
2070439987,103775383,239758591,229729296,34243999,93953248,117944049
403773331,65070159,164464029,155237873,245644741,590508516,647566519
304127618,113970788,306979858,287159787,79844939,186288821,184018355
2089745356,101620496,270165095,267212000,6980089,16403226,22276889
939175295,394919718,1103260618,975187872,484229136,1157621622,1235940913
389614655,10651274,28935351,23719410,1042892683,2647774325,3796621492
464952556,201862019,476189122,456692108,523582500,1227761651,1272426373
3688174414,10186248,24038783,27118715,467367947,1132596579,1139598753
1031436517,170962332,415688217,763400921,2571699408,7096774819,6595782487
1049376089,121711342,272790880,545314553,4397392,9253371,9201764
374536099,28498376,62468334,129228409,480442219,1148229062,1184736185
181755197,19840272,53662261,84879126,126745223,289804008,300321503
4488661569,27179328,77350681,134235416,417138968,924014288,976561542
1462958599,348958542,785874473,1029933297,32619192,66428230,89258247
1002207541,11557130,25385059,29446000,424451042,997668448,1053585248
7899219881,188416891,465915051,652004990,295338284,715486312,704294757
1070186568,102621112,251244781,363034474,30717063,79209300,80662119
4064492930,41025412,103104468,97777705,38650690,78317850,89627019
376248608,219515925,497763626,480354190,106607632,259062668,263040152
1024618300,216542791,540056448,510642197,252957345,618910355,663005683
65059509,2888732,10915352,6817154,37355432,113306325,117249499
1270449919,33685374,87598456,83541282,464396446,1119365401,1149353781
356493252,25343526,58663518,54940125,166648261,435982056,451062859
1017873452,50694326,127669111,114436439,95283671,227185505,221430121
1872864080,8196103,22642646,28632274,85354021,201698876,202181505
1078486146,84964884,197795279,195491765,76549613,188883890,196236461
2919230678,90768568,219618239,207288472,1828470,3741396,3866450
1528333915,40490386,99196560,92804735,95639321,211355802,227844340
1048033046,38401875,90685217,97987816,1235640949,3162926646,4316859110
2146720751,280389732,640452520,658279438,44877071,88639330,78850158
2503816607,22384223,56658313,61104912,979047039,2529585814,2583051357
1264306508,34208386,76232075,87472530,155966983,413825702,433632070
876262083,34138877,98783490,87394873,1298298167,3063950013,3170880578
467762986,23225633,46446684,31301266,8005476989,22414286315,21257932685
120940815,13509217,43697520,33663307,47000419,119446793,110673614
3364927892,18689943,45149470,47058683,939533491,2132921081,2252850567
2217113326,2786380,9698809,6349530,139396972,334682549,329735175
2883351538,328027203,814086766,791069175,296044563,618589993,662644892
953558114,55960766,148886744,135289556,137257186,216730392,220695767
1652155972,52272006,133295865,124112334,131956835,209749881,208948842
1512270289,615652718,1484940871,1411621350,212696745,302527998,317055195
2375029978,194865030,479879434,448985072,269697877,466808567,489457735
1014940956,40831413,111517322,96723288,5815279,18408306,10848531
458052461,301627023,735199205,683266666,60095620,140583585,144754338
961938319,16389708,44749702,40797027,122128632,283929026,314763013
15503589245,347781370,837655134,792642874,99654881,231977379,234642189
1003042689,309375979,770036058,730433873,699221414,1579614797,1617292761
415845703,251147367,615205789,581615015,35479187,84568093,86048103
209813476,57215618,135937242,134030151,51379877,100858400,106189350
4507208622,31259817,84586219,83374803,50781252,120870121,128506168
332440523,4578260,10109595,9475054,191669441,438338440,444510393
467672237,83345574,273435412,253976857,48222782,133313414,146788339
3777786081,131058056,344576692,335799124,51680055,119182152,116513054
1524446235,229966000,686473159,693735049,15600756,32571882,39843697
524150540,11454373,33970846,25695704,18493609,34565697,28955736
1383836594,341766520,837152681,798408508,102620507,218969061,227834459
865014927,118463486,291259327,268066563,345328081,750913873,788711373
2627752691,106745367,265669104,260420165,1047751010,2230895058,2318708273
15604298696,26920295,59811787,52564480,48303766,115053403,113450648
94041560,223972735,577886734,530942200,260695560,558911255,549967676
331154499,73502445,199717840,175637523,244008643,420536167,406109464
952817027,108867796,288112500,261904608,639435643,1020814044,1026708619
425015454,238083389,574217197,546908410,457993018,943537681,962768028
159448010,45677071,105386746,104708754,460844271,1043302417,1094044801
4290864824,494995358,1244973552,1153140947,302344992,894855572,895200750
3668058945,510641690,1463301894,1432755479,84099239,197450668,207076989
1124571045,1295465752,3473621897,3433930080,38528911,101221790,99077973
420081695,3995546,8627818,8249076,720054325,1623072997,1691863404
382920330,347389797,800323504,774727200,9775416,19292091,25870329
4497429757,2476567,5354810,5061724,359064713,1010389990,1009180756
2548375099,81961910,206230667,210306625,6460693,14443906,14809797
349150475,72778777,181036736,171657958,108956904,264232701,285211242
7123056867,40167233,87313680,85778158,40781403,114791784,109013775
1067244003,38121033,109597034,92979542,189488176,405379926,401200472
1052245414,71906389,182411544,172222995,29027633,74909876,80796725
3375473955,283592807,681507005,639223705,21191413,34568110,27577976
1933818446,666731307,1653454779,1530640941,406850971,985315480,1027160688
120966207,490682541,1158757867,1070102645,230909622,562926832,558998522
349650456,72537360,182760010,169899455,789280658,1822104554,1881792962
13840760428,125578808,347327711,296730214,39565826,131620892,98466357
956386640,11040806,16425451,19463983,35859444,72114369,75745545
505202612,90288500,259982105,199751139,211200435,448261650,473215127
2066843645,170559514,425657725,379684444,80701268,176112557,180321459
697782240,164526320,490720255,356026024,2392042512,4336566861,4365643954
932578819,23233418,55916129,43220370,24513929,47305253,50376676
3145375719,174678553,472429574,357972038,17104649,42785817,44225859
246441254,327581550,1077643145,756457439,1283225826,3014894171,3073502106
2906735737,83308178,304355384,225205571,15795897,40731024,42069956
488042899,115104002,340310817,278362182,31360400,68384964,70612354
921447006,5038885,12425124,13657273,208194192,484307033,461611240
306039374,62448898,185551243,142463807,16823623,46163659,50507983
781342759,70503712,214955083,168949884,44240172,100044923,98683053
4573265478,1118116412,2893032025,2677982967,42045146,99970153,110642196
354488933,197339682,499353386,469078200,314179521,793301409,785047633
3216650385,119595300,408228081,280663548,1592983442,4681712223,3887687557
8206360320,55009612,140170095,135234017,4807049159,11030649487,11282133254
2497983963,146506111,357779875,327795499,51011868,113736998,116411982
1441623300,11509146,30035647,28632287,841549235,1960810523,2099135484
363694460,41183006,107315963,99386195,28170921,52581474,56985953
2117148409,128126520,319165423,304633259,53275110,120316739,141995157
2349182704,228970289,571228551,544047802,59372626,145923854,148157987
1728246540,213140453,520164046,494389877,11758118,26598129,33234949
2244585893,11374316,28088961,30615775,750075023,1741407196,1834784504
1462241177,188467244,538438582,439743077,15464595,25148478,26166792
130103529,16774709,40344503,31936031,427775966,1047354124,1054416159
1850667861,14460952,34038473,27435675,102657579,254962998,262247665
501849583,134135032,390259787,309267312,5930866,17785275,11015795
243824507,36723976,87572782,82330307,136685862,318056925,341730409
1577471727,146080252,423242386,342576441,22752229,54698093,59109868
1490513374,12211210,28695015,23419441,51396240,105344830,107563781
1419421001,10942839,38373869,24588676,386268643,908514440,938717514
1143533106,29347641,85595148,76109654,40198684,91022234,107919739
1575771610,57595455,206073634,137953643,70300645298,154486793542,156816333786
4805158921,38423577,108657054,97290042,287658888,715569004,702802416
447031107,9046965,14456149,12906026,283447653,897557032,820147796
186328270,1059554193,3053254481,2796871238,78239218,196369417,193162110
754642834,1604669935,4645177710,4385920990,747802885,1753965308,1781787216
999609439,13969017,36153698,35223612,84019282,225568753,228100730
330914041,35364958,84627017,88723093,37026940,89959412,87794850
406134172,4543184,9815096,15382945,10009875,23220305,34804879
1031569123,169575149,417869366,421034336,29361056,81198377,83657372
475777640,186940613,468208569,431228404,224508099,512529535,513030996
8999728497,10348409,24215715,23059936,273996188,670553855,670743799
1499272669,51609788,116770876,110351048,231705843,613142947,568390035
2647670734,27658627,46859334,44897862,78116101,206857581,197371676
571975229,24893517,63596076,62408356,24143924,81616939,74919983
464788870,73204599,172327222,163467542,21666507,43041620,43653437
1177886475,60290842,137023241,134014093,14965655,31823828,31646866
1517174662,34156230,71511166,75636489,21211077,68207640,73418568
426249581,99436289,226748266,215784699,228711925,566495977,543831150
3913403637,39521810,92979183,89365040,860938497,2096909845,2111459516
490531594,61076643,149735440,133063873,34006895,94995048,93484078
962004131,74917480,181324650,172302398,314469289,816735243,788641184
470737975,61178677,168278873,152106086,71191967991,159482433043,159468170786
2381494011,58228741,131992783,121333236,228443263,556406124,731087330
156379610,18412809,48232204,41603560,28876585,65656232,93649092
378886118,132447211,317761503,301543055,49716073,132359214,162858913
3999529443,38783469,83721959,78568404,213509604,487368209,620641950
1259013584,123378786,305130756,276161409,232744852,501900838,586508498
1506735843,238979007,616071675,511812839,142923893,353268694,336574634
399197696,228469526,555622187,501968271,15997310,41802559,42816559
1540352126,116826364,329664539,237806916,57672595,137206074,155396928
14349524729,9529541,24435069,19800173,154909813,363384972,350710589
347839999,146287850,314000273,298070672,667695500,1518388294,1555994166
1728985301,38820828,113024607,113249608,37565863,86743160,98522166
2778568432,520795564,1310731723,1229780638,230770519,582056840,590853479
2617236718,68785939,212866777,157484141,18792092,41010341,41839944
2992607756,35214482,105020776,71167408,195571843,467485100,455301248
492066287,24846902,82306982,61763590,279281281,680842967,672237686
937090977,31964621,64768304,57752580,236907019,591628157,576309514
396429286,28858816,66343058,67586581,367388345,891564468,920483373
6751596337,20725906,46545175,49241697,49568478,106976589,129181580
2683583951,146154256,409724398,331236816,83270075,186260071,192173123
417377937,433128771,1083263736,1015750127,154630529,357902215,362121035
339941941,4890646,11202909,14119810,18831866,34591228,37654138
256802414,24455355,67344063,51894424,18712349,46998468,50742159
132892970,137166719,336668663,302071882,523940542,1271648498,1275245592
1135504355,58161172,154351360,146159187,232913005,494320714,517742160
1760843243,857425708,2162315928,1965561251,67692207,180702212,181396166
483708389,64421913,153097504,146068350,533224786,1318279432,1316216076
305732917,62366865,175873199,166582659,455158311,1050256460,1086897787
14286363437,90117120,189123595,188648558,165651659,435730439,444690452
531032840,133221710,330622449,316273001,321839984,773325041,772717835
6083247499,43334425,93002989,82140925,35866050,72495380,83853166
1126389606,38516311,105971325,101194636,155128539,396700170,387868675
5589275736,62621538,160969512,142757123,430766930,1007826836,1060369782
904279116,94495445,288230096,284328097,7491677,23777666,23618369
1507318359,170852892,476519220,417849482,11671717,35138916,26331703
1853603498,30473063,98128659,65054713,19183818,51023609,52066169
4133433229,161147895,381284976,368496750,10716717,13907935,20531134
2279094565,4631509,10328208,13724462,299327838,741495399,803979762
2731829697,364965910,866641349,781651269,224129581,515285013,545014851
1457858179,47004735,122945184,114338427,2023917128,5236452759,5457597491
2441839155,103785911,276164846,264803212,5920185,13604228,19715222
357201448,290139037,747658736,756998866,31393436,79027239,81397603
450518826,49894764,118698237,106780972,115743577,297179275,312280186
338124465,488979341,1126317710,1086020690,73219922,154320135,169856444
194377472,94859040,241762361,221738649,54242767,149066037,144468596
1037151842,26517948,67222871,65726217,202136184,460918873,477130351
484503830,49476111,107693093,111019894,12343138,14816604,15926823
4437216156,26015409,71915736,65133496,86770779,209751366,216359536
2005155012,23712054,58165866,59742191,92206116,226137716,224519947
1522576266,118246231,311506438,295561887,178254523,441225967,441128837
4432646086,406009446,998635645,952196993,11926984,31416970,26040026
410209345,166780492,404598131,400491140,335486699,792363081,828529926
439293220,138585800,345558730,345711410,14929940,46614746,40629028
1648255978,335023608,804105627,762570316,13348416,42454242,31505712
79116615,262930700,631848817,587970433,164902686,389773762,393680630
2348388730,15290020,42448699,38635093,3015642061,7576096967,7677279088
411138341,63133705,164414587,150443986,197138093,454873292,489848232
2284591099,48853300,102622519,95883861,15273716,44714565,41505131
3134873554,59307347,140870876,137508422,538308275,1263786773,1294531837
1553888651,2363862,4961327,8928253,6760613,26408088,14589599
19062138801,14792956,40457120,52825212,10159599,22423025,28919967
4191824575,93325113,205106665,196258438,292220076,707227867,705813458
1012590768,81638865,177493512,172284309,3068222275,6709085261,6833309200
1735107114,279298687,673450687,646607835,363381355,875408907,918826425
381949662,139889323,354805846,349534126,39877156,85687008,91025958
3231186016,8257249,16295772,13118586,409106989,957729571,999300758
1399996723,36055739,92767300,95570983,658606704,1511231315,1566846435
1657252911,44302690,81995269,74555812,20756656,40298192,40119187
437737100,351682285,871756413,804363847,604113719,1510322335,1511159907
3410509287,52763385,156631722,146210619,12680206,16280630,25673693
1622754240,37900029,105300575,97787317,30931576,89762176,88575045
991472537,2236280,4568217,4396434,97556464,224152426,236978051
392406622,423433576,1023570180,944524430,5200031,17143917,10748042
3405569095,99881458,285067516,246619845,38869699,97827413,102375164
354409725,226717659,562786391,528821488,135102126,330278850,333005703
4398507535,98478111,261651191,236059671,300981327,695157316,718298364
1400392433,134890271,423624419,308788627,14294344740,39770987370,40431433720
621420762,323152805,1034430884,874095322,66646395,153986230,142457852
4855345863,28834327,101852529,70349490,4753684,11900451,10501951
2680000440,98382155,272984100,213757157,1611689350,4606438079,4185392956
1080505794,122257793,380806245,300956758,1906931,11877491,3682620
2215520859,49028269,132602533,112454795,20589296,49484504,53825045
1856734678,62421386,181547570,136500843,295361819,746712912,843526665
939228766,545574433,1798837356,1248806101,3988617,8328585,8377097
1616617368,70296813,225890655,153554451,25406954,53058843,54032633
1360304638,406242613,1318939379,1013682752,53882793,139757806,138528473
523305839,25013258,76025318,71535457,132780566,319156623,332764567
540759308,22785441,56581416,57436999,417508404,960027786,998705266
893372484,1634510,3878806,3653911,19868333,55931303,53468472
979854923,16379598,52196737,41034101,61652240,154617022,154007819
5551069340,66837483,211030536,170652454,136595370,341016410,361846814
2242841127,223058937,598906833,510025852,66223172,148160296,160893000
541311790,53553732,156968177,137840807,516372588,1116027922,1184489967
1142342284,3356126,9050408,7654121,378734608,907613821,929397998
155127429,18113532,69355781,50772632,205562368,492985741,510896329
1144149245,80289117,215935898,182114614,1365820866,3157402112,3304285175
1456799351,149659836,392882059,346488728,16531949821,44695017592,44134067355
452490009,42704024,97192569,81369889,36536960,80124516,78264700
1530490978,156855445,443708602,386622990,222092851,493753522,503061908
1706434657,10032270,28104731,23816322,132556103,319655674,335652233
191746739,22670559,68093776,60614906,32919178,75694398,68189241
728864092,59873110,162130164,136875400,16750416,51681465,62449725
5111021648,419868881,1070868496,940750070,192571142,441554862,644093379
487541424,5516799,6550487,6286931,28867592,88718763,149775247
2506848414,104430400,284842988,241952893,223243369,545747957,1047253699
11451836969,71933256,194649662,169092030,10071410380,27646603944,27725433838
2799295578,416494113,1120385707,960145256,415163921,1049473848,1055972781
448461701,98169664,309930585,245496444,19496894,51681849,49952496
2692058452,189372030,533850271,465288734,67281542,164689359,171035272
1613425859,445224039,1181006124,1024352857,1391671744,3422053643,3422831085
8120664455,13415482,30621694,26469479,75879887,184682656,188363393
3565904677,178742349,502715231,442599795,452606045,1131698612,1145754762
9463699759,108216245,291159077,261154118,589174653,1433162891,1420035286
5160172024,20362331,54012581,51248863,26611568,75539747,73296230
2778687367,286363225,748547837,650314985,14017810084,39990288079,37946886666
3324218508,20732706,65468699,53502131,13338447,37846041,39211812
389409623,268135503,699468651,623728059,1279981608,3119820443,3105459313
1115442457,62249009,162171104,139141012,42363558,85126672,92047171
341262765,111817596,298105681,258806809,1491830168,3631071448,3617185474
395713645,42604503,126806576,98007511,37530626,100002580,99936842
133290903,100075179,271991127,228196645,207113927,481700032,484154327
2402357914,489848196,1229314839,1051801953,509205088,1207367024,1202555358
1349106089,47955977,135565434,118418212,592304880,1640973517,1507965179
166268566,128076120,330595593,303642894,66160497,162580630,158140182
1082254864,426440640,1137875195,1021530062,481435213,1295218369,1290541481
3171678323,10874014,17919401,16044065,466975767,1049124581,1075528241
466895768,55409230,149749781,131399171,87332440,215535775,215998160
1748214604,147439502,369713037,327547664,7574318,17398466,29891801
217711678,7818373,20009631,17601508,53221188,136059645,136891697
4648970728,93637839,252704557,233114283,441901513,1204110295,1121919284
68861411,3823970,9733282,9046481,77235778,206861864,179372473
15497757102,27790930,75327060,66154937,99689202,250962455,246715572
2682231434,202958561,545366951,478745146,1357431915,3083113764,3095815887
5059641273,107381527,275486882,239790779,207583793,454633326,491978057
1106329550,47547867,137149287,113748030,100635642,255663304,248478675
1676982745,13925974,34615025,30645868,897592490,2283394216,2190439913
19014538359,18655731,53651110,47584569,320913289,799867245,818435105
4198315563,52524270,115384060,96903159,8154890,26236742,19095374
514076971,65448979,185251812,156947240,15902852,44893252,42437193
6067975983,39764626,116512737,101007912,560383588,1366810432,1360293849
6748920181,454843849,1156571080,1042352994,89776270,257180132,252095671
496241236,31673097,81667468,77477506,1038124637,2841107374,2909425903
1164087585,384622936,962307061,842738998,44809512,97883042,118318024
2969734226,238726077,649690628,569161348,82314235,211090108,238120823
158872153,310371908,811341751,702694203,1148091621,2756174314,2757085200
1186988928,45816767,155080200,116412190,133344628,309650216,324443866
5345326700,20124496,52100729,41686823,388135922,998623572,1000688286
1473983152,239493215,616873029,542454042,56676878,146544702,144191964
5417602163,359969339,907797871,796950244,12731513,36375793,34703895
1345001836,5614905,13583091,12694002,94285792,248655947,248460863
119861272,135837576,362628774,328413365,34175200,85798634,73109815
1408970314,178853055,523293392,436755816,162489084,398581824,388890525
517522398,36888867,106867235,87830230,35082161,89480494,85374393
4033783867,838720178,2272000523,1915344014,229732097,540737813,544036334
546433583,188574176,529335912,460382622,7453414,18189283,17153842
298338848,29736998,74510153,64683944,230291230,577430640,594960918
791959759,138853616,398246097,321232308,17344903,41213283,44717072
1165338610,201469478,564613414,474232604,79882520,197502738,192654452
4191857804,192233889,502468300,447701391,134557820,316607843,348768796
376344481,164311905,443947759,402846791,206976077,583770450,506531117
405599045,9283088,20105246,19093830,11477409,26561899,25178368
855602402,18741969,50874398,48891625,93816600,314772387,259941466
1258041448,18978101,47629433,36962306,1313978338,3157141777,3123274086
163799938,253470349,654080346,581020453,53046785,127747329,117607798
1610179194,44430800,120596332,105993005,59958230,161343982,161858654
5420097637,31067755,97799033,78104729,31634599,89738059,89062541
8387086278,261763033,754631747,653990154,82575906,180733574,182402768
18524156880,203243009,539516270,477805544,45928995,120368997,112202220
89427094,91545938,256106557,227643221,804720637,1976491309,2006692269
483102288,249046064,646507430,565945183,222237383,487643973,534194803
2264495106,154769239,440142027,383063365,8969142,10927325,5030053
2202346920,80951932,184821966,168730371,489154927,1307764984,1321263298
21661511383,8543804,25057810,23670609,14154200,39956560,43028839
15133638186,25002533,71351738,67066672,486276194,1190669099,1240888034
26602369216,499779286,1380001309,1181595042,13894402,31200044,38797350
6775128524,40838097,105839791,93832781,25752399,47904299,50643264
1116150135,90640299,233707254,207989897,25070826,78751626,66212910
484032903,129623413,343270189,290127904,42247889,111587650,93114785
4680754514,44821296,121288140,98513593,160152964,397567233,407886847
940776298,142942225,350211482,310665959,378707376,984736731,979206201
1510119720,36049973,94987009,77647659,78131918,190050440,185189140
6474922693,8189151,16613061,11604622,38662219,83211111,82087279
4780916684,30132234,77080480,82473755,106734627,265879524,270573567
5568746021,109174938,271032335,240130660,93005922,221495942,224603526
4090311996,378316065,983892595,854209956,42325116,106068340,105684225
4502964013,35507009,78310820,70542212,876663464,1847571421,1957488142
169043788,16321331,48085465,43804227,410162460,890645430,910053058
1200920454,209452979,561614770,481939495,39868056751,107274472519,105693151291
544756026,76367476,229472730,188273354,218490444,497810148,499026541
404223986,153157549,422647593,370584931,4249424416,11633507896,11047207285
4907077607,10704226,25574295,26516292,65010528,163501985,170925582
1115214168,135473804,354034808,325945594,125316342,312212199,321263344
2147945610,54583411,144973308,127217835,79885474,186009829,204826664
2192172886,79896922,207279487,176926220,43905865,96491679,97204678
1189314512,128024702,362944201,290909244,69664745,180674264,171775741
5835454164,85752921,223486171,201881270,716628340,1723591849,1763783842
350697477,70715721,175379850,142532090,476528851,1141315561,1144282778
451121261,351121065,956909206,831552014,29368313,71269479,72219264
184610022,6843373,15068283,17650599,224145471,542436271,547092004
1437529496,170216535,498742466,428653855,902627170,1896732643,1994092794
935648068,279577610,762411280,658044207,5343899,12440503,12477104
690362683,92792252,243374517,219892466,37506098,80734884,84733318
389660094,193199008,509786002,430104489,72591339014,152254479729,159422552205
6702486216,98805678,288974525,239397206,189059648,390165390,411773669
1472244206,69365813,187022997,173801431,352983480,847639598,888116924
415558839,101300005,282355042,236973288,107089878,250059976,246301770
5926814268,6600246,16600043,19781591,21195396,57445967,55377435
2284032919,13355835,41263462,28156686,375751670,865016364,891685021
161340387,9825682,28654415,25288002,90344912,222071280,239074454
1300335647,131490765,344626168,302036313,13116359,41856506,38342360
2587303033,81056249,216078988,184366157,3082098,6904183,7440141
1921204266,246402767,669465800,590629120,156266659,361403040,395246406
1088901739,24134995,54512719,47104408,72079676,189088624,193206419
236335274,225245422,613335008,528842860,101115254,223105962,231086313
868898826,303962696,918402044,785525366,216858064,492200308,519152425
967009976,241918989,617698926,548658551,17109508,46246992,47568842
525062064,20470453,62347431,46369535,810241638,1969669239,1996187917
4939835959,175088668,462954512,389274684,39027852,82918799,85070010
883311277,50864786,125411916,107324832,54090042,136032741,145816578
475966246,45164473,123428594,112365303,13355595,29681326,37423572
3914825858,34003028,101011722,91460691,79857045,204857843,204430127
3899338075,473141667,1271255181,1102277983,136128190,313956884,294024771
1159208158,174120411,431047814,386946707,173579857,366594744,421211828
413338607,94369192,242252712,200581032,1805990853,3912996395,4124592968
1001726756,362582573,958047491,837890028,2829137,5743103,5821495
479768244,858379079,2250277254,1992604327,161646545,420845578,434388679
1355382621,120524737,326508136,271422696,36169663,78572567,79408206
2700967517,115257516,256848158,234163359,326471123,739900657,767527831
7619147795,13022479,40779157,35014315,16516213,42486868,44749091
1609018950,432679209,1130825511,1000867669,335408917,940686716,948935533
381726620,52973141,136507062,134636986,22566150,67672549,69753013
78713845,40455048,120220721,108606733,442251012,1058337177,1136827737
7112959773,30846408,48628959,39389444,161869465,349782478,360325821
401365327,67237421,196231719,174670472,76540017,180643536,204206640
2311630582,71630515,187498568,159085762,899668520,2104948227,2175166581
508462640,192097868,543402989,464214434,11074124,24432818,24906089
1370374670,120963477,308330736,275083611,299267992,667321760,711842057
1570530453,301311877,823171540,731775744,639671921,1516281646,1566290878
1470247632,19076347,62518355,55389629,129984909,302775832,308375324
3115829774,37246105,91159658,82056575,262140134,651761162,660725308
92960500,169805392,464338827,401232228,11871649,36026713,37099850
4600707661,7974924,22241256,19950828,6040288,14683260,15145926
99685680,309014089,795632553,704087594,1886802,4696087,4546471
2443470124,48443917,140178376,130166434,17971524,38781402,37332151
433653712,672367048,1755144623,1536958792,18618999,53751261,52729855
456711300,258840973,707471929,624012468,52727641,126322316,128327568
317050516,146411341,423356419,357025670,6474469,16682663,14997586
428024385,247187361,690168429,592448538,382847125,903103052,949960682
138707323,33474565,100437115,83643847,83604174,192049455,203767557
154927536,25978400,66997755,54479830,184855642,413696933,408206230
1457287831,31849954,90014376,86962145,75049049,178880254,206804400
1505593107,61529505,166788215,159992842,234047217,521463026,532400935
1975895608,12667268,33955278,30808913,212224511,492566653,500656798
1028859546,110839135,349009391,295409338,16577132,50618955,47017441
1927660914,38292716,98510242,88544203,141602903,338375982,336249870
4505612047,39588170,94005994,91553532,60935271,136144306,166666046
167065702,99208565,271935117,232591271,4094886214,11075611898,11334730630
3502276898,263348093,669336949,607130705,7369791,26787863,27030494
1221720941,50811767,137105196,124890161,15367471,30949953,31791182
5735378117,117409679,336328166,290891971,358870708,870276427,936482006
1474789494,3864473,13021287,7790445,14201343,37998119,36980584
6922524815,259977329,665777390,582377234,190691646,469374905,485463557
1096067424,323934375,891116231,776946612,1337858499,3200986911,3324840351
1055494370,18105500,38162178,34299049,498511787,1224094562,1237499337
570196654,18702799,50906606,43431239,21503626,61988679,56420512
719062125,50228144,145388140,132323484,183570632,444058418,469688227
358707458,66168716,181358825,155902915,173915603,419365696,441621350
966604176,347171036,873713244,757052713,41626551,95143192,93997579
1494921707,80828496,227972482,202584620,17860003,70536558,55785259
2433103045,54220993,163623323,133559907,138967831,317151941,327561056
448524903,24601685,61227790,63243568,38739216,85187935,79892939
346652305,245793683,653672592,604151129,1158721759,2470850156,2659619751
987906356,26118105,59910347,57907878,609646328,1569785153,1606728330
3836459139,583107054,1495574780,1340971058,882230812,2166211986,2222503811
1906215512,352375866,959684738,875682425,143277355,337983041,367272984
515963416,40935721,112628875,100483072,63285316,147395587,179705170
977015859,13258587,38042866,36998448,257529075,608182790,642423386
5580733888,91324429,265187790,224777674,302084436,737553132,747427511
392256857,71484701,187730426,163294419,1693998483,3884014780,3944468393
2537772513,17742511,62199979,45267600,119514510,313085380,307167889
359813344,56964286,157638030,141938710,123445010,275840416,284078088
4284927229,16720388,36409855,42353639,186361164,468562232,469671582
554465652,22168215,66350016,56449849,103215230,254100082,266362098
4565011182,27715491,69751691,63956569,53347086,115873642,113844661
3465840501,157855777,460514075,387731453,54489706,146053242,151515474
7393463967,92614129,258726672,234222345,1019239862,2369948014,2289687810
2024663734,54851323,138609902,128336605,5057581,10821238,11198912
1088492676,444066251,1225939020,1060766395,7350074,22428119,20972471
1094289242,194137797,539949601,462866218,60078763,144758713,145603754
1699123668,81612000,230044394,195466345,734528974,1611311169,1682496191
970612550,423651002,1096284187,936590148,268123311,667297119,694195099
535398354,6487296,16922989,14985769,161086014,404308649,446401635
1250626593,119040883,344590747,295692855,907973772,2115376619,2200225944
523389173,110196950,286031236,261906920,28323881,58552741,56907641
416648352,25182939,69076993,62644356,374471006,881320374,933756371
1027142753,315315585,842196535,733629524,297863339,747679363,748973288
1351865630,1908329,11744980,3943289,67792291,164515702,160659234
513537645,25455800,75325820,61767158,36776331,87404350,85049256
400025780,228869847,594620568,523869867,229525423,552399205,575402935
4455758151,152073557,416252425,350070702,128174882,296551527,320784522
2244711115,42041188,112906252,97661536,120827223,340017029,309697347
2018461943,109969074,280560854,226861992,168241744,422716411,443614681
1014990802,109226535,285519925,227333354,629612052,1768448935,1742312220
414388762,312422792,866226278,758137596,34385827,98017075,97020990
348570308,484696887,1282740989,1049097490,239315776,594373753,605189908
1577359158,13703771,30441932,27729283,19523900,49608283,50913109
1346108645,98914024,269320016,231108352,109453811,245081331,271745202
999208875,34200528,77612504,68140873,7032062,29221024,15693255
1092675604,37594497,101826263,84221369,8256701,30385655,25399921
2436303966,18304146,59061373,43570280,544138846,1215209152,1271454331
1203812906,6916340,16017555,15872914,20178569,46135573,56139815
295741834,14759265,39347422,37322696,54091059,112055149,131460007
489250998,1029741491,2691737150,2327036553,165631584,386263295,401642836
11998722862,14007526,41681562,44054289,5594576,12537066,13334479
158117622,22370075,61096074,51750250,54228649,133756452,137251890
3824087015,2834509,7604329,11340867,148758443,361168503,372349431
5593966350,37910528,111348042,93368689,516665233,1249495616,1278532267
587201197,89528108,260608956,243027358,5956271,13025661,18528029
4202544619,25172895,67817508,57420610,119164520,283310194,285101546
533260671,532669034,1391923608,1206165959,469788734,1073375670,1138537289
322420201,63740943,155966809,145295083,23249403,54591632,56036963
122226752,36249580,100071412,86321974,30016601,66602897,70915053
1196574437,55573823,147328735,129931941,598527566,1443784370,1569450192
366042846,306337227,782937842,693580501,107566735,243775268,275539489
1845927057,22295512,59557589,48259294,22888822,40961866,46657024
1090213872,6526361,15733501,13630441,66049231,153745330,174330828
2195045121,70705624,226405660,201100401,1839061292,4702963365,4923489587
541571018,40686623,141082730,134663626,154248614,356061889,383142927
