neo4j_cypher_nocache,neo4j_cypher,titan_bdb_untyped,titan_bdb_typed,titan_bdb_typed_nocache
868720041,1060106753,3090610,3472318,3444818
450619,62760458,633219,645937,676190
77267709,45554806,559940,528129,547555
51119147,38142901,498238,494237,488202
38568796,42735760,527601,562558,511571
50217415,69966968,443577,490306,439290
60716164,37523312,566083,546949,487961
43695679,38830113,564315,544563,489011
37509275,37616565,494136,505504,448348
40371729,45015632,491061,514892,457277
39503439,42165051,606509,552238,477695
39139920,39968065,560986,561984,504280
43245337,41068197,485694,506982,437658
39628881,42830473,540405,549426,483660
48070850,38261356,480204,525330,465120
36721089,37579915,941913,658915,579190
48755457,39249767,828183,610592,529770
38037377,42516083,684818,496337,452040
47598135,187140,617178,453995,397707
583263,38378753,817028,624469,562805
41436476,45442284,782290,551913,511048
46013138,35911326,901102,613893,556041
39724770,40728242,829885,602311,530218
42070993,36091728,899856,664807,573336
37075663,37058422,843639,598364,518809
36339480,36920957,431524,586035,527855
42816189,37893171,422539,619761,568715
38202226,40397452,387893,598867,541722
42276420,179811,266534,416997,363920
315013,172816,272094,447295,347403
278454,47417460,315205,516951,434665
44590163,63392964,690125,647851,619448
56792193,67541214,707047,661674,627907
60190379,64185436,610793,573362,541915
64025974,61227804,687310,578804,562791
47576052,44735660,659932,495189,487002
32559994,35965602,414919,432820,452889
32315025,40049033,385306,442474,496291
39044731,32513309,368359,431712,499110
31246143,238963,267175,306153,359685
270257,31598341,354208,394569,490543
31117875,48401176,405114,433574,426573
30361385,44659707,415332,458849,430480
32412763,49335830,714645,509729,450161
33859445,34600639,608556,461054,404837
35781239,36738761,687865,520402,484201
31412176,35136155,625724,534093,528063
28902267,32487681,554777,444741,452677
31723346,38928528,540567,448454,451314
37442655,48351779,367584,436887,444520
35688845,30223535,374506,430363,504384
37290303,37057592,345332,385641,471884
38843670,29067503,412043,454086,479491
34262189,30601714,457157,512927,473949
29230782,29582716,407189,455114,471447
31803552,29692028,426142,471745,498316
32935055,28744173,622269,420575,464036
28870501,34410703,775761,444761,516053
28520580,31168655,515876,384472,504525
31385344,179988,292874,337226,330696
278113,38405486,445562,449442,562489
45110806,335194,272449,297786,325182
507888,40098352,431250,461081,544494
37931625,28672974,392221,434874,519438
30368651,180279,262745,330913,351149
307041,31879490,643234,505417,487559
28208453,179413,487145,351427,332615
323165,28350194,704032,1065270,545492
27991372,28291736,550798,657013,477735
28827001,30842843,586509,521886,514635
33379385,30179946,468025,543098,483403
39555261,28596202,377804,448992,470331
28712736,28275905,424802,484253,535841
30678118,210125,282564,540547,323132
314164,28085853,376252,1006797,444279
28365290,27022553,395545,825772,492254
28940588,29874053,457114,766889,440587
26656852,32133483,612015,686412,450398
27804556,27228787,454775,858260,509856
31031818,33599595,423649,711638,481254
33135797,29661719,359043,522905,453816
30976507,39896526,697851,794097,511666
28705499,27688928,463081,510455,439869
28962485,28131952,625027,678371,432586
28669327,32166207,601250,621529,401430
29625319,30030098,675928,705398,387843
29667205,28660144,627744,694858,386495
27510232,27674660,631882,655498,393503
30937704,171159,254649,283334,278841
288466,28488339,353045,384930,453153
27469515,177733,282090,317183,260793
312489,26644090,419680,551727,498978
29722374,28454660,409186,410978,361042
28121566,31618561,420831,422701,374189
33451803,27275424,363832,405743,339892
29400356,34208254,434693,417018,373580
27591302,28022749,413019,462353,374854
27703262,178578,260694,275187,238974
271183,154967,242758,302537,218339
277168,27530546,346098,381391,417130
27977094,28161532,566026,405280,345994
28178976,150785,402037,313102,216660
250772,28487710,656199,513829,652880
27239221,33396596,515727,440877,587934
27981562,29415319,632583,501188,698450
37324616,28158408,479260,600513,584406
27118351,28766451,672521,551596,679535
28437783,33719201,645040,661038,658441
27429723,27386271,634949,812698,579603
28000128,30932980,591476,804729,708304
26580624,32350212,683460,803812,654534
29062673,27481772,635347,759882,547181
42640647,27618129,635781,795560,627892
26690274,27529152,628763,673361,583093
29950389,170432,417195,499487,357373
337073,31044167,583825,706093,595737
27017162,28875790,413785,607348,490534
28380115,27836231,625011,742816,547269
28982927,30886706,691338,545038,551271
36964587,27870560,561306,354140,580881
39100309,27430243,586462,405194,652277
29287925,156114,378286,311618,332749
257521,28462101,578451,420176,499749
28599454,28656295,678873,421465,335277
29692316,26491858,655093,435903,383610
29287184,28878686,640419,435154,535678
29278297,157104,492484,304650,306438
268523,28805648,607909,430438,348254
35241146,25922776,774409,416684,359339
30180150,27424836,546456,367592,312616
27856972,29813779,450357,398343,306064
28398904,27305759,390417,388488,288758
30314195,34838782,394865,397225,296847
29529936,32698297,384084,335070,267762
29854133,30026850,383623,379406,270387
37170730,28415610,288947,290480,222584
27431227,258772,264427,267428,163899
286894,28927086,506569,530018,364727
28691128,38592738,385885,673191,303502
27887684,158035,257540,457925,168203
281386,150402,240338,472301,164091
271836,29251565,273734,576526,224444
40896358,29400019,319675,654738,263500
37302863,148380,241080,464731,163281
271683,38603217,351922,680962,260037
29946923,173925,242139,516251,164495
289019,30263368,249699,507835,164535
30675556,27883531,372408,725778,295257
28936499,148956,250385,457485,172490
251803,27553235,347424,504347,272893
28706187,36673415,271387,336987,301882
30734583,29253470,267200,382745,219779
29133246,26645040,339514,431498,269051
27301899,31336090,258813,293676,165018
30271035,35125630,340091,382922,281983
33371584,25970644,370196,402832,272535
28657358,195554,309033,261752,192937
312707,235699,286063,263284,173172
285683,281762,255793,259802,163384
226620,148875,252714,260252,162578
234944,37366506,440375,415642,277323
29757265,26775966,433272,395840,297359
28448282,26688439,368286,372443,286056
28527162,31058177,395991,416032,273513
28202949,27950743,333699,357494,257874
30019083,37277157,246582,300001,164927
30904547,33537688,376005,388228,264680
28285288,26772439,303501,286029,213502
28478733,29071150,397994,449063,297241
28589034,139587,235730,263262,164332
322200,27189457,363713,405404,292114
28304266,26010474,326136,356872,271484
33073853,35494590,309857,338129,258021
28953974,159176,1586675,480257,559975
218260,36835623,2504212,628084,873413
30928758,28844540,1436189,586213,887805
35639006,29206677,997219,574080,863197
29813305,26289891,962598,602993,900994
35006946,27577845,661414,442187,616975
30506954,137381,546249,387166,494799
239376,39135004,553871,382377,516293
34327425,34234579,798681,572239,715578
34632122,28562985,1064887,614297,755116
30825459,25814058,915263,619484,843228
27262722,30786855,767508,590370,832114
30789638,27013043,619854,495803,717528
27933165,27875405,816091,896878,902744
28478080,32572134,573849,707237,706739
27900551,28455035,682226,821982,778496
29075676,30376694,751311,917701,921757
30855565,144488,491219,716849,592699
236058,26434714,708609,938612,793996
28688516,34571387,655017,802083,965796
28753318,26398665,706421,870425,892043
28146528,27105196,667405,848652,778429
29669910,27938502,547160,718298,508399
27309482,27834782,847230,1045703,831219
27952866,35625964,543608,682186,499233
38813975,29973703,882961,1010623,826274
28135637,29592132,836713,955630,943922
28779728,25549615,586896,900267,561867
26826155,27358073,904558,1041511,809814
27819203,28642768,1130676,964888,806069
27317595,38600267,746085,788802,734338
36065550,139208,542976,553575,541248
245339,29744982,883696,920662,766827
29730932,167869,326221,602859,437518
245361,27188196,429003,792015,678515
34927856,26872061,551166,919775,712431
34447788,25821120,515358,929175,685002
27071245,137617,294254,567574,384596
232847,27562625,598685,773238,625375
31857722,45181680,534769,811403,576294
35678883,273739,304546,576127,345753
488293,33444337,325673,631807,337015
49207383,30303958,662822,924579,638019
41196236,28262897,536597,896438,620106
28903997,26896466,323272,606080,247570
29675055,27678662,531072,864832,612040
28850604,33886476,615527,950101,594823
27924659,28020999,518082,998455,615201
29664644,30234366,516922,932279,634453
27914562,26479434,538322,672059,504769
29893102,28833683,524011,843298,613361
29579987,26447999,588478,844321,545614
28030208,28920486,396594,623022,420825
26187836,26638137,447506,807556,337401
32510309,35664775,385281,824542,282160
53302256,50240488,421346,771947,313716
51554296,39875228,481815,886018,366939
51562771,34959940,300868,581242,227968
46409830,47809443,638852,776996,357284
50159075,50550591,504042,820411,358560
38367015,35917409,429138,847031,276162
40172015,45029269,452931,801978,321195
48591528,55123086,470809,759661,323173
50083089,50497923,488186,931052,368408
30566689,285373,297090,556097,222050
277464,37634964,519120,843549,340933
29341813,138397,301189,561376,211229
310088,147026,278999,516530,224386
247403,35213285,272434,464864,232580
27857011,30097969,266723,292432,203017
26799744,167737,312046,308218,227518
240042,26037221,563693,542021,378533
28168519,28041393,528982,467244,371205
37966268,136274,303132,305790,229354
409233,39300811,461131,338540,291694
29563909,26108476,487878,401339,348140
28929414,25496224,494532,337013,288235
28515727,23985126,388551,339899,276682
26052458,26185312,360713,353771,294610
24467586,153394,297647,300682,223495
288340,24835058,413269,403468,341301
27741211,27613967,388257,402530,326556
33622853,28596153,449520,715693,572160
26627655,32632786,316279,546714,433814
29343276,26496887,415153,666299,585445
29157498,28275341,431578,721434,560471
27552257,219581,288749,488258,375954
214382,28672036,471804,741177,3948301
25892644,25559309,479954,814618,480475
34497990,28824745,397837,684571,367044
25118707,29447117,546789,661558,404524
26133125,24589647,351227,799097,419760
27467469,25741575,464690,784249,389809
26537795,144457,317423,502412,256465
234702,24601790,593180,721636,462721
29797102,26361048,726052,678899,393085
27555357,24918728,604179,735537,417165
26583157,26751898,698325,757141,373092
25655114,32242392,621434,536984,299386
26465965,26149721,587365,423459,303095
29160687,25746877,452609,311627,198775
24762497,155347,487935,313572,221692
221975,30228005,548578,343106,280484
25507169,26470189,614067,404520,322336
26035462,24693425,496424,323917,230631
25297911,135606,433021,307811,211324
288508,40513684,671878,442991,349658
25208220,30634571,664174,458748,364882
30020488,24968759,680778,498894,454913
28871422,26894109,609299,722292,556034
25424729,25921003,587169,750902,543446
26192384,27391854,484327,563934,394645
27137620,24871313,657040,857489,603628
26313598,27404539,484738,567740,400790
24498018,28779890,660605,794791,527561
25846201,24950763,813728,812194,571649
35363404,26265137,576958,730750,486441
24718965,25671710,541278,734592,501031
25357269,34576801,657499,570021,481545
24460582,24926696,744936,659398,570459
26152490,145462,429704,327985,333182
229238,31287066,475744,368831,367361
23773896,27253706,665196,483322,521706
35167898,25356109,886613,441837,366966
27358415,25777870,350308,296209,207341
27614592,25792565,532544,549093,367045
27376301,25662801,571824,561247,246061
30900911,33039427,776469,736672,349665
26416125,25879669,646949,899496,376209
27596422,144284,500311,548969,262338
271245,148341,419992,528227,231014
244986,32706987,375230,455314,258841
29643681,27308747,642615,743032,412968
27408092,31009885,393762,496051,236862
23787882,24440603,439060,612817,432173
30240315,145561,438734,485349,230204
369567,28352631,274367,328192,214956
24571640,24640979,379889,512387,368492
30469196,31536254,384952,550204,374623
25071182,31376575,369472,466783,359244
26143507,27185137,252438,309139,230889
30862839,27298609,375040,449842,318176
24960735,24393436,376917,456388,367796
26282615,32375885,380866,467018,362052
36399196,32750551,245328,315646,221349
26929475,29309036,250293,305765,218192
26025372,28051276,350685,489080,358079
26145220,33041518,410240,715202,490379
27195076,35516590,441612,695969,244564
26762711,25287851,629159,713250,414546
25439326,25326649,357200,521806,321569
28410917,29729774,411668,523434,390106
35394889,25601798,248245,322103,200743
31763160,142008,250179,308784,208216
445504,137467,271304,324671,227170
286907,27728403,341505,482568,311749
35577959,30383028,429826,576333,354156
28020313,224035,422810,349761,202994
252895,26097168,681446,530620,347607
27076015,36194651,672714,497004,353344
24577156,144866,412119,482807,332167
240498,28667291,604357,716124,495210
34000817,24054650,598749,504329,398800
28427526,27446431,582516,444401,309967
25864970,27325636,592110,465415,300210
37213931,24642455,450646,302044,204106
28255570,26219374,822213,518839,346905
26250085,29493049,535567,322323,205808
28423163,28832843,794227,526669,367917
26853050,35045441,578137,470313,298418
25425927,26647983,1227389,503083,338908
28409928,28466964,1489177,473367,225519
27680225,24025304,584103,531541,336045
25781607,28736387,414245,432562,285539
26096960,148367,380683,355714,264192
223567,29536859,555059,505636,371000
27441097,25566201,491479,435453,314080
25991121,26042836,476625,507062,304265
25083734,201756,359973,303935,213104
264480,37769045,371378,294051,199981
25533307,251209,347356,309229,214438
224574,31368650,636113,525385,350311
31597136,24256603,555882,443559,305770
26774839,151125,387679,329480,241837
430949,26352303,415530,493187,384326
30560161,23885409,320381,431077,328267
24811026,146403,242176,310605,227623
223300,25974309,218480,314962,205575
33618733,24681278,353276,630360,352695
24764266,32141247,228228,364960,198862
30974885,148808,232108,323391,204936
224177,31886011,449929,583011,349282
35734416,26282168,211946,295889,194375
26252872,26847817,213644,295441,199203
27534529,24316567,306263,453569,309777
25945659,142791,212458,304137,200734
208774,25192666,225729,385995,213440
27290092,140329,196970,470935,186287
205957,26282384,353535,875168,369965
31464722,25805955,342143,747306,384558
26157601,136950,228877,370448,216409
223122,28027066,220653,326322,208650
30726918,26081509,372649,537799,354291
29080824,27447643,295986,460108,300846
30297400,24838110,339720,478135,375518
24234518,24657562,341336,740946,400167
27776831,23687119,338549,917364,388805
33902434,26746697,292376,808141,332117
31978528,38089625,348955,945023,384523
28599567,24543605,293771,808300,333201
38743622,24681881,256427,652382,288133
33264116,144701,226362,550723,228887
228546,25549444,228773,525620,209436
24902806,28801219,245889,634824,226591
28737168,142956,215690,568557,200476
218308,33558825,215663,558241,199856
28155996,24753826,244581,579970,356742
25520343,141461,316398,476293,200758
218947,27709079,592092,891650,436961
26698437,24009453,439245,571043,230112
34382344,29456391,587349,880338,651472
27396104,143089,395388,558900,415969
217489,24281921,536486,771826,594958
24838893,143266,424774,676279,359665
207800,26632602,687126,880924,400387
25994946,26531637,368874,499480,210266
27228913,26901368,622734,814154,397461
31107800,31941642,678751,872860,419209
34185515,136431,413082,555464,223135
226735,24153820,745158,846765,376907
25683242,26358978,653842,597740,485072
25880749,24205151,379386,340299,243098
32410881,24666816,583298,488258,394445
25898065,24715471,591358,504447,374183
28557475,25847643,594197,501147,513154
26013146,133345,351336,317492,209200
224107,29431385,598893,490708,502370
35570613,137600,400031,380465,249665
451575,30876424,370521,317693,225312
24813047,158055,351077,331730,215228
206592,26734329,574086,562534,377874
32572848,24486632,562684,600129,349877
30158838,25376737,544033,537365,340398
25818807,141534,392494,362380,209439
683635,24957768,580680,557236,343140
25939367,29586542,348056,309539,194694
29271471,27492593,539712,505240,487473
28728296,28877337,461649,408158,530832
32566082,253496,338249,292550,312390
287844,191730,394043,336964,380061
213547,26584358,596476,524404,678780
25730898,24421542,470157,424591,510070
32695552,147687,401057,320476,235718
221750,25727229,504074,411321,349247
26402964,31252069,351574,308224,220319
25767505,24775561,552103,528454,407560
26226469,27160154,344928,314553,221561
29467440,170843,394009,436067,278139
224753,24092991,593051,487199,592930
25887786,26602575,508969,524266,403548
26481456,29235622,519057,439590,357885
29540971,24144665,525858,442054,392827
26445287,26384150,338906,292896,225309
26368710,141253,356191,305589,209795
218033,27257538,324111,282471,202760
27329508,28812527,324917,281616,201040
26902798,25447678,546953,453447,364215
25281191,24676334,391288,335290,270842
25329514,23806897,563147,458232,355919
25898994,142559,359658,284517,203194
245618,142213,311441,273031,194002
247641,24522640,1388992,450908,360258
26881446,23820839,323271,388686,309774
24471658,27041381,198327,300659,215208
27690561,31824257,471838,393856,312606
33644637,145694,186591,295524,210064
234397,23212784,323756,295066,207333
23682800,31959070,373156,339114,267288
24947615,24868635,397081,389307,311890
24201821,24218651,239239,277867,197630
25997362,139350,262699,275142,195971
235605,23073037,281567,283419,200514
30357268,24078808,435246,340196,268380
25534194,34012189,509955,412075,331951
28255540,25815944,342054,442894,351597
25466441,28310948,379086,448288,356142
25872587,150882,223412,330252,247196
215518,34455086,311689,425131,348055
25181321,28580438,284611,440808,326939
26254747,24456397,261373,419524,294450
26017957,24441576,299572,472878,335988
31757221,151024,164162,317061,196675
253538,27360617,345522,527468,429906
29257769,25529489,160900,297536,334085
25889348,173524,160958,300791,342344
243426,171792,161401,296436,335346
198078,25832656,261775,468851,537916
25798052,24053929,264914,464916,512433
24313153,143096,176471,371664,391012
220449,25408450,189893,382971,331821
27143688,27399217,345138,552936,687193
24955309,26722478,190306,549791,405756
30991093,161461,163537,557136,421099
415650,35595063,324428,851711,686307
27656420,26806058,301983,747337,572937
26823012,25682721,297074,761986,544719
25779388,147211,184101,568496,336529
220682,24823186,190801,381580,366693
33435660,26756376,177997,421368,376149
30922805,27357501,370509,6503227,595407
24321964,32527167,309713,493019,621539
26435647,35415560,178212,320569,337740
41665414,38070862,360322,836683,652293
24953272,24474674,321528,566249,555654
27667993,26202830,306706,487528,575101
24120269,26155349,327394,564230,573376
25024425,150286,180204,327833,327166
270724,26802435,308943,565791,586616
25384510,33558528,181416,323895,326259
31757360,24794342,297460,484359,612530
26397773,142983,177007,524439,342434
206600,29297976,190099,583862,375285
26481220,24755662,308165,823549,560849
26087362,25421382,334934,730208,412569
26935235,24646070,372794,889432,392194
26139083,135596,175030,533098,208316
222480,25946553,309232,861812,372329
32032143,157144,176818,612878,243468
230584,138762,197645,497285,226212
209620,33952984,203244,537911,230751
31578965,25848546,341113,1050895,439443
27146918,26090219,336200,860792,432198
24216372,25183676,262482,731787,332548
26555232,25818070,300258,969999,336916
23640284,25178756,280228,789726,349058
26343174,144215,179260,540095,219705
211536,29457524,258907,705320,316246
25659678,30369453,330656,870964,375990
26755657,23913199,290312,735869,331058
37265042,33276731,340158,894706,420733
27954247,25165738,178001,581601,230587
28734928,25376036,176122,560094,235160
27478685,24553010,321449,814788,421689
29092924,34453440,176836,531436,248020
25270073,33983950,339542,815851,423745
25375096,26305552,254576,633535,330100
32586661,32130079,329464,798549,386222
25113279,187593,183386,441268,225563
216156,203013,178040,330748,237259
209110,171960,183541,296433,216440
206385,24958249,320959,460992,385886
25153736,136230,173994,289729,211871
309072,32261447,247363,347963,329674
24131280,26453461,314094,406807,364123
28281442,37207067,466968,401912,356376
24853987,31027885,482738,392477,365936
30338481,164634,338915,348641,278170
204948,32604160,554709,628920,426525
27114111,26507027,311868,326152,166765
25666903,24673972,460032,566058,300466
25701136,148928,227599,387748,183640
215397,134624,200602,302518,158229
213205,26548434,190059,324737,160779
29229683,28834967,395782,515023,340619
25342613,25799923,288995,297497,156656
33138517,34358669,336109,413935,284531
24279375,29266520,499820,483437,337442
27585730,26540031,408147,523662,353375
24290973,23964734,277801,412141,252353
25177261,27074421,336964,463917,294512
34814602,24684104,307160,460788,291909
26595873,27147022,409181,513185,343828
24221270,28791448,333268,320158,172580
30757927,203146,309007,304308,161897
233210,127908,317553,425626,165208
215403,27598505,600945,610918,402521
26973321,25705026,663791,512061,341973
27411854,25429287,605269,527119,360547
25946772,27033144,459069,470662,310009
28451401,23939986,605639,530554,361526
25121259,26286121,204587,319171,185606
25683798,33328590,178122,302740,166796
28085375,24365537,322628,465512,344757
26639587,24649090,276717,417054,280379
26196694,24380960,263632,404117,247677
26546398,26275096,216906,341818,175975
28019251,23498289,163041,316535,163421
26217003,24954040,150533,317843,176523
24931110,148881,147934,518437,165864
216911,30265837,697748,872220,352314
28727531,25622409,364956,920897,347993
26103360,26672745,331678,898416,350370
26468378,25466572,288240,844337,290729
26193784,27325668,400884,804934,337463
36095990,141330,180560,390024,172771
346280,25035520,348446,579448,362108
25224813,25630344,156296,307206,162436
32520049,29591740,298845,404731,271479
30863827,156440,228001,320934,168615
351606,25003989,203159,315376,181430
27672384,29795439,155075,339596,163275
25509718,25831398,471921,523869,333162
32701249,32566253,464837,479940,283964
26425560,23787089,284533,500693,314365
24766106,24996548,198620,524975,182586
25598206,28358555,147700,343575,166056
36826069,24854865,185533,289094,164898
32673061,25112674,137653,527887,162751
26480942,25467282,132999,542206,158688
27454303,25511491,131919,551324,163330
25885713,30704066,295282,792927,366851
25158809,33071204,259924,842324,347873
26878219,32767288,225920,512841,326512
35736963,25563094,138993,317527,173487
24854694,30635043,262725,490712,352825
26694439,24235712,190996,356390,256562
25368940,149245,149720,336039,167782
230119,31647867,258024,517530,344841
26278523,23668111,249288,570316,386538
29993994,25328307,347883,816903,349607
28019607,28425613,135618,538248,169950
36518704,24440366,251054,922224,358897
35944220,25566472,233369,824878,324792
28688035,136415,134798,531067,180907
206530,25944853,228908,710701,350423
25428329,25626404,241128,550854,342135
26310360,27045374,241427,653634,372767
27429346,24718646,235055,660756,339552
26714566,27871372,255157,859266,410012
32141847,156925,129134,394674,187380
227090,37262516,131796,413606,160349
24186428,29831149,257392,696788,372752
26780054,24543254,256057,696929,366055
29293858,33483230,268746,607866,355626
25919051,27488315,224388,557227,306290
26908603,25469608,252614,633563,353578
31942391,31411761,233836,534643,326645
29733271,24305611,251694,558107,333121
25662894,29662269,257544,683234,367320
26128864,30436259,226644,445418,167729
25662581,25146626,254703,731277,363414
27245867,33324916,138414,372211,162035
25743925,24979220,233554,640573,332357
25481676,33725577,139084,407141,175906
29394953,28306744,247401,643703,332142
26419317,24817741,240259,634447,305532
26682826,25243782,271689,659195,378373
26033275,27637301,201813,558335,291841
26230221,33077632,527063,703708,360931
25018175,31549315,405547,628584,325387
30673770,143340,229721,418593,167745
292400,31423892,229125,373953,171265
44692009,23163224,656517,703955,397781
26737442,24341472,253589,352786,164834
26233178,30672636,353543,490875,284964
25265102,27529083,379791,542730,306684
35105224,142339,223127,373770,165622
266336,25446631,394991,557503,477072
25615972,25189495,201399,384156,335427
25265767,33718453,353087,635106,589256
36784983,25925668,217217,434619,321295
30251404,27197388,387946,573193,621393
29745007,25988564,393440,473614,495259
25709245,25931288,467824,558293,607387
26979938,136419,276930,449837,353690
229693,25686497,543871,683479,670960
27171127,32859306,253090,353901,387622
24485601,28597795,485771,586260,644555
26769843,24188691,515807,744175,743878
24517480,25508121,303415,408953,354290
26408910,27388753,238186,378621,293398
26880117,25137011,195320,379880,308047
25944324,31599383,310778,611275,613857
25577938,134196,139498,345197,287336
220114,24797178,300129,605924,645684
24905264,27777923,291489,572912,588896
26885660,23775995,140652,328459,352987
25846074,140966,142674,256993,360802
351355,28085153,309408,420739,693608
26240976,142278,142631,211624,318260
218505,24028817,132672,199599,293039
24396476,26794117,143597,205210,288685
27520672,24024665,289672,425784,653022
25154005,37787200,135585,218756,269289
27124552,33732651,239061,399127,531730
32467262,24504782,213150,317324,526773
24646896,25722027,261286,380706,632391
33534886,31515143,150283,240089,312770
23807448,25890695,285005,437830,584537
26481655,23468450,291458,423649,584892
25152939,26715371,150884,217039,175186
26800611,41740002,141306,193565,153559
27528351,23154278,287587,357860,322878
25419103,27499490,231960,212500,163187
27941149,24282098,265635,347998,300890
26350683,24871293,287516,392721,343761
26895815,23752060,148724,213620,159201
25907049,25869809,291308,404749,345224
35035070,31743488,143737,211458,157481
32851617,25453601,284370,366335,329546
24585430,26056701,290926,368947,324087
33066774,28410762,243367,307845,285396
30002554,24785180,252541,279920,274841
25757242,24815312,296882,355246,353926
29029268,25577993,308097,580812,350310
26961115,143325,300969,334947,165441
214982,28672063,614540,630271,329528
28224202,25257604,524342,587289,336400
27413151,29202948,659111,596503,329376
25219421,23724508,504953,640118,352169
27991136,25699392,313836,640822,341382
25604256,139390,158045,335787,164846
215112,142027,186077,389517,157678
218857,24068649,455631,569981,309688
31388990,33908191,233265,362360,154265
33851902,141937,174346,352962,181745
210858,28458275,305694,569390,402599
29730169,143204,217949,314259,178872
216549,24750054,308971,573818,337653
25024387,24840385,503227,645085,327261
25851486,25461034,265368,460713,325855
24420452,24849988,130070,238743,165487
25891095,24406480,267703,492779,380592
24898904,24710231,230828,504405,290934
26592746,139887,121211,258993,154085
215255,35591918,120853,247091,144291
29994731,29379021,252774,535380,329908
33031779,25017454,209089,407589,275203
29213282,23928781,237669,422749,289660
28434159,25775241,123874,205844,136872
25749296,23630106,211778,433228,269620
24539142,24959434,273391,489628,426893
27149519,42291522,214126,460386,264116
29145375,30505307,209586,532060,262807
24946958,24887251,124415,253497,147965
25241358,30388572,275704,529108,303165
24579793,135125,124789,252634,145885
234474,24617370,302099,535503,316866
27226658,25635768,409162,420567,291944
24736989,26699904,410673,527089,325557
25839006,36288091,401223,557618,301985
28056658,23342741,413802,575253,306446
26518094,24695776,436402,558672,322777
32412004,31885300,218237,286665,159679
24678058,24868597,425260,560682,342048
24887139,23056596,385296,504481,282956
24246651,24620785,141817,258104,155289
31283720,30476896,134337,262791,153716
27476420,23425263,136659,255071,147783
24223452,33940503,134372,251636,168421
25472644,23973741,125636,220474,145345
24076718,25729817,337051,531712,360937
29513172,29585536,304555,582129,327175
24205623,26211694,136700,298461,155237
34532808,26267812,392893,573915,372830
27679009,31483193,479944,499722,316581
25078001,23776756,434262,431000,299694
25378685,24208389,247116,259960,159328
32540201,199925,220911,280684,149920
216755,25153413,231334,232148,149595
25089319,134918,232877,279175,144716
247993,23349880,482795,604386,360245
24374889,24783979,453075,641580,325660
24982440,28169396,398438,472368,273025
28402861,25663207,315347,362049,241634
24553837,24263841,245575,216364,185128
25659280,23634818,423387,411496,304437
24010936,32975491,214864,201891,160754
26151494,24247601,209990,207717,150582
26904120,27750796,441927,552340,354513
28358701,27886868,373480,456779,286935
26931460,30391480,199127,240886,153241
24408964,27076654,401961,474496,322740
25329526,153676,202938,264314,154798
214729,31780339,368844,495722,314232
24982444,30054908,403670,485085,288624
25666566,25703280,200864,239677,152480
40986942,28759997,128245,214162,141699
24736673,29178671,240840,207510,169104
27470386,140281,132845,236074,145505
228744,23320033,249938,446400,347112
25139559,25148644,253406,454263,322793
25683197,151157,176997,242532,152735
219360,141269,220048,198972,142381
204965,25448368,372042,379177,281764
33961362,26703117,414080,9257030,363570
30231633,25735125,491854,548835,9556235
24094024,28689347,228205,226479,301644
25915429,26861438,418755,520693,596446
28451593,31081104,213596,232443,306299
24431467,23449943,368561,422567,542957
28272480,32960768,406504,437012,569688
27447841,30786408,223617,198425,266532
25533376,24702603,202991,186096,244203
26103751,28778678,443629,462410,568213
26110496,26633386,204483,187833,259711
31343175,25598943,394428,453854,770042
26195853,24432712,195888,210785,265408
25176146,25060623,358319,464570,510208
24492197,246661,200021,234496,243572
201942,31836476,355244,399375,517517
26821676,25047288,131423,187600,266475
24160133,36531845,134588,196649,238918
25014986,23738117,128503,175064,221966
28428694,31040610,128641,183643,219083
23121544,30729786,310255,458961,526942
24596836,25607395,127344,180888,214880
23027166,141798,152922,239347,225167
256459,24640221,275905,466046,423151
32137360,32760839,149067,218918,216577
23992587,144347,127898,210025,205952
202086,137567,126079,190757,204303
195895,28157668,131251,231110,206306
25063002,25036754,328189,522777,505436
26880461,25998886,129993,213525,204831
24311347,141008,123112,218661,201315
199479,25488903,236653,380885,335597
25569941,25574044,263239,505566,433505
25404907,30153943,122743,218029,201911
24922784,26546957,125458,225799,210506
25279843,28759877,125675,258767,215234
26806145,24285741,252622,508277,486291
26342841,32089995,230607,462969,385386
26578236,26916017,190125,387937,332534
24894640,157027,130538,229527,213052
204154,25489223,184592,401422,338675
26858524,24894943,121383,207420,207273
25774384,28061714,221847,464225,437734
26810170,27358080,121532,237660,214401
30319537,25751987,251868,495656,453145
25079728,24828285,219079,420338,375750
27524357,24929559,120861,220433,210097
24458608,37553941,122576,192843,225864
29568296,140230,125907,196278,237485
200526,26108429,255026,572983,536307
27802195,26044105,186563,442505,358279
25989214,28602439,217072,440904,373095
34276258,24801661,124066,237916,218972
24284026,33027102,248668,518458,476274
25147659,23917737,219939,392095,384431
30665355,24578710,258363,445914,456761
29362652,36394132,126758,241281,213903
25080809,33254519,291252,557743,445438
26575313,29390039,263648,482652,453262
30197831,24176956,285601,469704,479832
35314293,32783265,133807,232512,228484
25398062,24905788,134405,211681,225497
27526658,25879172,343872,451726,473515
26021967,24210556,160633,228394,219457
30339856,29709198,233255,375622,327224
25045983,26809834,215041,210367,198053
31586745,30012495,451513,456171,490196
32031444,27393052,327076,359667,382808
27042671,24766337,340007,366980,377161
24685163,27100878,198213,207441,221191
25699908,35562876,212142,192332,219927
24720572,170633,203060,204705,209015
206145,25342505,357137,406187,390512
27215443,27081431,207574,205313,215434
28334116,145302,222694,216544,219031
209908,25157461,274300,410140,459694
25510467,27541980,241964,381625,363592
26172355,24487000,300050,579907,421668
34022924,26481617,212374,416097,305923
25367635,26396541,223706,433884,339005
24165388,24883333,261001,503446,421034
26790755,28199294,140775,235150,217504
31067891,35979721,128316,201544,210155
24364701,28311753,126316,222906,219888
30533519,24068148,305806,491797,453471
28296929,142109,144146,270288,203646
209298,25483067,302344,487109,321858
25228582,26193071,200753,493989,234770
27079151,25864361,129146,239222,147440
26813970,35946082,411061,513773,312807
27306548,34495410,271194,480477,308386
24505766,26322116,268492,509979,304381
25497627,141835,135231,281976,150955
215665,24393053,249604,654071,269634
29731452,154505,146992,242389,148580
227841,134972,131262,230152,140478
204648,29679049,274589,432616,277553
25261083,23719265,198236,333526,212287
27562839,25569602,213133,282097,218337
25292033,28558846,264045,373381,253518
29430969,24587691,132970,199607,145124
24486157,32769425,125503,187605,142068
30585250,30580156,172825,214533,144257
25635468,152920,131939,177680,137801
196949,24773583,269571,486832,260756
25909543,23782068,139585,228290,139156
24421244,145533,129861,195103,139988
240769,136301,126985,206555,140821
189335,27150813,246725,309870,275728
32522667,135559,131207,246392,144166
223194,28989361,311589,424573,322941
28192538,23868430,131373,246010,145810
24011774,27986972,268529,517972,302705
25777490,24113192,124599,203565,138852
35724529,26227770,139670,193446,143640
26965060,149418,126579,223220,160310
206022,24859266,299998,401570,329201
24459634,143605,125927,204442,137418
212829,136265,123831,197285,134824
199589,29477545,284660,426234,327102
28056134,27650756,222875,358055,285044
28875969,23995933,265433,339175,267786
24868425,33114003,128332,210504,167423
27976465,141042,128088,203938,142071
220769,30150232,300037,385038,337243
24734335,25204754,127627,209063,136840
29970656,24247106,287841,449624,319508
24888663,26647357,263547,449829,254189
29305690,31881565,201567,333540,191362
38393693,24117927,263359,469478,265732
25877244,28309259,129917,235308,135379
33308859,26921443,123471,221899,133987
25030932,146430,126666,196880,136388
203277,135538,121428,194559,135519
265231,25066028,242554,318494,220207
25800793,135648,123209,202857,134700
460228,25113861,228121,380771,230882
34396323,25797549,239019,370826,227078
28485491,160707,140714,232671,141361
219781,32115634,125175,200707,140722
31635414,146040,131684,234009,141037
204551,23676843,127663,195905,135558
25891045,24826382,142722,193578,156206
24999656,24763708,127567,169116,176711
27712279,150028,128032,186178,148821
192920,30635128,247336,343522,338481
25322570,28034397,255799,374366,331221
25578955,32940465,263503,341803,270731
25535221,29291354,136742,199642,151793
32565748,24160004,248835,352909,251405
26172288,27087036,273576,381590,253295
30950285,24196966,137701,212968,145759
24799814,25229723,133487,207751,152475
32049820,24666853,260693,357965,269586
25166619,27369531,130750,207343,141204
25567172,28966650,131144,198652,135489
27491626,24723863,254534,356101,370095
26727160,25510940,213833,346684,338662
33267880,25117148,255837,447887,319088
24471897,26044477,263769,376697,258553
26682318,27167487,279483,474011,268677
24406766,157669,127628,207834,211261
195458,25239781,270992,462093,390330
27983312,31998725,140074,274027,204900
29216884,141704,129678,216812,145120
284501,126764,123090,199693,226319
323465,123794,127154,196847,284531
344579,125885,120168,180622,153246
519339,27498926,313039,416521,345790
24926614,28660133,281462,360562,473177
25312125,143598,131573,211268,169009
207050,135086,126534,202549,210519
196875,24293786,253969,347891,291472
24582219,25453031,247369,402500,261782
30395039,24361874,214902,323523,219016
24440937,25177705,212523,326982,229212
25498367,27562089,242044,367657,248182
27644884,133371,130692,725168,129678
203299,24098816,264261,426863,261807
32322956,25065913,267567,396685,240158
26595441,132426,127526,249734,125170
198297,28455198,255139,350513,229909
24444709,25724358,134395,228786,187642
27199678,29592337,272529,417633,322405
27938480,26148547,124701,251331,131713
35800311,27991501,274655,402050,257752
46465718,23975453,122661,209168,133676
23921353,26294180,224337,350686,219505
25393938,23600574,131279,209156,134595
24334607,25445825,121561,188697,132989
26916962,24192347,123132,174542,134398
28126724,24822804,283737,729447,278504
25876304,141141,130885,201730,130867
243739,33379077,120833,176939,130156
28543066,134088,119824,174025,129250
195092,23628652,257928,370785,239065
26544381,29941872,130078,198611,136364
24611030,23789331,213055,286525,183877
26453449,25750304,250287,365174,253014
25750987,23658452,193604,182360,133767
26319216,24382404,274057,283330,237625
26316204,28024901,238664,311288,237266
30788019,25015586,254883,302015,221007
26514098,24773466,305055,365026,250558
27537940,23546764,260946,335554,221324
26712373,25233369,247978,364856,221366
28351548,26455222,245803,345401,220550
24493835,32476806,253555,341472,223036
26567790,34035435,222010,408190,218169
30227544,26381566,260785,418655,250238
24682848,27988396,261356,371613,243557
25837143,25758771,132861,174108,140518
24916143,189248,133956,207264,138448
291028,24762317,233129,323154,209369
27837349,25053466,267212,367079,252698
25234091,25626989,307719,391831,272588
25231142,28026002,307121,405809,264155
27048380,139666,133786,210304,138183
494620,23925114,126178,226626,133587
25737231,24868113,271400,369117,232089
25630294,24100130,268524,360583,252399
24685773,24246844,288589,371939,251456
26240673,26311930,136176,178861,131725
25509225,143903,127606,238408,131863
202210,24222783,121532,227312,131958
24943571,136796,120492,189396,131040
199712,137102,121042,180142,131965
196390,27141023,278338,498843,217097
27011261,23888324,254599,605610,253001
24403437,25664173,125290,244211,133462
25918210,23873539,118660,264880,140979
23497159,36815578,118540,263189,129628
25368161,26463970,266322,531935,219053
25372992,24492814,256720,409664,249229
24711338,137595,110888,181959,121627
191046,35565083,247200,323217,212579
26532734,24312820,137550,204238,134280
24642815,24604018,127423,174936,131685
25497402,24141701,288785,343777,223662
24421709,24700775,238034,311495,223661
25460718,25155949,232367,336984,357768
24096471,141987,125318,196457,232076
