neo4j_cypher_p_100,neo4j_gremlin_p_100,titan_bdb_untyped_p_100,titan_bdb_typed_p_100,neo4j_cypher_p_1k,neo4j_gremlin_p_1k,titan_bdb_untyped_p_1k,titan_bdb_typed_p_1k,neo4j_cypher_p_10k,neo4j_gremlin_p_10k,titan_bdb_untyped_p_10k,titan_bdb_typed_p_10k
36434634,1542404,3216066,2099946,42812245,4397682,5252092,5021009,53205817,13996947,13040447,12456038
63281900,5253667,12041428,9068819,34614207,2347852,2682939,2571252,66701724,24243167,15231641,14512747
46000297,3497616,5373226,3653649,42032088,11919041,4695349,4602031,56972544,14716809,9153346,9076856
36558919,1940640,3934868,2599000,44876392,6043280,6149281,5663825,32932116,4570689,4536475,4237219
60432567,3389030,8768236,6139372,29816116,2897302,2681025,2668975,35907805,4736657,3845257,3605833
41142782,6111117,10760007,7135981,42022109,9811440,7011054,6579827,33451206,7991878,5179510,5028318
34779991,3156063,5243142,3319328,45494209,6365014,5408695,5038375,57528725,9427458,10939690,13090731
20717301,5636655,9294914,6138226,63040840,11629308,14706953,14429934,130527874,21274674,51441707,53347575
42501784,5174888,3407218,3680439,42117511,6452634,4763748,4605874,25604068,2401273,2930409,2707142
54106272,6968712,15546892,7265153,36625512,5022002,4305891,4012701,36743486,4576799,6264975,6069406
42437764,2297290,4582826,3617152,32668406,3412690,2485569,2354508,48018320,10819233,17266017,31307026
2736625,1175553,2456737,2067245,35836113,3362982,3515167,3355413,41056911,9310080,8173044,7116527
97145379,14225424,14688998,23445084,25164627,1528016,2027618,1964207,35706504,3525434,3306538,3716265
42618903,3341707,5090775,5406764,37069027,1733180,2107232,1990868,39897141,9598097,21179323,8761507
38147090,2142830,2659697,2899306,48245541,5200867,8716942,8340349,40220455,4602932,6313692,7581845
36447423,2364879,4209759,4314352,28929784,1483056,1761372,1913366,26141895,2407074,3256694,4162217
52190880,4373220,6780946,7060366,37820929,2388102,3188381,3156984,115785018,59374926,37868749,36347961
32027255,2025290,3291583,3096912,31348162,2974503,5145936,4864759,34816178,4690033,4101621,6157368
7954181,2033289,3267670,3064252,77117288,15830218,14815908,14050425,23025773,2196425,1687247,2998031
1522600,1286976,1683944,1471082,30634492,4529702,3798714,3746972,37319047,5265344,6034781,7518239
36531020,2736152,4664056,4679503,39502101,5281147,7174547,6707634,47255681,5334012,12912897,9302359
39513201,3910385,5960717,5780217,66443389,9267898,19014466,15319246,37966612,2896434,2715188,4170863
36532814,2747346,3037600,4126291,37021848,5120929,8991892,9403991,88176493,20449215,31400217,31079008
11520322,3033429,5326713,8293723,30669842,1964468,2401771,3618197,38516065,5663908,9110749,8405306
12718707,2876538,5538490,5902386,51115895,18154648,8865326,13099220,39320447,4036091,6312014,5731375
41453600,2307096,4409702,4732523,38416777,3870627,6259302,8127124,24393335,2977362,2719215,2699072
36270792,2457978,4244370,4334232,58194057,7192185,21148982,13467037,32679345,2202738,2488008,2394499
48760018,2969685,5439718,5496913,35211492,4604645,6927871,9547695,48407900,17321470,9049138,8310449
44344642,2899451,7247930,5454765,40202006,4569860,6035429,7621896,28410558,2930309,3859359,3617851
3165108,1236466,1745002,1961235,35780763,3830274,5218189,7661141,31908107,4269143,3064959,2886373
37709515,1221783,1590452,1896006,61157878,10480204,7799136,10568679,25894271,2810863,1970115,1989501
30201023,1836747,3926288,2963510,40939489,2882362,3997907,3450063,27168471,2684278,1929626,2889819
9501471,1808688,4580691,3387320,31805934,3727899,4112161,4757462,26640476,2771163,3897770,3809723
8153529,1785525,3630856,3700089,42880095,4061782,5540141,4010313,35104617,2738181,4642682,4459087
11236910,4423095,4502314,7994857,46608323,6699294,6995261,6785325,28505262,2866488,2007316,2492593
29526389,8141817,8933848,12078857,52392629,6221909,7211599,5335159,23190932,2660225,1902930,1985870
13099830,3269855,4326171,3972297,41030309,8900814,9474753,21262665,66235391,13795448,27592857,24933289
7850940,2138430,3153788,3644778,36752388,3699805,4659880,2992753,39622956,7596652,9875118,8899877
1633707,1823253,1574802,1924421,28217817,2797259,3130957,1912521,21927470,3086038,3533883,3531781
9288061,2466138,5674236,4853058,26058411,3538252,2789184,4216216,42315389,17403266,18180772,16872599
1550616,1511453,2438277,1912681,30020724,4540607,3215805,4881053,24173220,3291479,3543729,3399587
48468175,4888798,9004170,7293804,39474113,3485101,2552041,3882183,43256577,5396214,8788638,10919595
35117014,4879815,6586217,6120644,28992648,3028346,2594832,3251552,22275826,2315977,2288637,2629843
27756416,1263624,1644364,2568740,29807989,3239594,3896940,3844972,33762441,2068479,1355666,1518934
30614735,2029968,3592689,4023076,40046587,9782352,9454528,13963627,33880867,2980637,2960193,3165796
37685973,4744076,6071547,6147666,33310176,4437882,6050471,5915549,33266481,11196644,9174306,9171187
30237620,1452132,1796297,2066556,30593982,4749585,8472593,7121178,55559710,19245269,33776061,50245276
26116607,1393360,2473644,2550560,6412885,3444391,5027582,4960920,24205366,3631030,4368071,5825050
5596031,2127847,4360093,4376221,72742025,20150120,24971836,24386639,28953296,2575462,2394119,3209869
25313313,1193811,1672146,1808891,32382792,3314511,7139034,6798889,29976911,5908527,2963416,3710169
39283744,6126718,8010660,7848025,27387779,4401088,7553274,7163929,28198939,6657004,10095292,11388335
33116292,2517540,5153823,5155057,30739074,3167762,5210015,4718082,30062110,2887827,3687416,2868851
36247740,2643074,5936976,5658674,26109230,1926619,2596536,2372980,21756278,1864873,3546877,4042611
31487272,2852586,8164822,7343124,28191582,2279777,4510095,3960487,30790451,2761007,25019352,4315744
31936889,1169249,2148699,2249100,26513465,1589345,3438818,2980601,30749065,5287042,6090072,8357397
5884237,2523749,5689560,5611436,25349429,2937862,7316475,6203542,24221991,3005633,3910621,4371695
9927454,3181236,5488659,5560837,27541465,1511792,2680548,2652963,49028039,13128900,15530002,13266948
13269787,4378476,5589529,5753341,24859172,2323439,3493491,5022813,49302604,11554583,31283423,29495409
6612465,2162420,3246296,3212575,37638302,5465718,10531117,11824687,39828656,8009729,11445148,11246909
38795279,3446843,5436974,4949326,29436062,5107045,6237987,5766139,39925082,4341762,4974253,6375169
30549499,6055916,6011027,5268226,42386318,2963866,3841858,3403511,27077957,5458683,4542758,4633022
40983380,3347208,4751481,4128137,31154973,2212116,2173781,1901658,47256430,4122735,9440975,7189466
3962200,2128947,3561306,3108849,27085999,2743517,3748936,3346505,67352439,11974742,15920506,21669096
7803642,3309979,4547962,4096355,38429241,1740704,2607971,3813691,36802001,4961125,3398920,3585660
27777867,2423771,2380361,1919906,46920380,4764194,5163288,7611290,49598170,7146695,9674929,8206911
31462111,1191068,1530192,1229041,39255607,3313410,5605191,8361279,33800606,7692858,3210761,2969623
37845461,1353684,1974071,1818254,26192484,1245652,1453348,2202312,34611641,4003870,3732101,3404801
26529471,2765729,1690090,2334452,25812925,4291044,4345755,4878760,20032104,2668099,3767726,2849423
31489315,2870299,9334614,6860136,30853501,1941113,3236265,3074041,39570342,7176687,8958709,5729203
49756409,7781342,12616322,9937455,20971280,1764795,3676842,5180514,31721379,2771128,5852225,4584086
32676276,4078164,6323566,4486684,29671695,3978977,7413531,12024082,51145931,5701256,32728417,26641018
11165257,6076031,10390401,7064091,29874376,3116707,5615848,6664924,33294638,2151259,3359314,2443326
32923085,2701064,5694709,4700171,22238313,2874740,5990098,4998356,25209006,1494166,4576721,4408906
3509466,2201914,2983199,2432290,4702098,2427667,5249887,5806130,29419252,7632828,10425778,9619499
1514267,1603478,2518707,1859590,31550866,5795811,9005965,9694207,23417693,1568457,5315257,4572343
43672431,4386127,7042598,8951395,22209522,3511978,6837628,7760652,19318082,1535807,5181649,5749065
4086424,3001293,5920181,7265166,29884801,2622339,5563849,6234734,27698702,1002430,2463216,1970208
33138908,3473163,6210025,6472812,5023696,3958960,6862604,7454455,34438346,2622480,16903413,30941955
3226524,2059767,3513986,4266548,20912042,2992224,4133971,4449611,20089395,2021739,7276988,6843582
1078087,1134370,1622995,1739032,12031321,3247309,4895962,5178640,25690036,1413061,4776221,3815797
1309833,1056809,2798714,1580990,24516690,2842511,2819058,2865679,19127737,1181330,3369189,2773416
1438698,1198176,1940622,2268460,32568098,5600593,9725887,10742652,28847678,2446651,5055975,22318904
28090958,3542565,5245515,6585991,26863769,5368721,9242208,11082442,29916253,6796508,4326685,4329225
30240167,3044417,4874363,6058566,30614424,4648531,7262006,8068258,18417280,2765811,3484240,3461943
33111085,2836317,14741224,5603828,38881684,7701334,9686332,10550175,31917111,1910561,1597638,1296932
24266469,1917265,2775684,3134274,21503831,1466733,1467735,1493092,33429669,2261662,2898639,1966301
643030,1066442,1392163,1530042,25503998,4091179,5433476,6114747,28002369,1423839,3802254,2863640
24814658,1535355,2406702,2097641,24860257,9578573,7443099,8545516,30012025,6833200,25360161,7405444
23587825,1662657,2341490,2590290,23502870,2203962,3716640,4373907,17264352,1176055,1434288,1015107
2502560,1577943,3152503,2537474,23005663,4088314,6323157,7245818,24181072,1329528,2657422,1733580
14314790,5406202,11772508,8481656,32523999,4583768,11411034,14133260,18238602,1034443,2341073,1634168
2894422,1842483,3150134,2179676,24770897,2354732,4502666,5429408,23129413,972343,2326468,1529317
24077467,1263803,2449921,1582530,20496007,2661246,3966419,4356003,18363832,1114100,2559832,1715742
25065849,1905733,5066198,3807759,1548883,2047878,3725748,4377487,31395376,2808997,20395668,24345240
33064626,1510928,2704770,1906945,24546383,2004515,3532106,4015574,44704135,9074184,7019018,8264726
26172016,7251277,15208896,11278763,44320984,10241755,39094880,23824887,17972810,1748848,2644690,2140379
5063041,2587997,4800907,3713457,37874911,4330299,11970101,13937729,28015817,4458283,9097307,7929328
3976948,2631335,3260602,2516601,42684296,2089179,4914098,5202485,17506057,1733166,2111317,1756452
54487920,4622105,8306639,9876783,37140150,2421909,7345724,7805346,26370097,3007611,3827316,3196627
36605457,1735911,1778260,2057214,44934061,4803144,10804804,12246579,24955734,4412202,5460905,4591659
2555826,1875404,3295723,3307129,27752846,2028651,6562513,7592530,19472297,3083862,5239574,4318539
38985791,1854984,1961681,1910882,28016677,1806801,6087452,6873032,24146076,2451736,3578565,3404053
7324193,4279102,4325690,3895292,27441181,2977598,5117558,6348979,28371772,13873566,12820755,10346499
1451943,1788245,2216284,8582589,20276028,1630292,3837250,4996829,23142149,1575215,2489623,2071153
42481302,4302876,6626511,5923366,24325024,2500216,5922238,33312870,22523924,1997931,2887548,3433465
5926193,3582582,6470466,5742942,17945954,1104903,1810132,2614697,18823608,2301144,4847405,5491425
3085808,2373987,3330470,2761372,26492956,1590761,3953900,5413820,24553480,2110804,3740546,3551909
6482617,3393587,6416614,6609700,24161352,2533582,7021469,9939315,19615612,2129366,5077841,5385897
37897083,2591702,5217424,3364074,3723730,3627367,10610855,15180277,25434987,1531435,1871242,1681942
5469022,3223416,6733139,6036070,20380460,2631868,5788476,8345040,25681756,1665324,2666241,2622638
3990197,2405607,4831860,4253050,25878265,2650448,6419523,9231888,17333431,1482857,1676576,1597521
1283642,1527004,2632971,1857345,1059479,1011698,2690024,3524322,29029508,4435747,7695869,7743134
5280013,3356570,7495924,6198400,24466651,1772017,8165207,11259765,18947744,3579196,2449283,2622620
4443651,2675281,6151861,4966634,29493956,1438620,4656518,5630494,28295921,3512336,1965498,2665519
35121517,1275309,2051124,1312151,24876794,1650765,4052354,4643843,24771780,5664200,1658010,1470092
636335,1019847,2024671,1127358,18940516,1708653,3364150,4170376,19699562,2124018,1903644,2037035
27052910,2017168,5259185,2900827,21969919,1311375,1492001,1519408,25631443,4167380,4459596,5662478
21638171,1370260,2068693,1693798,2327626,1991558,4746649,4863918,17613163,1625770,1250268,1847039
1874251,1431344,2345610,2069103,1662528,1668944,2817869,3319168,24871525,1893228,1463655,2834860
1241738,1271827,1837666,1395664,21912480,2540876,5193072,6411789,17691273,2004640,1556555,2908341
36770706,2272117,5051112,4601656,24129497,1625819,3868582,4639962,24869191,1179315,749515,788816
1466246,1625642,2666568,3470705,25907089,1433667,3198303,3992426,27172292,4174732,2669721,3184681
20378346,1406003,2810113,3689537,18658397,1305556,2309670,2307236,18195652,1759817,1878734,1845190
28252647,2334548,5254057,7414112,22869312,1269297,2022935,1985525,26030169,19692117,3854173,4858597
4014095,3159866,6205245,6214152,18586013,1278092,3591498,4168695,17545242,1816666,2256382,2325175
1457679,1961862,6978284,3567593,23433541,1178090,1785386,1931482,23365510,2198270,2053869,2589102
1816971,2234086,5496636,4768496,20090853,1176753,3241330,4109960,23043675,1508387,1233442,1615453
1918653,2380299,5895164,4929661,32288287,1130983,2291914,2267792,18710969,1869930,1431007,1697414
19174236,1805587,3451503,2622482,1190398,1056628,3064243,3965220,22542565,1778372,1325278,1502688
590964,1263144,1788488,1252016,21398028,891550,1709071,2026981,18471856,1628551,2233618,3327366
1863917,2181092,5422441,4878084,1766923,688136,2227009,2979495,22849982,1712532,2208257,2951447
20448965,1634017,2121311,1538004,20007305,1871949,4774916,6360839,31282036,3600573,6684382,13635890
2119704,2124844,5025035,4519225,24045926,1332349,3105302,4058564,17889991,1938034,1128883,12825358
755863,1314775,1922710,1438863,21370207,1429388,4378169,5519696,39080083,2732021,9611266,16773750
22113606,1792802,3034416,2413692,28678880,1508367,2326521,2502196,27376203,3336956,27538651,5797812
636178,1306393,1977085,1509415,23375742,896045,2895486,3700935,24816362,2114456,1710056,3005022
21189887,2493137,7041591,10137068,20645741,3191432,3547539,4304768,25189608,1676856,2650059,6891623
23047267,1783333,4373993,5300132,22932513,993761,2895114,3662095,16675527,1063697,704206,1139609
31701910,3600828,10839433,13247031,18263113,943515,2183273,3053238,28543990,1492211,1150353,2565043
2217669,2003909,4955542,5684831,24211173,911911,1757444,2615938,17548549,1811368,1188503,1940161
20417981,1715736,4417753,4868037,18556667,823088,1689095,2753636,26595260,5036383,2993604,6896844
1315529,1296452,4025594,2452500,568830,694527,1175358,2044446,17755526,1652650,1605612,3200321
3852276,2180290,5987617,8379102,24990244,1295330,4462194,9281678,35184459,7523332,3190860,5087081
21344650,1624924,4340135,7080764,23007776,1842753,1803173,2434931,28454159,3683742,6568767,15334332
22544756,1380354,3047641,3922343,18479842,1842222,2409519,4618795,16777896,1310483,1022276,1608005
3067441,1512449,3857480,5613770,814618,1010592,1629646,2808797,27943209,2720218,1365275,3503215
23499572,1924139,5063288,6897295,25852344,1409248,3335462,5654508,30375353,3849360,2015243,3848065
823783,1260274,2523055,3922850,19150643,871638,1313778,1448238,18732487,2108743,2020616,3414532
2449071,1695234,5249199,10173174,29098044,1624536,4280690,5195690,25220419,2999768,1860007,4219045
1529609,1533061,4046376,7145000,25244374,1778044,5313472,5905499,19545461,2935274,2167721,5518094
2687582,1583405,4761419,10444683,18241278,1291164,3158895,3480813,25518104,2001268,1616062,2930361
459784,1013460,1600265,2035515,29515544,1142256,2930332,3067746,19667710,3154386,2790025,6166127
2190368,1422150,4491744,9370137,17564071,725013,2041134,2003137,30367169,2721204,1075944,1296654
600941,1194820,1946682,2781170,26145267,925017,4073951,5072446,30376976,2407464,1852912,2937740
21365998,1034354,3183026,5577712,24846692,1867702,6339571,6148549,20090663,2857923,1761499,3661546
18558141,1006450,3704400,6412407,20171850,1246351,2234724,2172323,24910623,6039028,1542844,2985345
1616131,997897,4111576,8052709,22986827,1169103,2775348,2772553,22716998,1820395,1270598,2581052
1324649,796998,3817313,6627657,18356972,1068337,2615253,2491346,25912225,1969092,2090626,4544538
20602011,642411,1695111,2293107,22632087,1322973,3844226,3461054,23826486,1661604,1194284,2304983
525126,528546,1447676,1928320,18384959,1353333,3576973,3438827,19496041,3074078,1157607,3984407
2136417,767029,3455688,7300304,7025469,1513692,7493168,7215454,24191581,1386907,1107102,1771254
1092065,608662,4619042,4553620,21316579,1104319,2610109,2583355,18231208,2936472,1459621,3582705
812330,585614,1932722,2945594,23255174,1124238,2991293,2677212,25145443,2099842,1585359,2626945
430379,545424,1188669,2066902,19857982,1029126,3902093,3651885,27288665,4690041,3243644,4631937
19952030,576018,1968047,4070843,38965537,1181267,5382369,5139439,20382219,6289735,1689539,2358293
22613710,879830,4423625,10557516,26427691,992956,3309439,3075916,23258063,1142880,809295,1025432
933304,937651,1772898,3104683,1487600,732720,2642435,2438344,22590117,2682177,3200779,3449027
1031804,1035385,2122187,3346624,18991635,733690,2289650,2026091,25157952,2391403,3928327,3585327
1965365,1297585,3932166,7111590,264797,516006,1355400,1139377,24146456,1372161,1411807,1249951
2342339,1493903,4093636,8324959,28472153,895754,4461953,4362185,40259797,1540130,3355037,2824917
23723915,1144861,3222541,6312748,19342038,1005137,5591455,5291402,24964575,2232358,1949408,1651845
1074197,1162424,2223851,4334062,300488,626147,1267279,1259481,21635583,6968511,1574101,1797795
20751872,1363185,3808206,7171926,22517421,572746,1246350,1300171,26119308,1481744,1303795,3410569
371625,881584,1222093,1493244,19636360,2120431,16166260,4743542,23494054,1352885,1126582,1572154
454784,858411,1469051,2181603,35726209,1205426,1828750,1753402,41494780,4735518,4031978,5832936
1189850,1153738,3117350,5492037,22146707,1307353,3217694,2969897,29902547,4674943,3293382,4491975
334668,992275,987774,1637508,18286123,1539635,2985597,2642513,16948462,1148043,1030109,1404191
19782402,771859,813959,1796034,1951181,1590505,4246457,3962824,27491034,1671199,1129229,1666115
20547750,722049,679581,1643827,23687268,1372121,3955361,3962773,17436867,1240149,1875009,2528501
1102754,767085,847353,1920816,18355725,971301,2279084,2197181,24856043,1361359,1747130,2455549
24324979,1770641,3544103,11053734,23890876,1238882,4601248,4578289,26891580,2474828,1854673,2471073
2125013,883371,2609717,6817785,22914144,6080014,3331452,3144477,16227955,1076278,859107,975753
2090631,712550,1978039,5557620,17909363,1095635,2432800,2224024,36031059,1118281,1179614,16970390
20484395,529262,1068361,2623032,24666621,1224287,5541796,4748419,35077044,4364636,2205787,2838717
18134679,610256,1312140,3554927,17772595,622494,1575283,1550319,48038119,1899005,4951745,6898786
1081379,574347,2880610,4224291,21748655,804942,3531691,13737280,37978632,889207,15294470,1708489
451727,451158,1634673,1927304,23829521,869866,3318567,2852341,33359311,632477,1725124,1600315
1158349,561147,3223604,4466980,21462692,651068,2859071,2190883,31168392,1105287,3125371,2211680
9241180,1139194,6688701,10893098,29068315,742506,2055925,1634412,21035395,1094196,2186581,1281140
2864784,673225,4055844,5702684,20054026,1148159,3583619,2889759,24975949,877326,1773758,909947
3517610,842768,9911481,4947835,30956510,583986,1518738,1473039,36795341,1647293,5437240,4928769
1879809,1262755,2314743,4554451,17004645,564521,1383094,1343312,23527239,2313976,2573412,2094233
19482682,969666,1580298,3124870,21988679,862882,3885444,3246035,32709301,1597453,1796011,1398870
952624,902380,1375650,2388026,23632663,918902,2744641,2122128,30226920,1121599,1568389,1768831
6656598,1478783,6421074,9325297,19187209,1461550,3028385,2724557,31649366,974106,1497831,1453074
3138038,911324,4665041,5621743,24596528,1524166,3513944,2926326,25597676,1428222,1397311,1567058
1768288,683806,4131134,5138176,20308592,898982,3084480,2425129,20138111,1252896,2124038,1910522
1868504,770008,2756551,4807716,24357141,1149811,5737351,4193960,23181339,852247,1117052,968708
1182099,792126,2165555,3648948,25353547,907361,4972116,3587967,23938514,1722073,1508044,1408481
30477109,782770,2257642,3858732,18620470,698967,3887156,2710847,31787172,996422,978594,850740
331549,491452,832627,1325973,24086958,919776,4938020,3543810,45514788,1540955,4784903,4953695
17297705,687050,1454120,2225467,29473188,530359,1974037,1615154,32066673,1211696,1908214,1915064
1199463,729240,2223355,3415583,35715017,575476,2155656,1803485,48169950,923484,1567984,1566314
1217507,692919,2517852,3785944,36776904,601441,2518291,1928495,32814979,1336743,1863134,1770069
1341393,683022,2546180,3679226,32116500,959737,3846302,2904903,28181893,1148326,1629810,1588661
1359238,590883,1572641,2350993,37854700,789028,2643674,2136183,23821294,1851628,2396363,2291150
19330382,629186,2086374,2981674,1856923,655350,2918229,2178028,17974844,1128519,2244635,2301367
23505658,588529,2225683,3109871,34604238,849254,2019852,1556356,28375503,702859,832880,816019
2513460,642564,2419007,9003626,36155224,702878,2513226,1854266,15162370,763874,1061307,925824
4687497,5343206,3661606,5767485,33067481,762948,2959068,2166641,22860364,1233356,1862363,1791637
1363515,826661,2438292,3500439,37481111,772401,3453612,2559210,16638140,1651395,2292893,2330299
19482733,579090,1999409,2984534,39376093,1211279,4418784,3254818,33863756,3096074,3407199,5432301
458664,497233,1036915,1516354,32916253,770454,2874684,2328930,29216346,1101896,1042057,1625586
1502744,682070,2595475,3618763,28299655,752367,14939530,2082227,16941488,1166601,940561,1677831
899898,587940,1505605,2068439,18913215,1418646,3912476,2987323,24298754,3112710,2371243,3992462
1476674,664884,2636748,3613261,20494076,811768,1418965,1323649,20197076,2535946,5076171,5064996
3551360,1301880,3357964,5137863,20482155,1135877,1973446,1917103,17698485,1303705,1388448,1285853
22435834,586082,1382914,2207944,16845580,1116523,2803557,2636389,24403020,770300,1154180,1074744
4245823,961084,3570172,5148262,25851854,1044205,1740417,1578020,15597635,760904,1190756,1004858
1281791,527666,2232445,3091105,16857179,1240112,3565451,2986507,25328413,1660315,1952472,2001724
27674536,458737,1235725,1787260,22263585,2569689,3373119,2850073,14932825,922638,1162801,1197615
828802,504299,1560973,2244255,17998031,1494476,6078490,5066777,31306144,1461647,4749460,4822280
18717435,643124,2876233,4807124,20361377,686490,2108976,1941782,24075886,2179860,2235426,2071588
1102148,565439,1535168,2215400,20085744,596812,1377630,1318465,17476395,1758044,2739471,2518861
577037,461405,1236422,1791984,16438400,1408751,3188361,2778024,22618273,1226066,2607874,1906677
775037,478419,1272697,1750993,27376254,679089,1519913,1353661,22656698,1680333,2768323,1025269
21008045,786410,2585115,3502746,16050791,908039,2088100,1675402,16329670,1320062,2515921,1388673
1620189,632904,2975478,4023115,19419137,904540,1907316,1561053,22993640,1483509,17987729,1263081
1086278,561658,2314142,3433940,20838180,729686,2721648,2140969,16664868,930046,3448632,1725396
1668680,621713,2731022,3805455,18364240,1007553,5227005,3982388,23157167,1058816,1378170,814804
1384085,598606,2068843,2859079,24011160,1412748,7192465,5738827,16815257,1402562,1887056,1199929
1927406,650604,2751944,3977153,16637182,860974,2886501,2455174,23125219,1251139,1565915,1273265
28716747,559921,1424108,2281406,25125836,732914,2940336,2423473,21391461,1134347,746087,632872
17172657,550882,1219134,1703218,26317063,3219598,3445158,2786565,19774773,1460516,4306297,4237104
21715016,882430,3503926,4413778,18414028,1006495,4052039,3266404,24790569,1269653,1539106,1569194
1609929,709022,4273991,3799099,24841192,744868,1859093,1741690,15440413,1348608,752175,737468
2062705,936919,6342481,3803424,17232042,763577,2307168,2158604,23294858,1725173,1231135,1115495
18664539,800035,3937450,3989921,29459545,909305,2633625,2202106,22890317,1403799,1121433,1111529
20100074,616593,2426271,2355226,16928246,910851,3542221,2932851,15161799,750849,756214,764832
25401588,1095906,4894220,4899208,21338539,860883,3539990,2887736,20181690,771336,1048794,992050
1615747,749536,3958124,3590269,20789703,571399,1853278,1644975,16639928,1233803,1258938,1181040
1357504,605335,2437845,2281394,1334270,744512,2806000,2231016,25939030,1456892,4228594,4144746
1768510,724657,4065097,3588857,15418763,605938,1551052,1360028,23335543,1022272,1441372,1065909
17754890,656954,1859917,1646359,21044725,741071,2399209,2005454,19206982,2157572,3099548,2761590
1662546,788490,3930060,3531667,20430564,1086983,2781952,2096625,27334268,3942396,2600666,2454538
1350041,1211699,2349013,2207220,26328105,855730,2010609,1778403,16272827,1418703,1725062,1698727
20431479,1124434,2167264,1963901,21753090,1514312,3100243,2624122,23214908,1596494,969048,949195
2999907,1626369,4904127,4469400,15771149,1056082,1548819,1422710,30739740,1595540,873988,830434
480536,869763,1528722,1350949,20311709,1248103,1455762,1341343,17176521,1701843,1873182,2560942
25026466,2866557,10294023,9789288,16939103,1299672,2691205,2391312,24383990,2332365,2096264,3552154
2019405,983886,1805072,1678803,19777130,996348,1329783,1189451,14608669,746269,646178,1388970
1863655,870639,2098516,1892585,17594270,1665710,3935101,3051852,23903806,1554205,1888924,3165602
27913274,871554,2106461,1884908,21413423,1577652,2413096,2044245,25517369,987142,542781,954224
20826556,1450674,4390019,3970343,1158512,1308643,1865729,1656180,20680675,2153274,4201986,4478369
2171431,1482624,4051133,4231805,20155716,1130634,1234799,1077852,23037530,9566646,1040138,1101406
979431,1148902,2010949,2021881,18180067,2022679,5142959,3682810,15580814,1264877,1026801,1011628
1617066,1406923,3882544,3906138,19885660,1342849,2303314,1750097,28809645,2361161,4551591,4498078
18044158,802851,1085576,1232544,15441603,907589,1835003,1442629,24564944,2218314,1460922,1422192
21674712,1147444,3167508,3100786,25375121,876551,3039262,2326497,14962624,1337538,1012057,675244
769553,978515,1755808,1864890,21832009,1092066,3724342,2829649,25058572,1674229,2700705,1676070
1261388,1187381,3473404,3029462,16712225,1025897,2803471,2475222,19952983,2026930,2872345,2044347
19320215,1307010,4594474,3989719,20028947,884041,14004804,2310314,23247165,1328883,1866172,1087188
6073483,1476851,5414030,6132451,15108618,703988,1194752,1225404,25406466,2843216,6046518,17450302
1432122,1173698,3731403,3365461,24152620,2129308,2578442,5014608,15291537,1719314,1795812,1597138
30107358,973736,2197906,2126569,20359241,948064,2416266,1855509,23735211,1103064,1002211,771778
28658963,856132,1393744,1424840,15669894,706158,1592428,3496000,15746067,1474908,905070,773999
4179615,1383933,3737346,3669822,29133809,1102775,2733723,6277231,23219273,1855017,956341,839181
23497571,944078,1274384,1356304,16457598,784615,1777923,1713785,29694281,5780008,19623921,3247158
20042059,992574,1433394,1418116,21959665,1423622,2485028,2018662,15470497,1550150,1095522,949205
998383,1105097,2263411,2134447,15789485,1047160,1468299,1412199,23064255,1377494,1293261,1062788
947563,1253017,3208500,2872650,20130003,761051,1256130,1213916,20613252,2065461,1881456,2015600
572290,1048725,1494291,1464585,20661116,953193,2285852,2085389,20668607,1531885,815473,1478637
1070916,1282943,3251201,2925249,16990349,692282,1207965,1227722,23587838,1509902,1861051,3166558
270637,969588,1282823,1126894,26434840,763919,2058687,1892371,15802196,941126,852421,1684001
1363302,1258862,2930681,2911104,15208318,689722,1175262,1244522,26234088,1716535,4258046,7130008
2620511,1552573,10397458,4055567,1599604,883112,1995164,12997834,16705872,1143793,772293,889131
4310716,1480224,3870190,9218691,386965,550223,937056,1030269,26526362,2054586,4583688,4610428
3128317,1467762,3704448,3679601,25153792,678926,1651141,1653758,22244621,901756,952945,966625
3727263,1555409,4179675,3860362,15137781,820407,1025182,1085238,15232805,1145061,1283020,1272488
1067782,1156736,1979320,1938436,20177173,2134892,1570122,1533173,25191390,5201633,2147585,2298812
755421,1019401,1700561,1859695,21557480,1279423,2063087,2040642,24002638,1262648,1355222,1477155
1049429,1314689,2978294,3131624,17066579,902135,2135810,2203163,18441961,1666990,2538017,2267825
23752146,1150139,1922964,2058843,23368944,760150,2283702,2049366,22441510,988950,999158,850865
517411,1175895,1680806,1709848,20082979,1752538,2993827,2877364,17590891,1451506,1751070,1718302
17238398,1004037,1039360,986650,734110,918731,972406,1126543,25160743,1872954,969869,987707
1937060,1114570,1981390,1905852,25829494,1179202,1677336,1678384,15329490,1562430,1071424,708698
474460,916000,1252163,1215432,19651588,1242991,1895064,1992403,21094079,1314792,695382,655824
2718850,1600354,4185150,4035131,15387366,1256065,1406800,1530582,26936436,2364483,1009286,1013896
8006479,2793523,6932955,9081007,22575566,1163775,1584891,1616566,16958800,2694395,2100159,2051842
460922,989307,769592,1060465,17931345,2199043,3366373,2828752,24530975,2220028,1731881,1685011
646308,933790,842830,1357498,21514007,1477154,1943559,1632618,15403033,1491316,1185686,1160068
1655394,1095057,1223551,1899905,20670402,1098045,1217661,1235307,26096692,2227296,4540755,4394385
5271485,1637827,3237228,5887373,21280562,1509741,2026822,1863967,27000695,1283961,857677,919563
2017504,1077893,2938525,2654658,21361101,1094587,1294225,1109163,16281211,1797425,1238888,1226442
1559419,1171328,3993948,3589316,17218297,1355559,1960152,1685809,23564490,1742010,1120958,1104486
20815170,1088491,2525294,2597177,19731568,1131100,1535307,1207612,18704851,2917594,2980509,2931265
2066518,1086701,3163630,3090632,19831405,1620781,2350681,2006339,24838498,1533774,1077109,1067325
506154,774356,1350077,1457855,20398963,3294109,4464726,2694065,24145929,907633,530812,523307
1475998,1013054,3562164,3363344,22286795,1386144,1738965,914691,15418847,892136,563389,547161
1206749,962618,2802497,2768568,15586864,1182131,1118159,627312,21894274,930229,459828,481597
920642,1094396,1743682,1802542,23879010,1649639,1987986,1751324,16000625,1667055,1613437,1371300
313117,890087,1333732,1339277,19208707,963097,608108,537333,22568637,1956783,1169594,1161051
1379558,1390564,3476048,3426917,15396615,957649,760140,723964,16001927,1343456,626021,555442
22009837,932397,3350542,3412368,23693197,1030282,500151,474328,22469477,1187013,1494328,981736
1035199,809810,3188953,2962077,17996796,1391877,1365867,1191896,26481399,1510581,1544087,1282572
3204127,1216021,3343201,3811001,21003431,1168877,1045122,718417,15509138,1243054,876554,781265
1219115,1093548,2547745,2947419,16987018,1308590,824257,687787,22811526,1595034,1397109,881775
890778,1071213,2709341,2950933,22573299,1521180,1421385,1334690,16399867,1787499,1342507,901698
841697,996383,1767424,1896170,20684118,1262527,951075,890532,22048808,1583515,1238245,780198
1288500,1130280,3285175,3418524,18993680,1503796,1463161,1348480,27868016,1649937,2119325,1538629
1243517,996264,2632060,2597113,24033308,1268935,953403,881358,15725398,1491351,1675994,1393432
973823,1118470,1684594,1814964,1217590,1421364,835148,849179,22020128,1168407,1303372,1040668
6356860,1737282,4587143,4850991,18341584,1367245,1143684,1087955,17916069,1123277,1464264,15724663
19146541,1017483,1193595,1302316,22246274,986526,836274,789747,23802669,1151004,1686268,1758387
2889148,1263708,1821401,2014960,2248800,842826,1477246,1510522,21912193,793179,780656,731600
799516,1031774,1660106,1893611,20232104,746392,704171,825353,16096030,1073161,1378622,1124881
2229981,1156165,3178757,3331872,15277387,720247,658032,676366,22353884,839496,839121,762971
1566713,939114,1743941,1828749,21309458,815907,977568,983301,18729675,581146,587982,566936
3953507,1237579,3229221,3621849,16158541,611465,925478,592773,21537601,680922,848325,1488981
1181545,1241724,2259718,2474423,19886954,551425,607963,570068,15928726,995068,795360,1528292
18868304,1190429,3116295,4677301,22573047,666896,695164,899908,27867723,506409,14555223,801545
22676251,1050833,1393941,1538824,1292028,868518,951852,753052,28926910,4197889,3942579,6433118
1880676,1225962,3158528,3117870,16797442,701685,595616,510649,18710133,1190845,986665,1805384
18975300,1292983,2886949,3236307,534536,571118,874854,844539,23804287,948767,897885,1215585
1663056,1094021,2897726,3221783,20258199,617261,685763,664444,16103111,1597497,1318695,1339168
423782,743116,1136674,1114921,15922985,689755,1102879,668556,23151770,1003922,877497,885139
1504278,944036,2832959,3600703,20212778,723032,1403887,792314,21451083,1763863,2196878,1875762
362844,807792,1013382,1033835,20444847,876963,1202730,689762,17426582,1802652,2850892,1490262
1536146,1068868,2229418,2319159,15094867,964448,861162,472464,22362451,2623416,4261204,2314976
2953333,1395614,3821025,3908861,22508199,1067585,1131660,704401,15949895,1911245,2111756,1192905
8368258,2126182,5162191,5197893,15524418,910691,759754,453585,21215395,1519334,1723041,927780
25365045,1443247,2469737,2393631,19635492,1103492,933967,759126,27138866,2443164,2503484,1703373
1254584,1283759,2361381,2057085,15764004,1304084,1076608,652790,18975949,1224538,1633603,1417411
1443617,1249001,2425263,2025113,20161231,1002078,786652,474481,22433077,946236,1000195,1045244
19639147,1264175,1364632,1239032,27737285,1293991,1398580,1170766,15747502,1401722,997944,1204158
1129605,1369635,2156705,1725453,17149652,1179052,1400510,855769,20166671,590875,509996,504140
16854602,1082435,1530015,1244260,22525514,1270311,1395001,893282,16458207,3610703,857230,843265
1733499,1589055,2989968,2391855,1454978,1084249,1686522,975661,25361132,859574,1256058,1255782
257841,1118385,1064319,862878,15713575,1157356,1215483,957655,22330700,1671676,2032467,1940111
891149,1305859,2364721,1786995,20806791,1211814,1169184,1225045,14793618,594420,614238,475517
1181441,1211160,2361455,2131740,20352248,960470,770829,1421545,25935382,481227,520546,487348
19837107,928516,1179248,1145473,15386192,940671,433185,655111,15351286,907942,733510,735843
1710910,1339024,3048057,2874711,26253278,1247110,833058,913702,23218329,1594403,1405494,1364256
1942137,1434624,2575432,2610837,16455043,819667,456180,585741,22124306,666656,813507,757775
367020,985903,1156652,1168709,23999381,1358651,991895,1101054,16062422,641335,1072913,1065202
1673118,1561294,3045648,3023724,16657709,1351805,979519,1246123,47920502,6996801,3687065,3351500
1455833,1263750,2563559,2615801,19414780,1042827,691779,934799,16215498,1282417,1615821,2328378
521321,1310563,1065522,1279487,21886900,2390440,1493826,1645755,20930616,752996,579543,760707
20679099,1534822,2175084,2233707,15327020,1182006,642285,774603,19800205,578221,559721,518770
786542,1552815,1422618,1507424,21074627,1242124,7859167,816645,15802504,797479,1067152,689272
646364,1294741,1363883,1387982,16062568,1374674,1208479,1208277,21948045,513285,466547,433336
1023837,1501235,2148522,2202023,22787451,1466209,1367248,1504537,17517152,2343204,2036848,1877290
1011121,1405939,1904130,1956076,20213193,1483218,934364,1064613,26815237,922510,1590428,1591462
1187654,1487805,1920599,2042732,17942732,1348283,799196,1005827,23985131,754942,843610,857929
2989009,2353231,2537355,2813515,26143049,20375551,2527814,2728565,18131294,1117762,1301699,1277668
336472,1252131,939619,969183,14934545,1199042,485367,696429,25380322,1840119,2879620,2758320
628393,1371860,1448734,1513510,20598121,1651993,1536437,11132134,15048430,1370360,922368,752631
19807358,1564673,1639741,1849136,2613763,1748602,2323990,1438234,20179057,998523,997998,469778
21678825,1584286,2271949,2535922,22966259,1714854,2005615,950285,15095794,2624462,871697,454928
21279263,1278243,1645723,1980507,1158152,1286898,1502185,778581,25705593,2171121,4537632,4017444
932602,1376356,6006883,1696360,15671817,1334957,1313000,903545,40734406,11598169,5465476,5367915
18658634,1803222,2550762,2807288,20468729,1330953,1534334,1321190,18736813,1649416,974426,890196
1071602,1418670,1427757,10510024,15595558,1342748,1141075,911360,23852140,2335000,1251097,1291409
377059,1157275,940458,1134269,21300026,1675404,2876985,2453211,24724555,1614061,757827,895350
19976007,1242646,1164716,1115201,25489961,2350441,2472970,1394458,15980655,2025288,1462616,1565081
1457416,1430888,1974117,2014682,16638055,1972983,786086,644150,21014698,1287585,577079,14149098
19083015,1215034,1696725,1630225,25109217,1886661,409906,467422,16194655,1376211,1735994,3106041
20825695,1452647,1743517,1695480,21729344,5225522,2492929,2234933,21731164,1274045,797398,1275386
334577,1155690,995572,1008514,27196508,3159160,1135555,978203,23004414,1274656,545213,1157851
19577534,1149731,988225,985007,24132721,1229633,407296,396975,14916941,1135512,761205,1296939
419340,1028706,900685,943346,15550941,1348791,561882,529779,28754219,2986568,2463138,3847363
378258,1312619,919237,1034544,20098097,1446854,676703,554416,14918918,1887448,826543,1284427
1374591,1569573,2287977,2527109,15467439,1245145,553856,480488,20888855,1564656,13539846,2843001
879600,1345110,1509890,1529542,21494002,1322873,584583,539402,16098736,1667502,1325947,2500685
659370,1211523,1176927,1582847,16074911,1449012,1284396,720997,22979242,804869,505318,1102330
848199,1269311,1818286,1768114,22045710,998996,1278277,1123105,22773459,1191216,973748,1769594
1348317,1419750,2025310,2080266,26210697,864753,840317,782553,14734373,1021651,931029,1782643
16658894,1094446,807639,943666,15828500,837256,586036,547026,22988134,959937,1058981,1115562
2890836,2053236,1263817,2234323,20166170,825492,541726,510133,14361718,541674,431977,434006
845674,1300950,562112,1074358,19192677,960065,1028819,947946,22049554,1374115,1194813,1078709
304910,1052011,441280,1247576,23849808,1093102,351175,426729,19600486,694524,1032510,521689
1871952,1555668,880007,1923110,20159561,1640185,1276888,1447252,15916623,1755134,2192165,1226610
580302,1217757,498217,1114220,15476417,1329825,592784,577091,25941438,617595,1015471,593070
297476,1075872,403417,909935,19410058,1334631,666198,685566,15161799,700767,1271951,649061
751761,1142938,558907,1167691,18304418,1456488,834173,830481,21071080,925433,1843808,877530
684279,1245458,612838,1008087,19618727,1331840,639904,644903,16191363,999532,1786691,897883
299589,1028401,490413,865452,16718112,1740241,869263,796533,26282818,1232195,2077080,1539319
357616,1015115,495421,964657,24694508,1191027,560788,525310,21344598,800543,833109,646439
334602,1094661,456444,833310,30752532,1520804,867230,1136532,17845110,885420,1128406,1041443
1038499,1576588,882434,1661469,29621711,1536776,955441,897683,20947542,578229,775709,719015
1090338,1346688,806122,1586246,31899122,920026,402950,391918,15083883,685337,773184,704126
717438,1301579,757458,1406426,21031627,1135758,821064,817846,32919356,3376683,2380595,2228324
771647,1190351,875138,1418989,20447551,1737085,677799,653255,20240470,808108,788852,722339
2075476,1420866,1041074,1659508,20225018,1304918,812647,741211,14909843,739626,523229,413108
1443329,1336835,763501,986994,14811008,1314392,818988,589927,22664594,1339560,989186,920719
29446719,1344174,953554,1430043,24041330,1101785,505718,441545,14647508,1041652,1364204,1303405
1927043,1644073,840160,1372803,16267764,1835906,704351,654803,27903535,1493021,1661921,1550247
1606395,1436417,1186480,1695249,20261540,1369693,822620,753244,21009888,538718,397086,357292
1069573,1298751,721493,1296862,15616914,1149526,438332,405896,14728351,527685,538787,532423
333576,1053753,427443,904604,20974991,2605755,1188162,1109913,32069131,12969249,1758781,1698808
19977437,1027677,403471,943710,857325,1193170,733885,660390,14468131,702060,618356,582735
1445536,1201627,870211,1768267,19115668,1173961,557818,565381,30269032,684476,829003,813324
805476,1341980,536498,1285986,17540448,1230024,892183,821836,14982252,440981,460115,470639
16968210,1170072,472539,735918,19229092,1073231,414988,428795,36712915,833776,1194704,1184976
21142363,1331360,798601,1202437,15082149,1254348,694970,712878,19347557,530174,660346,605950
2051965,1441923,826571,1084906,1326585,1357763,732823,701822,14617654,737454,590966,580768
23708860,2650108,1584109,3086023,22383817,1105032,525526,515794,21471736,520482,484875,508133
701447,1174326,655482,876132,17717172,1074200,421016,441455,16027037,878535,989629,969764
1640134,1400037,988767,1205640,19269638,2673400,2321067,1785442,21672223,496827,596174,961549
8271377,3110933,2008592,1997730,22025358,1829567,2263169,1654841,20895349,440764,435577,872398
1369760,1345371,847213,894222,15611789,1573857,1234123,910838,15009055,812701,832510,1599884
2826066,1923707,862575,899063,23758181,1263698,1169046,824276,22070663,538330,729342,1300801
1189063,1249380,696680,716329,23579275,2136428,1706128,1513055,32056255,16324118,3516122,4603009
1307709,1399979,824723,677715,17919389,2563438,1688187,2339755,22417096,1023187,1532850,1616711
20072500,954790,492053,432354,20431991,1234010,643652,1057008,21322883,477084,572374,698445
1418133,1145766,757767,765368,14946614,1121780,567860,1255499,15301357,529484,938812,983942
1456773,1332668,640645,606926,20122198,1138024,529682,1135542,22291655,542539,738935,777479
609016,1105462,399853,417953,21648340,1368509,1080917,1992426,14901473,704589,945913,977188
510829,1000492,379001,505922,14933868,1107768,566129,1030399,20862417,890897,470978,531859
703425,1027505,706439,584176,20572141,1386628,664594,1093209,16106641,905251,1342405,1342162
20919760,1077439,705751,757178,1445321,1296311,1046858,1737279,21749222,745562,808043,760101
1397660,1180947,883285,1023983,16378908,1362339,760865,1542505,22680958,703497,1360165,1485169
1179027,947599,827118,886220,20613195,1344146,1626513,2977072,14786408,514211,703720,751362
745111,737938,644879,625348,22374191,1304104,1614954,2713512,22815898,702116,1579386,1637971
21329301,792090,811771,778878,15248865,7820173,634524,981005,15993723,767883,693117,817916
1551398,774052,839668,794590,337615,732554,383790,504471,23948988,961460,1301479,1273882
458045,526031,401431,375225,20373726,1057709,836302,1023360,21006850,557471,588820,615736
1402849,675521,827323,776938,15720092,1114846,814182,1011142,16191277,1678898,1276612,1322433
383309,369777,402295,389604,21749970,980720,1007013,1101902,20893543,671823,644492,682732
17978101,400737,702377,660963,14710207,867574,7747349,877512,19591843,1202077,1020722,1049273
1811242,474896,852832,845551,19956981,1204035,1212096,1053153,22890069,1228169,1217931,1233341
1209081,404530,831939,793260,24384550,810202,501670,704840,21463972,589117,694431,703658
551553,381127,520234,468244,14859897,808030,702317,773288,15950667,1082602,1670940,1578023
870441,388341,753380,682061,28398422,1694905,1587873,1647327,21088737,1477818,1231486,1092722
20446984,387083,526096,542338,1639554,994002,843707,1017943,14144710,807754,505069,506938
1090222,434080,565885,545462,16689251,1198489,1527775,1691417,21400971,752170,450066,468975
1854246,425728,558740,553870,18934342,946228,692547,1163212,24436979,1542525,4254035,24297596
25970758,457339,793608,797865,19473896,1096245,1442512,1858356,14368945,740251,987642,1246357
20853183,433013,557610,524658,23768323,2287588,3362095,4035344,23305973,965485,805859,920454
1234945,425498,685164,646734,21986157,1255575,1288796,1488555,14938394,774654,801257,849592
1080103,386650,634405,618667,22393831,2393936,1525197,1726806,21727595,700433,37165863,898130
533559,359955,501710,485460,19614777,1701598,1953656,2125329,14496118,610109,1126222,839162
1792895,417710,836039,782446,25355404,969117,917315,1072949,20834321,482051,440770,435116
1566288,403139,887418,851539,16545698,1621249,686336,816021,31596301,548941,741631,738576
1253316,419383,818871,769227,21084049,932001,697078,780759,15068908,900596,1081052,982896
279853,323833,393577,395254,18203792,768266,403369,474231,22519972,656387,741794,813909
1310995,389660,816677,769555,23731717,2613020,3273974,3295229,15306758,802188,931382,1030907
1345390,379010,570554,545082,23299580,980227,511467,654170,22486008,1184204,1986262,1995516
649237,360931,514012,497702,16054575,1383728,1292719,1369874,28412861,1376386,1352333,1333760
19813859,353012,485488,480037,19219830,1105333,760838,780039,14529200,539581,537966,498611
3859435,555754,1190954,1130700,21360813,815067,445912,438587,35893111,1435689,1921465,1818902
18634137,349153,459219,461454,17944904,910088,884475,822686,16921524,1174836,1196897,1211002
683004,354097,468280,618871,20537040,833980,490418,520465,24343497,1774820,1238903,1275487
290375,334181,368234,619111,15200922,817738,737609,727283,21378347,797559,347154,353424
303221,335555,382300,600635,9342129,2039322,3001203,2825565,14024216,783104,393884,411724
21982400,431991,5773697,1619932,18135392,1123763,1275981,1165458,22576144,1469407,1552570,1588816
1055354,393964,1027730,1269405,21721493,941260,621155,644392,16107983,881318,820662,904476
675307,365816,606981,655479,15697216,885981,747255,720282,22581511,1044504,996933,1034403
227992,340872,370188,4165605,20349177,966590,787538,789346,14936870,1067242,1084569,1073527
1353230,426641,861440,948865,19546930,1342575,1880049,1734034,22874682,1317488,1315548,1328089
865277,386537,561023,527378,19684987,844310,924940,896500,26000889,1592516,2303382,2213965
584421,483250,592454,578271,24672614,978850,1339277,1336805,18000803,1776759,2026950,2135968
553377,404097,467480,576028,18424978,780146,1021215,1013318,20473331,1363539,1230359,1337430
1748712,669485,947176,1061983,21672897,948219,1441078,1406852,14893038,791389,849669,921897
853789,446928,562733,702098,16412160,718827,766650,734180,27292333,2356916,2061358,2134108
3059404,632433,1097170,1253890,20734238,892430,773429,706442,24119530,624522,492545,580431
1061483,426938,573394,691984,22938349,884264,724046,944269,21960171,1369321,4151799,4057688
3039614,510216,858256,1173836,17398773,678117,643952,690064,19849664,875786,772266,770472
1057785,388863,549562,702814,462492,548266,409029,584603,25777007,1401129,4165585,3907348
897754,422875,681421,748202,21012387,751738,469690,661410,14719360,1016742,1230436,1089875
24924841,435961,766743,976356,18181563,1070365,1731901,1848490,29792474,549830,449193,475502
19150297,486575,605503,1038909,33940244,878134,869794,1060647,16719743,965875,971911,979146
769449,564359,537418,813950,28051755,652554,422926,506991,20230939,515950,629710,635073
1808192,545971,841346,1120547,17432551,1074952,1595299,1793635,19939188,617112,705475,726356
1170456,473426,798100,841406,20155251,981248,929185,1140998,14947090,603480,655113,667189
20305207,488806,868832,802524,15625472,817725,760521,968261,31305954,1312521,4130765,4176460
572447,397749,602393,611374,19134056,772493,672567,906725,15155640,791699,869053,851706
640719,456775,497860,510446,19313284,642015,537231,663206,20438935,535948,643940,629681
729988,449160,547174,852954,14545258,575433,533350,455663,15170436,882384,976503,924183
6955542,1006327,2108617,2045160,22177217,1036590,1777031,1731961,19960070,641433,647918,669619
21249523,384029,1002993,546963,16130986,604030,624025,592239,27979052,754608,560610,584275
1218628,395910,1154720,676118,19505958,615371,689416,618834,18963049,1426045,4248065,4136877
6261779,728221,3992424,2161923,15354795,661222,797315,736086,21489280,1056054,1469438,1449073
23100473,363018,1082566,609462,27451367,605817,722340,637643,16062172,1111430,1263538,1246265
865340,372680,963257,518799,8924453,1704734,3387500,2765900,43881110,7676735,4790493,26351318
564728,350639,1038463,444474,21409142,836899,951357,772881,28989470,662950,671208,771656
563139,350556,882834,435973,16445076,832531,1273034,1035311,15631752,925915,18314404,1429365
798947,374004,1204776,670331,20174025,785354,730980,551609,32159695,1333946,3154464,1653357
1078737,403705,1192567,515024,20641243,693048,9580345,612372,20350296,695538,1223939,770205
634970,403644,1116660,479444,16425795,871513,1072324,949892,16824766,722635,1812166,1523886
1276179,520068,1059355,533250,19557568,677172,465582,466960,23986805,1165870,1465020,1287464
8443179,968746,2270560,1936532,15361458,732383,720512,684117,14959657,999773,1113572,1054826
1513426,488122,1319983,867116,25533795,878163,1074999,1021198,24641146,552505,581593,550120
416981,4525573,602038,419296,15344207,665042,562704,564234,14654150,553808,437196,416903
1273297,596805,861204,799549,20754644,848751,967162,916407,21421570,805033,1048902,962115
1237044,411888,555337,563551,20531087,685837,675620,9879199,26803048,1925635,1224123,1161391
16702203,350484,533805,392414,14873897,651758,559993,834959,14739779,607961,558690,479930
1597974,468911,1004518,895802,22150645,681723,1158881,1129387,22374764,2231030,787998,770318
347785,341989,390808,389167,15538355,610039,593041,604612,19997212,3621823,2271003,2222474
374087,325516,508578,638615,20714113,561623,802045,820876,22069441,1651230,1355683,1339588
22796518,520539,1413865,2182826,4367934,870273,1680335,1628362,23249044,994451,927248,950632
856847,373935,682922,923818,21854076,764800,1580965,1657190,15046160,837749,1209395,1112173
1333264,390505,779574,1173842,15525256,554783,740246,885404,21032253,706568,1123866,1007253
380957,325585,476352,566810,22999525,438278,463014,692896,15686232,800091,1528330,1548729
18896783,398991,1012656,961562,15479336,462732,542982,1030913,20912465,770067,677643,704064
1440366,399380,862257,881744,24191000,578626,814446,1468481,27718913,614761,574473,560143
479176,328990,412795,491237,593222,471469,485745,902787,19786459,1600640,4146467,4022225
351638,322234,396269,413205,21411892,1155514,1189773,2229605,21988535,616618,832662,833110
1384278,411250,831682,807779,14943392,672672,565646,1145551,14470985,621338,698838,657679
331265,386171,410079,394849,19343345,512437,477628,845973,26202740,478696,393215,396952
3002208,733447,875466,819163,16053534,468506,461391,709227,21849124,653314,669361,694405
728735,409231,526219,499224,973361,624819,613867,993541,14663202,1061771,655513,673046
755578,393758,481478,478662,24898235,859331,454111,770833,21391531,1312823,1098775,1096149
765356,384599,502822,498282,18627854,801303,469783,897918,15191292,818005,486004,518490
1129727,409346,703669,649194,14420056,757775,427848,914388,23122616,803336,637904,664741
638222,370041,449829,444024,21054282,1207105,1038226,1209724,15627819,716370,1186885,1205742
1208667,519397,835540,769957,976179,961481,618838,712767,22836067,997835,1313794,1284108
1464285,490607,804472,767286,18177590,2426919,1636177,1711484,26923140,913558,1604541,1540511
317080,355113,351677,336669,21643812,1195047,1005389,1145069,19853370,5992925,2609288,2518038
20692152,520702,928709,896050,22657704,1395565,1433919,1792797,20067439,1058620,628160,596857
882043,427740,677604,657555,15693977,718405,996023,1225126,16121884,1509385,1431040,1353345
294413,359374,426222,384286,20949431,721184,872050,1027112,22774288,1607839,1399025,1333030
405526,378578,424648,387535,16188737,638401,729704,845407,23612750,1319705,565535,574658
628724,410626,435744,432658,18716719,726928,726536,802466,14294086,1028675,374539,385564
913956,391145,485712,477214,18205934,545527,452894,448182,29836033,6346412,6986136,4045711
2671927,577664,1020655,985905,15916368,573082,695151,702259,17410551,2078346,2797815,1596099
19625895,490829,787522,750204,20473967,690996,745591,772398,29527338,1109018,1158360,547601
338818,376683,398715,385685,16204566,490883,462835,478150,20332471,961381,1271617,628626
18342814,394683,547136,525299,20568184,577935,925137,849874,15317547,1864192,1382063,995160
459484,338716,385032,384912,14937489,709561,750990,740064,22875063,838166,513711,424199
1240706,461635,730179,700174,20028749,517257,568459,586041,17894190,12934522,2600075,2460358
29351658,358674,400341,382989,18087839,490176,508788,417988,22371493,1481697,843318,822096
2366526,475379,736990,778931,758464,644686,1118811,587860,21125315,1206951,726844,674239
21905036,443310,698481,689596,15339726,606566,1105234,726004,14366918,1222738,745191,728278
9011757,705680,1567524,1475532,22359765,578294,902245,777369,20345473,1597141,1253628,1278113
5020697,681902,1744587,1372201,25234362,603878,589293,519779,14674080,918445,863881,749460
17852111,460573,1621124,674910,20139059,596465,1140387,751100,21213469,981494,853625,797781
19348104,429177,840946,468072,18204086,518385,960849,656063,21829883,1445439,1279681,1232009
18393082,383954,435335,341751,16042674,877967,1000586,929770,15068843,1110062,836570,809071
257965,374076,428136,362171,692561,595015,747431,728997,26509714,836178,489663,439171
1635874,566349,1193526,1521279,18900705,661995,929493,868969,15539383,1116036,864532,23574502
3669407,974761,8738777,1236200,14798890,483730,498966,470524,19843108,1322920,856320,1032973
669057,680221,590111,404613,18517150,514268,820658,743789,14408245,1087535,752055,681220
694658,663367,451707,399133,373549,461721,430242,422404,20201148,875862,585818,495617
2057737,888635,997111,6708086,16429002,525853,686665,641419,20362826,902760,725920,633745
18889398,725184,473096,625689,20413933,663577,729833,687276,15868252,1310982,1602492,1241895
823052,830244,500741,526724,17708219,530396,500721,471020,23383182,891420,1730930,1614386
21672671,983051,905349,943778,15209014,849569,753447,695088,14246812,484355,575077,575323
17644000,720160,689979,693701,18378121,950403,573617,575243,30604512,503806,17874193,557590
766815,600664,578098,535884,15017231,946321,535544,520827,21869111,699267,1247233,1230991
408030,457608,508666,396316,20354275,955938,780496,753129,15730125,931585,1749915,1815664
1451415,551703,860833,886769,18783736,769887,544913,524896,19910603,479617,685421,687213
1414559,500271,636179,641394,26746180,2062239,4409458,4138742,14058813,355298,465921,419323
19982054,745692,691060,667758,21312035,634855,647018,657400,21839953,1406983,425315,431613
974422,986009,701653,699272,15894199,544510,664472,637539,14299865,610707,545482,522230
20580925,898501,537013,557489,246780,439817,367563,365418,21054054,611362,425593,490959
18617828,1144738,1246161,1114250,2334000,785638,1655832,1474271,20022848,435423,559640,571981
685325,900205,746794,538098,21784344,550044,928991,649445,16749534,2893086,1407441,1427108
20216186,1062506,926884,768291,29858607,571444,1608822,856051,21643045,544087,430856,455520
469189,919411,471042,421823,20091195,544826,933337,735315,18981747,1333199,4232083,4051565
1077393,877124,577478,560890,18383316,460093,533960,412597,21549297,1499201,1306818,1242466
697804,997482,575960,582370,15221730,518752,972872,757119,21985983,1378291,1441474,1412975
534601,897972,502523,492993,1320853,606188,1019309,887410,15004517,873276,846182,829629
827734,775915,538466,527166,20028228,844584,1165426,1093500,21830280,607924,521995,536509
540382,446077,490147,484720,17908441,670980,602715,563196,15035742,809580,925599,903416
281079,350588,416553,464990,16574944,841113,1574920,1452844,19511794,696054,874476,877034
2957285,476441,1167555,1171321,27085126,546422,444476,427716,25108286,1139278,1645445,1637505
22332796,459154,1057920,1061778,19726390,755215,1341705,1275670,16574664,680546,1407256,1301095
32103112,426153,955163,1067508,21808754,753189,7650149,1049018,21215352,508406,526166,494447
623994,556247,386501,431033,17465784,581460,713898,488895,14779602,765409,845838,824760
2323295,463248,778339,1483512,14876464,510187,598624,524235,24767359,1171306,986138,941350
3906621,443806,909208,1725627,23605479,559671,824557,792230,32286591,4444211,2901868,2957748
2015921,413048,781350,946581,15187164,431653,387170,392014,19224968,1471498,4241467,4200609
2616309,407571,844440,981348,18475122,495626,657305,617760,23118385,817030,1285963,1243652
2115263,386949,738527,925389,20565852,823887,1254807,1192495,16632128,945446,1460067,1394450
744593,332407,408334,548240,15908459,573449,797154,6391114,26725275,1303749,6013449,4019116
1685155,355301,830481,781545,21656969,832439,1742943,2012088,20273370,878659,1591934,965213
3174536,518459,1150399,1170210,18025170,875916,1568485,1499792,13882265,376951,790757,389152
2953428,460925,1057158,1745651,21639998,546295,592582,603533,24958888,1104559,2230942,1122001
1207868,360788,562993,1103842,19035831,558627,506186,521266,16675982,843552,2814513,1859336
1938016,367031,538070,852639,17788900,636522,1021560,991780,20863514,784934,1377204,953227
694587,335352,363937,399626,26923035,2031600,1950711,1815424,21084911,652697,977009,653128
11159227,803983,2082835,2039043,14442694,563382,403150,404397,15242623,651446,1285349,1230367
726483,326078,481679,463345,19064224,722276,946744,872991,19622126,368043,353473,373714
32997181,394525,846750,758493,19853103,699343,1157918,987839,20013620,2375992,2725490,2640828
2750356,392424,787471,939187,17294771,699658,1329645,1149043,21499935,1132492,1096010,1000081
1132865,341492,453268,494221,1495617,604741,908155,952617,21755587,807257,1383103,1219119
1327498,358987,607095,417447,19939903,629874,1014028,1008429,16006036,1951784,1799223,1529261
35387418,390204,925791,804053,14668705,567165,509009,499460,28282121,650276,985139,930493
4705593,488573,1034995,1013959,18006400,480832,391899,401015,15600407,836699,646990,621350
2242080,424386,639443,621532,14946373,490426,675577,668870,21718330,1518359,1911616,1855124
5052762,478528,857137,838624,22549267,616630,986224,939897,21252206,624819,796246,724548
813872,331781,390429,379461,18927783,538668,747529,641925,14220286,502197,647421,526351
1249946,367344,589467,496673,15374509,474028,458817,446539,24498618,1568029,2890254,13908800
5165301,461750,1038376,853382,18796942,477210,527065,540738,16438689,668245,1038376,1245564
2606640,410146,882675,775529,15482701,500756,654030,664800,22200798,1347896,1296558,1516944
2076752,368553,527881,510456,19296079,597037,627149,587668,22820948,487920,643502,722830
585913,315644,339934,337987,19834783,567087,748588,731569,15374467,606134,13034020,1167490
6280268,539734,1172249,1131826,16066458,750302,1330580,2185385,23443004,549278,835280,766021
33313664,435122,929449,902962,29852662,735021,1239181,2621124,15606552,1822766,1105566,1100463
43480219,354537,398476,390739,818948,499810,527064,1080672,22239183,868183,883998,1065403
655359,357800,371668,368094,20192820,691878,991087,1270898,16127893,1420680,1982464,2118673
1919604,378034,720495,696493,20454245,681313,794048,1073464,19573139,699326,742231,905134
2288925,373164,808700,759285,19772676,570650,750564,1003584,21633567,522917,943561,1160629
578264,316707,349652,340788,19753438,2015512,2828520,3176813,14982203,522457,977257,1434629
3052907,396833,874511,844457,19314220,601861,1245566,1325501,23249090,688808,1032130,1120247
34742451,364067,430341,418252,14756604,450338,735823,788966,15169820,885658,702495,734389
863026,338917,383631,393470,27998524,624838,1720736,1632930,24359767,1862763,4468900,4630983
1509207,363466,477015,466569,18726723,757682,2037715,1971852,26988924,1287136,1790191,1783364
2594923,639742,853398,1128434,1400045,660723,1359341,1369826,15427137,864015,1196126,1224262
1131132,527978,533104,510334,767981,625051,1549782,1232011,23382267,9761807,1456459,1387616
1937629,705462,823050,805617,16147974,554299,1355496,1132421,14578358,881685,964603,958045
2349616,713436,959877,947522,33703751,1156325,2528314,2057701,21395979,757097,608826,590856
1502492,672553,618704,594018,16495855,1187268,1216610,1015507,25593724,738316,635801,591573
2064365,922208,846634,834305,20658408,1350427,3066469,2543390,16454656,1589430,1673721,1755241
1708271,834594,922984,863961,20551017,1010086,1733010,1385063,20688373,656471,856261,902214
3211477,846583,1064662,1019788,16916272,1113951,2347954,1260495,14867249,635807,721876,716420
1165089,510374,649264,615012,21188272,1205639,1883536,1078013,24748686,960558,1719723,1745319
696358,398631,509494,452561,14513611,859673,987961,569595,24460248,642774,581114,719979
2583116,504567,937712,937633,21474902,918594,1615438,905888,14697128,769459,786518,874448
2444921,544702,1021254,1016977,15787790,934333,1486281,751248,22548378,503859,427435,566425
2478729,479518,985909,950120,19097824,947118,1006691,482066,14372190,800234,965619,987846
34993508,512304,1027837,979369,19852165,1024429,1689966,907403,23683252,1403572,2272029,2111582
1469884,393163,647205,661040,14657397,848981,771011,425075,18338962,886133,1672768,1565987
3297440,538271,1057207,1006359,18649533,871223,1204615,561162,21759607,745301,807491,765253
1548346,402742,689559,658972,14545435,855422,908816,532166,21843295,958396,1108265,1129392
29371007,376167,522486,436988,23030906,1425248,1955149,1529711,18974826,1592790,4211478,4105837
2776757,515436,1089967,942926,22438101,1215489,1518465,1357507,24354216,1559030,4323455,3994929
3454268,573713,3486905,1019505,15387344,1133722,1045727,912023,26312468,774511,967104,771456
9068629,926431,3144063,4745881,19077943,960147,591586,745953,15814521,1316155,807304,608729
3954846,695538,1859130,1306608,14936154,901069,630018,619254,20822764,1175279,794081,685865
2270143,561165,1243138,855320,19272517,811990,384252,388598,15255874,887981,1524155,1278940
6870496,708492,2252378,2237041,28432088,1574274,1760274,1661707,21404972,609367,1022167,765879
36350428,489771,1584268,1686123,19736120,977424,404753,424296,19937148,500401,595422,479295
623007,379111,773466,628493,19665117,1146845,1001972,951604,20181471,902842,1284346,1490939
1184138,456347,1187178,1088523,14456239,922657,568940,542944,20191763,1522027,1543402,1901236
2829544,437816,1532231,1410819,32944842,1014432,477610,465735,15579589,981815,1849491,2324098
36488354,473734,1076396,1554069,19244473,1121795,906743,891337,30596676,834460,1026656,1294748
1172315,419179,501200,725868,21707122,986020,565917,539292,14116798,524861,482105,645483
21926675,490457,784472,1227790,24361580,879935,424517,423885,21086946,497830,844982,1311760
2172907,525656,1034649,1548309,242773,958104,436849,406876,19574734,620896,671728,1001084
28960186,492586,964038,1323425,16810702,1039161,567748,543945,15049164,621942,657092,657562
3920467,581417,1124019,1521166,22703106,977755,647291,663051,21450076,975442,655184,654246
3151357,533405,956591,1426939,15588181,1053482,738233,719470,22183919,4976900,3529812,2702001
29334293,381020,427966,478971,19023411,1017709,491465,458644,23069391,884553,737872,636383
1642168,401895,594810,584293,15556291,1362570,935237,882693,22322350,933414,659396,698654
3274848,501812,785764,778716,19032024,1018069,786005,718173,14466908,1131369,791798,783260
1873084,503191,732220,804676,20580773,912598,439195,461735,20044557,1693195,2245647,1423358
3223904,500176,906989,887426,15425572,1095705,825067,820420,15568168,1298128,1413939,927148
20509951,496736,808310,876313,27206519,1429923,1361814,1215903,33284006,4617035,5430523,16909059
19926224,430717,642626,673009,388868,959675,978021,566642,25394502,2896216,2969055,2055059
439531,353843,665354,429732,14401596,955623,996648,513924,18642595,1573164,16395520,4564971
2043593,498402,1547101,1519248,18821349,954288,6132211,470695,945827,612451,859624,864460
4865891,520881,2124869,2172204,26645428,1178746,969538,784777,19915477,507092,589283,773479
2674237,463670,1756867,1684973,28324628,1157955,1382033,865316,15186170,1023976,1023312,809568
2149319,453774,975628,1045850,31683182,953265,822996,538696,28495743,1900706,1904924,1670759
1055122,407257,556208,696071,22036605,2359495,4479161,7932794,20381271,1216582,1656376,1025751
6266961,608702,4404985,2442443,704189,1113690,1424241,1337978,21574942,2131267,7811689,4299909
1391406,431622,1395152,1540264,23686869,1062416,746458,585603,21079055,1099708,1545547,1025784
1812903,424716,1094065,1311531,223730,937109,667286,422116,24720914,2620053,7050987,4152570
24999697,401869,1099795,1136857,19890326,1283139,2204893,1325212,14847051,1044794,1435792,890100
19303713,350031,722216,740799,14387115,988882,858577,488699,22823648,1089800,1700344,1082947
737220,407583,722801,972037,23589540,1311337,2339147,1245481,15938198,2014493,1987963,1635471
2458203,525631,1689157,1810505,15615032,2094543,1333405,764438,29645956,1240805,931147,712534
2390222,450221,1827284,1883791,856299,1019405,1174481,664321,14156064,1062729,724493,525613
32251989,472694,2074772,1983527,19879751,988114,1254744,810607,20758470,1437624,1488927,1236600
873293,403030,1459138,1171015,19712987,965475,1179540,976582,20584441,1921302,1893092,1637821
893953,440272,1346687,1061733,16216307,1081387,1215314,886671,16341353,3574164,1939391,1528188
1676544,535299,2019684,1552388,19610860,777687,610949,434848,25386349,918116,844940,638062
26238497,418729,1176846,845430,16602721,984594,1246467,823890,14739065,1149950,994348,848256
24019479,346488,884541,750008,20144030,913092,865980,813965,20617883,1010769,963026,790524
844228,465735,1693848,1328715,14680730,803670,749896,888851,23347465,757202,514269,402493
1023823,478498,1419740,1483689,18971825,753083,549237,920134,15073074,964638,1000696,860691
281493,387841,727698,732088,21784960,947184,417288,695484,29001375,1717995,1384512,1171544
1136031,540915,1666786,1450502,19461909,6577432,602372,660972,14012554,1012127,740145,567784
2403789,628374,2373692,1357114,18922746,778318,728833,843099,25063421,1354603,1757316,1535751
18889834,531855,2170121,1087180,14981522,555594,976915,856792,23418753,1694857,1042277,868837
14592311,370302,1057563,505217,20158964,983361,1265644,1136825,15500077,1549075,2541877,1335022
23067851,420156,1232555,644593,18968678,912921,787858,666991,21678169,1020231,1132818,511869
1190003,444716,1769372,908816,1141071,833618,683860,610358,15571370,2194382,2365631,1184608
847520,431386,1284579,674382,328278,723006,499116,418600,21345892,1076235,1809921,903243
1255219,462238,1839909,891965,14768897,797198,838399,611187,23051564,1754959,1172927,571251
2144649,614072,2207308,1152931,32045256,1554937,2557377,2200582,14930665,1133621,1230814,652681
15885753,558931,2164685,985301,14618812,618185,798127,613123,23597923,1085453,2211796,1179164
5576579,950079,4158990,2225247,23161413,432612,554754,436679,13821724,743425,589118,339001
3174935,580273,1682236,949666,22721723,451455,599261,559301,21053262,4309608,1731941,1198635
18877584,457441,1433558,781067,15244670,442669,630351,544571,31694238,5164290,2876749,2628890
17873079,440767,1015290,692216,19063150,472744,821389,755167,14521523,664121,601454,553902
5199868,917312,3436723,2264219,14567676,470013,662693,611821,19446660,696086,671571,656338
997856,565382,1523980,977147,20574564,904651,1233723,1091545,14488773,693128,848755,807251
240215,382968,704841,473690,15093301,624128,1103060,911850,23152113,14625945,2244919,2000262
1522517,538061,1405216,890643,19552472,703195,691004,533320,14023993,940499,770751,639734
298730,411895,717379,518062,22592482,602220,1920869,1054437,20040157,820275,426844,474722
1963520,561287,1133681,1100605,14602962,472503,1306468,681372,21385465,951851,836264,912086
584079,442839,608768,609713,23667647,500480,1272299,800747,15470957,894751,1786733,1784850
16550522,393933,609879,574164,14300924,474568,646709,434374,19530312,568527,706520,773786
1281553,483419,1787120,841501,611092,467338,779187,608978,18607036,2716591,2749829,2892082
658111,431958,1241557,638861,20427946,454101,615482,448961,22905615,1098872,1004737,16760417
250094,413273,404183,429097,19297687,570175,448117,356411,25566481,1364458,1305369,1643514
1018338,535195,799287,863065,15219499,620425,1193314,754880,15367676,912406,620750,664951
816828,490811,585001,835638,20631533,591659,1349659,1004589,27688271,798899,824503,985466
2633171,399609,428403,510668,800350,457767,830713,682198,14552447,546139,545949,624478
2520229,575686,1074167,1096318,16550847,594849,1241633,983782,20445521,551797,978209,927124
14879530,409217,487928,475731,19551043,644788,1751576,1088586,20522404,1176645,806390,795173
1342897,528389,1514630,974718,19265995,449147,842510,1054539,15947169,3457217,17131527,1086514
296082,391550,2744001,484143,16421992,788575,1726316,2565423,1449140,873919,1400434,1072609
18350411,413810,978778,607568,19704684,541628,915573,1245986,25813206,3167638,1530624,1509149
4088419,714918,1753022,3548263,14672189,399761,536053,661288,14321918,1386352,1057970,1001379
5500415,948756,2388580,2452853,17963533,404475,614329,789455,20823517,1303287,1020732,998817
337698,475341,572021,574021,14629756,451542,754217,1041442,21085292,1210015,1497370,1313679
2625614,574965,1226986,1201760,19434116,502424,1092111,1439836,14029066,795671,765950,738737
704147,440588,718311,719142,19771486,592096,1248788,1461078,26474421,668037,906998,885793
3154295,657895,1421325,1336178,14513511,434339,649057,631540,17409235,1129098,2046194,1971591
606286,478860,671662,839375,20492498,520839,1073794,932576,19436393,677673,871643,835687
243778,409229,435503,474274,16233372,503430,933921,862347,15514057,1516781,1311828,2062397
993453,521561,1667809,949799,20220651,747648,2013161,1938827,22665167,892278,1720607,3558085
1706684,501364,1787257,910522,19835018,524757,884926,867877,23811012,1464928,2888781,4111619
4108956,790779,3303889,1729731,14870639,540236,795317,772371,15599025,1404263,1472664,2198847
1870979,635722,1410132,1152586,19244112,443191,549485,491492,21943683,1371217,1090732,1755056
963452,505509,1274945,779124,21013867,559130,1293409,1079152,22002179,1099050,780569,1284903
18524965,399165,1009066,572607,18819277,445991,742463,672606,32854111,1565766,1238636,2160623
876389,447688,1047418,622226,16661210,566521,994767,977116,22167172,1081346,676752,1214481
834138,444680,940714,598810,41549951,505983,813251,778723,14104444,1120924,814240,1354834
1061797,497389,867179,682873,19185089,428721,743844,690895,19225975,821767,734128,1258539
593026,465214,598768,601730,15121170,483779,824096,801971,13879436,746995,602243,1027356
1690283,547243,1211416,1047119,32298449,467366,865149,817500,22590418,1262427,1073755,1787527
1031537,446820,1147575,928781,20302189,522658,943711,934272,21600946,945504,805584,1263405
190886,362722,469289,467613,22826982,539130,1229949,1179105,13697538,742734,502775,790436
2149104,580926,1166433,1141947,19388444,350655,560153,574761,24712218,1275030,1586649,2680796
285915,460557,506067,471919,14342453,398628,552959,543727,15204360,940791,710013,1131106
257225,368111,524586,426227,20156900,409189,531729,523818,21091817,1270905,740077,1260345
934043,499224,1100113,823679,17328087,811974,2029422,1912923,14487563,954456,813992,1449998
1603785,575120,1215708,1097773,20515221,681258,1076944,1032917,39749783,37376864,3067778,6068854
986297,513584,706101,791496,23426136,604161,1569709,1519818,24694164,605072,629583,1041793
1179436,498104,811901,918209,17384989,596206,1387962,1352926,14587268,878087,707251,1174599
579975,484728,455553,447417,21674503,689560,7925471,1060476,21098407,762787,543284,966028
589218,431466,435985,422777,14524482,429974,746093,487163,21888201,968932,1387528,2216952
898415,489881,690147,788704,946248,400552,557944,556283,14538020,997671,883819,1687119
326191,417931,403556,546388,25471199,559156,1071136,959599,19757297,673406,539555,1055586
243305,363385,459462,450275,20189163,406052,829745,525301,17900376,1161445,2138290,3635258
588070,430916,571152,649497,17393096,347413,486166,378807,20358432,639894,993960,1290114
729868,399594,510992,558391,19145672,460459,1030267,4916189,19201266,408908,661565,849306
1082015,493320,849004,936069,16336076,685750,1652720,1776256,14968301,496162,835404,929478
872961,461840,699952,819436,20291259,448287,488203,512446,22167777,483265,868053,1040103
5312406,942284,1947694,2261864,14128804,358712,385260,361002,16787507,1169197,2218854,2280138
1524492,596184,857227,1124563,19284176,535245,1009465,894506,27776215,690352,1173433,1538726
18388839,777991,736292,908186,28356848,479744,701967,678788,14659099,871643,789673,1385027
952064,775554,726492,1074416,16230935,551330,1302487,1225692,20519259,690384,573774,1106685
3658736,931006,848445,946639,24524948,371216,628697,725237,25868128,520327,539219,1062898
1326314,694789,483545,495407,14145973,333909,469259,502115,14372943,704880,1110657,1568648
1332237,797813,471197,468233,23890870,310830,376645,370916,23198434,803051,1699878,1711588
962241,747840,416198,424053,27315627,587116,1541494,1393244,13934687,500532,487102,475618
2492421,992949,908363,926359,15308620,449473,1087362,875059,20916481,496283,701400,725188
1048448,780260,543604,523026,23139055,436541,1025736,934681,22079978,564044,853359,859167
16551632,883648,621189,598038,14763952,449159,448045,445929,13972153,537761,734027,511710
674453,878281,576479,546677,19645030,483254,770851,729220,21811824,596312,495134,460749
918164,901589,815303,700543,15432513,491045,983682,1063286,14990294,778953,993619,873116
2289346,735573,399448,383418,20050470,512751,1014840,1132702,21483977,1207533,1050053,1008586
19721684,862764,732292,804357,21186553,743375,1288936,1452835,14170831,808870,685539,659971
521678,893595,538712,615307,15949793,664955,1657326,1758986,28847376,660819,438833,445652
911616,856943,846637,834146,21079239,476374,917139,976836,19527627,653294,646955,627718
18813035,871225,394098,382822,426736,362358,526190,684400,14826306,566640,586138,586041
1215713,946796,801187,844784,1098303,463649,1174255,1278913,19874568,603761,886887,829964
1139308,821250,766673,746113,15714913,502663,1035172,1173887,14203990,685315,1006929,872726
1117168,876292,854624,831499,18445125,627675,593653,898730,21005932,619447,948486,855849
787552,757126,686014,670926,19234272,556362,870503,1377308,20439506,523959,429262,401421
632272,930828,467500,475529,14832479,396477,741448,976864,15369540,599720,1360851,1146060
1008396,815886,762809,728363,29000454,482524,835705,905004,21058040,637418,1094854,909838
1080091,556709,788706,766002,15183285,453442,695914,657100,15539390,545161,591202,502514
587725,418720,470490,506783,18527502,363271,429784,405470,21205001,802111,974972,858239
15518539,477969,782827,924298,20790773,468256,906252,826142,14341237,605674,816573,707935
23661793,8302061,1002750,1040188,15025539,500986,1165324,971993,21386928,492408,689916,598870
1637940,1006349,888569,855218,19491426,520560,783218,748819,20626695,1225696,666844,551575
754470,395951,688329,643482,2133240,564138,1224434,1092520,19321924,1707020,4231655,17130966
4155909,631059,1509306,1525743,14911660,438619,761614,577833,21633386,831480,880163,1161962
1087830,390225,754092,752062,20356647,464354,1125016,703814,18511566,1537534,21431478,4741617
722903,378402,523614,505096,18920740,366854,557171,432833,25954751,771889,1263457,855818
1158346,386604,867951,739879,1736419,569762,1126879,944025,19101278,930731,1440028,927834
1079912,361863,903457,709119,15462370,375750,828640,436359,13968339,569830,787925,563754
1177337,554507,958940,737674,18965504,378206,643780,558796,22797431,765824,1933419,1753493
524599,452742,573621,550706,16324296,575472,1095564,1125537,15133691,651400,652976,611070
786017,504021,673978,633772,19321981,574190,557107,651532,19340776,524415,511990,530710
592477,484707,475619,460590,14602613,511040,697253,678024,22550533,556642,1038438,1054983
2787575,693448,4412111,1104555,20712699,451052,717507,695658,13973829,441200,610898,760073
20606762,355602,583829,376329,18594366,369264,511255,479928,25509824,1813054,4384732,4189051
892430,369015,529398,549952,16435128,810463,1332586,1089997,14744222,597349,578388,577025
630382,336397,559029,2211411,19162262,576265,1255908,947945,20460960,597527,546202,877488
1149183,405241,835166,1094064,14675628,564292,763381,705945,23350210,500056,701582,686500
15619467,360278,405954,405023,18970413,440352,550373,519338,14438465,466260,724509,749220
15824513,310445,357959,363739,20117860,621425,1001088,910833,23527858,579074,811353,791108
641665,332014,486679,496160,14730715,487283,402838,398323,15114524,633455,871430,871841
1162535,373563,714492,722660,18819720,617562,445815,465013,23370658,1340297,1783801,1709860
266452,303895,457592,374896,16308959,560946,1100837,1086630,21270780,818425,979778,909975
18911248,380550,993859,770841,20616657,634622,1754592,1394424,23223952,1700421,1843982,1842030
1023847,342752,834259,743253,19678209,444636,681079,638309,20619575,946292,877178,901301
1744395,419315,996139,1150347,14697398,462324,647303,553685,19368840,1534984,4201310,4164189
16606860,323415,528968,609296,25049640,497483,1084321,1098424,25050054,1247349,1071327,1079741
190278,302165,335320,357761,15695760,365729,572400,658262,22181623,782799,714454,758485
881770,344498,525845,561548,23367208,469867,994151,1075925,15249687,469586,481608,487544
23593764,391636,821240,936652,19789881,529920,1184870,1365403,25561508,1396957,6120655,3953524
882495,359158,725412,858867,15930845,505737,1352815,1355784,13569139,658965,1184335,710745
1111836,366035,908440,1125003,20451347,561963,1108306,1086459,25111644,541024,733656,558317
597334,327441,440245,552617,14093405,367741,380219,459200,23169667,863645,1254154,1123108
969771,366447,681259,951684,20649371,420444,773130,913564,14149447,604067,561654,561563
179697,295263,351219,466789,15532712,401802,774424,801262,20196812,462303,591384,615437
574569,323346,471708,534685,21947726,357275,610774,686526,14734426,693393,1204829,1181204
1454252,360799,748845,787694,1038993,413482,708469,809748,23348756,839025,1438237,1363461
592349,338372,570803,544684,18613749,435702,744120,857610,14779468,626672,1133900,679019
587583,326308,672742,527300,15700324,522326,1203431,1307166,20535242,505219,587050,572685
206947,300252,574662,341990,19205104,398477,622805,782845,25425146,1549804,4748358,4236265
18346304,365879,903610,662885,28377297,342360,376897,486371,15084889,1129757,1011139,955727
15647644,333265,660673,476913,21237164,364941,620183,714724,20811989,610007,451895,462536
543641,340599,611908,496035,19991246,402589,773342,924166,14117884,752664,796916,770968
359926,312400,481103,420584,15315642,384329,729072,903259,24673011,441262,405364,394083
1283146,427103,970182,826567,20210435,466999,1046231,1149532,20494118,452201,611715,581503
1110907,366265,757206,685014,15050572,435011,992365,1153202,15564660,944348,1562686,1594901
1070413,351727,704858,679473,26163342,319358,420012,517228,21329485,996276,497557,654563
758446,399317,688608,739785,14803068,353424,553120,639436,19568892,2757482,4639824,4341751
729875,380632,766025,673010,18352434,437100,476144,557729,22686469,1010404,908685,822842
679913,383080,825877,593669,19151480,342385,488822,577848,31921749,913007,536097,512035
213397,299192,453476,335410,14380220,355664,4747194,534479,15400025,1007006,1828770,12038704
497705,339180,554847,478237,20519402,465114,1043008,832002,25776279,3214353,2159139,2374453
1973948,399061,972473,873094,15541466,381645,611549,681977,15001521,1300244,1023945,1010101
600203,320467,473327,412908,1106679,345722,635551,771536,20656430,569220,583888,585966
295272,311186,382891,369075,20142692,455034,724979,7174657,22174030,1075381,1253309,1178057
281210,310682,366917,381101,18885586,323549,557276,665436,15290768,563605,15464478,460973
1092519,382503,747987,732572,16777090,442671,957033,1025356,28184890,484461,474351,419058
678328,323564,493170,497969,21045041,455479,1115717,1158110,15322823,571304,543567,524319
458247,310513,372145,372430,16310566,484773,1544626,1446874,23059324,1008759,1215347,1168683
22026321,418520,993064,890901,18970870,364409,597359,624724,21036866,1005717,828231,780322
523510,319828,609214,461607,21922331,616619,1800831,1774477,26822646,881934,853625,821633
853137,354937,737540,736818,1073704,370068,974953,907632,22235301,556498,500848,615053
285827,310612,403861,503443,14991375,354802,790249,787713,18171686,767092,793697,1094861
742353,347275,533090,589665,20705377,363436,641467,735250,26088288,1381560,1704560,1934664
5146304,1158366,1946510,2030891,14079607,300689,440173,529339,14197667,6794584,864585,970744
1285835,700790,819455,868647,19218043,343266,595279,509820,21716988,871593,686769,1137453
790415,547356,533727,524233,17651403,528280,1887636,1447580,25172952,683222,613214,968698
19271982,344238,355584,350386,19233283,416102,921335,666547,14774309,885755,1345664,1410668
865989,353600,484590,483330,463859,340060,555188,528869,21026430,922820,1767792,1588812
1262923,411266,796967,779141,22038370,381814,986204,868020,14035805,554222,617603,746089
1892754,426310,892239,886206,17141480,332561,578354,574906,19725846,605860,583478,623873
314657,316928,411822,391172,27321313,429145,626923,719907,13703535,655828,652613,625590
528534,312567,373587,380515,15591166,425889,702813,786538,20791108,929257,1575014,1571282
660248,341051,605004,596972,18777713,355366,369808,583161,26841766,679645,1303815,1269024
1211895,365754,835483,765395,19832626,430466,700891,921950,13493795,572494,382035,425923
16946464,395680,852430,817458,15775855,515171,1020808,1207834,23554422,1581656,949443,1092039
864064,336922,544136,529774,19456952,459218,430242,469565,16288664,1224476,1855698,1953200
1251370,365201,759994,732182,15582769,568625,612579,545055,19791841,943202,922114,1013377
938819,348821,529565,517661,18284097,355235,540839,527469,19278857,799684,697664,719557
20245909,350206,504233,499627,14854991,421438,976843,810821,17608883,654707,659118,788347
1756965,404650,903684,886363,18801009,370141,681113,656514,24986723,838809,1041914,1056658
1245133,376769,779397,753234,23901304,806848,2186732,2069925,15731058,887453,1492618,1582685
1494073,392158,788404,796655,19397736,860730,2393932,2368665,18240321,461308,516210,544145
1426547,381698,852057,820596,18312024,394525,423885,546252,20305097,706226,762686,716667
274747,304996,372153,375543,19807512,615077,957954,998936,19778868,1442407,4357275,4184763
1689516,393732,872991,913291,15870724,400985,730246,908936,22047602,664104,787699,742890
297073,294849,317694,407246,780066,347670,502067,493173,15706869,675276,1030450,1091423
17877738,308486,366242,599947,19182336,384440,649760,649633,1593365,587296,843360,974523
738363,330815,497049,995945,13806326,297175,313939,316345,24211100,681761,1572637,1664125
1236330,370625,773685,1622514,18978191,415508,715728,725128,22064073,628531,1134594,1184937
16064786,365791,851349,1400469,14481763,319152,393050,410929,16726343,524533,485562,519751
1114907,360618,805347,1442423,18767795,443311,890986,821867,19665920,437487,526452,504606
1613290,402770,880996,1778128,26573521,455641,984028,924674,21144883,1806387,5305442,5089470
861604,360764,694405,1531133,14187566,323781,444704,438228,21408884,882760,1203112,1138586
2094112,461330,887533,1598453,24537383,392197,673064,689440,20563956,476797,375941,397384
328437,341709,378589,566797,29839321,1329206,4288200,4072287,18778320,377525,459554,442357
706886,345657,564475,599939,14180225,367954,520122,514428,20524236,864669,1152406,1286568
354673,322243,564419,781084,23818266,323362,327825,327679,15904205,578224,958881,1208070
23038270,414940,997973,1077238,19183313,330794,446396,436601,19858759,705611,1287921,896654
1946726,381384,853925,956204,22057965,400633,694111,677972,20817407,703321,1053762,1007460
20655911,328825,456953,592194,16099763,506358,704773,680136,19149431,967911,939949,1223359
1164858,347052,667360,832391,20594667,353000,366956,370969,22425834,1121569,934092,1059560
305622,312701,368346,434255,17652435,324531,427715,457033,15424665,850836,950852,954650
1605840,420297,876524,987801,17288104,490426,1401474,1350497,21580129,736391,1010436,1216478
14962010,443409,544630,576690,20369742,416148,765392,760399,14292366,731139,899398,936944
996890,558991,518670,510243,14260210,334938,571456,482056,20094239,562872,1094444,995094
1204669,663129,4900370,797900,21152182,473112,1172210,964687,19157507,549564,737154,677401
344030,515275,2191153,434858,19584640,395863,736645,652148,14581263,455937,735490,518318
18646495,610036,726764,690193,15818160,458908,1250585,1187678,25378258,636674,895169,760343
19326326,528781,1923516,576918,19252577,316004,351646,342727,13736351,503177,892164,526673
1112688,579741,2415831,731706,13988605,312349,387608,386040,18826290,1005509,1347079,1173206
1143344,571299,2507320,2940954,21413945,399611,766382,708787,21620547,902328,2153122,1402645
16339045,653110,795546,843170,21817192,423338,1141999,1052347,24520359,888991,2986788,2990063
408753,483775,390134,408183,13917718,301541,342668,353008,20206397,610737,935014,854499
857356,543653,694374,709912,19200326,438120,1198157,1151537,15830510,618193,943502,950442
724180,535480,668174,658672,16133721,497658,1417342,1391075,21027569,417144,485664,426635
1672629,594887,852377,866325,21545979,642229,1674834,1637361,13892531,482984,611848,11571603
2401813,682057,1002727,999180,21420839,463228,958753,907993,26823442,430253,455314,447652
1257138,601400,829482,832735,29236173,484365,1114116,1075460,26868877,466818,630141,593622
1759984,597575,921205,872752,23277735,448995,1007070,970364,15442682,792017,721023,660866
1023921,538271,597412,586322,15993303,351287,622250,606010,22335238,710510,1476288,1197420
1145581,562614,751733,742713,19736562,372530,600412,589662,15234390,949199,1258136,1049266
1171572,512940,765363,756600,21462717,363710,602311,556755,21284810,1033899,891173,862084
2271983,438910,1020640,985728,18668240,329385,451238,429515,21941600,1027413,12032687,1591778
1229218,399867,815601,786444,754660,336526,490366,475607,15344246,851193,1052121,950342
1544070,419494,911243,906203,19377084,323084,389504,385435,25328701,1454711,4220446,3974441
247492,303746,370693,363164,16789819,340864,487132,476981,14557662,608175,786604,782223
18329380,354208,600092,579015,31888049,471322,5497383,1127818,49925605,32105563,7170762,5992570
2036689,430477,904716,809849,1468770,384780,958408,4762915,21649926,1604923,1601750,1754396
2137166,404311,1015736,919771,31772901,590932,1257249,2209758,14032257,1022139,672672,786571
700209,541156,794014,776050,36719358,388738,1027003,1705759,18721512,939429,675786,827050
436978,417427,565522,530461,34245011,426186,825101,1461284,23016167,578193,624667,775892
1130959,398621,875941,858897,19170322,402507,875161,1736558,20822047,1047660,1509991,1549616
1576129,413791,815117,814968,19028611,372316,719051,1443743,20149240,650877,531410,589519
2321980,723916,1061732,1187533,14197347,364041,465750,811515,13738800,558718,492083,597515
768189,546022,529711,729770,18299948,344128,314767,618087,19330785,693724,976924,984995
1134634,517033,756130,888858,18799895,460767,826937,1569279,21307250,758023,662369,750714
501646,373958,496658,453127,14215187,381207,506270,1133124,16530317,1732455,1397007,1259531
322625,371689,407382,366827,18894389,488362,791375,1226928,21892487,1331682,1082980,1676192
722555,409847,740433,680276,15057299,477549,811190,973675,22689060,1913344,2462882,2838811
2038611,471408,1166653,956206,24047316,427543,583302,677039,18868727,747666,493927,617174
452075,353224,586137,446602,2051761,526149,970390,988105,18924279,568910,606214,621480
27738607,494087,1064305,834516,26172851,737966,1708862,1786666,13921637,753240,819774,835558
898012,532727,794923,563490,398701,414408,400146,436016,18213024,617229,659116,741124
16597103,673284,522760,398654,15904471,508151,771468,782553,17677131,1209067,1339684,1372997
196232,556095,365276,346843,1206241,510548,843828,876873,28873674,863801,579636,616566
755643,523236,451927,396951,18957187,504950,565150,597708,27320323,1792516,1925040,1960528
1823284,614417,720423,465014,14601282,492222,778771,835165,15128389,1084817,986215,1018775
1439338,773133,1777839,781744,18175292,594136,403111,382673,19267413,584622,475419,460684
647186,697625,1461480,671644,14099512,639095,396950,468079,14155234,646575,639112,667575
2264715,1047800,3917601,1023199,17978303,386828,325128,349515,28289467,625479,868462,860056
918025,671315,1184009,534280,20029946,497881,602885,627639,28429191,1479114,4157609,4065679
286805,579710,851504,405263,15216328,837867,858454,808135,16461433,561746,463245,477474
643569,665710,1291196,544349,19524056,727402,527604,540757,22220702,483141,580614,595016
1461441,962029,1160526,758813,15935169,681885,812317,788566,19222557,1470724,3952639,4060300
1220021,783777,1662169,783861,356468,563068,473949,470525,26972532,1502018,3197719,3050135
188317,512222,740412,322506,14512125,2508576,4319843,4114024,21654810,1114991,1495598,887842
285475,361832,676486,371063,14262566,761518,726017,472668,13780535,891249,697541,526517
995960,405896,1116135,598305,21329015,912839,1003464,842552,23833377,1253392,1319232,1178110
870155,444537,1235139,870857,15167817,848046,782928,655858,14184062,939471,1071746,860561
817291,455484,729561,713062,21209985,1140899,928467,764499,19956862,993742,869134,694959
1674152,481116,985132,892943,20303014,902395,935973,620566,19380880,577692,538401,429847
15044404,400522,796841,656785,14681111,990167,736432,655334,14418925,708407,785922,606468
1496578,406231,938290,834503,18281238,860610,814795,694737,21093008,568627,716671,631428
1315595,381083,885535,806562,14003832,811563,699042,454528,13992859,506050,809028,701987
1104698,583330,810531,761743,18068232,834500,831625,545374,18554664,490784,823926,749603
784934,527498,560362,525473,14070348,714512,771123,563160,15294406,651283,1084588,12829589
335250,409956,459770,419567,18449064,697936,487377,332065,20311534,913264,1770309,1951564
2446821,462754,1060813,984857,18856583,750381,674311,560135,25417864,2295478,13946144,4205413
369152,303520,403178,383280,15004386,1027054,1431722,1180130,17954562,1029355,783949,720576
281313,325729,475036,387853,17981187,559182,1063259,842938,25098478,9797719,1012466,991514
257343,379461,458915,362773,14157330,420700,890706,737075,22741097,1045417,1069186,949594
3813597,446084,1026610,829436,192399,407136,463365,360067,14501022,773386,1206460,640949
15312753,291833,415015,375397,18559766,337132,493149,376177,20285825,505846,608752,464797
908813,351739,541560,494232,23296436,546035,1073382,1402084,14588404,685737,925526,861993
745337,320018,673775,725217,18549834,447512,778477,1025355,29991513,686689,739192,672487
23414484,378964,915883,1000010,26510823,557331,1333773,1306085,17653426,3304825,1037850,967068
1239490,357670,805231,854124,14720237,467509,876027,772074,22962115,558284,480122,448483
880268,328805,627508,556183,17403780,345568,433510,416606,19294318,470538,439158,444794
15521124,350919,847223,780052,15554865,447242,844621,780000,14525834,930837,866728,839577
233972,279420,356564,341988,390493,340022,453001,364872,21197944,880567,466144,465024
16355856,272733,597670,399046,19239660,517552,889145,724623,13995597,1285100,817846,805418
947107,332383,1313789,758708,29830165,9777351,3328488,2970289,21089602,887461,715077,731720
15512984,303362,920816,539574,15943586,658757,1530781,1286344,20121295,780568,562413,575634
2037549,269321,797505,414008,18735859,456291,641327,680499,13456369,902033,540441,500818
769281,309802,983098,577700,18785878,416551,666955,673125,21050227,951508,690363,681969
446118,329029,860426,476304,16400288,516049,831298,852099,15200692,1105061,1587599,1519976
652939,316915,907503,515217,22219189,573124,1220634,1240308,19254341,1169516,811679,796867
330489,280762,668306,411935,15718891,578633,1185202,1150671,14331589,1145558,962440,933853
583354,310302,577832,487618,23618511,556184,986734,960733,19677465,1642271,1013075,860227
15375830,343983,887192,763147,18527609,454923,588331,607057,29196186,1286724,1733208,1462786
465285,310909,531256,461091,14401230,466882,572174,612129,13950771,876846,595627,579151
2028264,403964,963465,899512,18516839,604235,839469,764908,22474937,1688431,1714717,1930804
868978,322892,854048,797728,14631828,1018653,674952,637879,13848213,799933,651493,822826
1291507,366763,4089614,955807,10496759,2618638,4362680,4030112,21099531,1639811,947157,1033163
624006,300108,921111,543734,1048683,743852,902853,867888,1135238,921139,844464,881406
1651514,362256,1106606,1472712,18811328,643422,923309,867128,21199282,2299751,1719575,1069851
23271982,356256,916030,1390849,18034844,504150,6033539,5279406,13998237,750886,1496591,788517
415240,275414,498187,448918,14334590,481923,2567408,778203,20336201,552419,1181017,615062
7761838,611711,3722850,4296421,17555521,767168,1887816,663673,13566306,473618,958191,568152
472690,292076,552830,622788,16304029,1016563,877087,782596,29937647,632819,1325029,800484
1823623,378708,895898,1127132,19084093,898970,678925,651909,19420066,433646,586421,364429
17538543,269418,360204,588286,19439435,842957,741265,751350,13439881,341217,574015,404371
685596,298173,608710,878696,14662567,716884,729330,680246,20188822,399146,927221,707405
5034473,730443,1929745,2404545,25078898,715402,920095,860291,14031237,717541,1463010,852189
20817901,308463,367089,475641,18120064,667248,605625,580924,21112999,8110606,1776171,1076647
1641665,353327,858500,865043,29679182,616512,544793,539533,14409417,555681,841561,548713
1703646,353724,879610,858448,19287948,615780,734809,663002,18284773,663068,1361212,896157
19831677,431803,1006130,1002161,14610347,468661,437954,364004,19850080,1605384,1019604,748253
503893,351002,474015,484253,1514035,718803,1091504,1003855,15054973,733806,735880,673916
1753624,383577,990561,873826,19443439,695087,1140975,1060585,20382609,892047,1636015,1682678
1116469,339225,719869,586179,18319468,598828,877032,850577,15432004,762438,1644126,1731402
2187995,383515,1170080,1002060,21123641,593039,745036,977883,19034095,692267,1036218,1018937
19947157,338043,896024,789744,16136521,639157,684274,1291236,19503745,499689,521080,509531
885216,307527,568057,503447,20014872,647789,440089,693778,14288156,730144,767753,771581
442155,309451,414215,361847,18981072,492934,403426,659954,20856197,492110,530533,515980
2740252,407881,831666,752078,15102302,454764,768333,1260217,13789966,427506,541479,605397
2700515,370555,951492,821383,19423843,510584,944788,1585903,20906117,653111,1684298,1729742
2358802,352992,896639,763901,16680459,613655,1699564,3006177,19930989,688153,1438180,1073043
2134879,359729,956534,1471847,232661,326278,460335,876315,14675343,899819,1622119,1004649
