neo4j_cypher_p_100,neo4j_gremlin_p_100,titan_bdb_untyped_p_100,titan_bdb_typed_p_100,neo4j_cypher_p_1K,neo4j_gremlin_p_1K,titan_bdb_untyped_p_1K,titan_bdb_typed_p_1K,neo4j_cypher_p_10K,neo4j_gremlin_p_10K,titan_bdb_untyped,titan_bdb_typed_p_10K
719854859,2351354,2495984,2199555,804465984,2393793,1732708,2691687,816104390,3057762,3236286,4362579
710321844,6506659,4174867,3637658,786635015,1579851,2199585,3338014,1798007154,8104244,11611314,13022793
739890745,3752682,2011988,1911881,779961718,1988310,2137996,3197308,914943550,23987050,35353209,44930386
744178038,1780079,2001248,1912131,755893992,1927205,2132909,3320481,846528695,4372736,4832898,5467851
781193059,1723612,2032961,1891984,792550423,1607239,1730178,2699486,831930641,1348509,2093617,2188495
711795520,5666359,3719495,2969422,762613540,7214334,2846759,4324127,791916511,2588917,3015398,3206804
756079944,1831755,2060143,1616555,839505217,2425695,1810974,2677354,938628376,3931436,6094751,5916325
807721501,11577325,14225416,12387280,811079363,3621678,1704631,2557084,798123285,2108251,4555737,3568181
882204027,2621609,2686877,2061152,834953595,2932307,1735496,2643860,786485163,1759246,4508986,5343854
762406431,3110420,2386827,1813642,875305153,4660945,2265850,2646827,789649327,2053106,5642456,5600814
697346668,3720718,2405469,1772384,849470747,2400270,1970749,1797287,771535078,2239959,4481865,4166729
774764762,8397153,14455737,11350198,817585802,2250205,1824206,1735452,794208061,2611366,4140344,4126880
747469441,1507229,1893490,1541802,762954559,2897151,2231162,2103246,806472152,1720369,3219169,3064633
744181236,2478051,1910561,1385665,761514847,2322333,1791362,1775943,858657155,13436683,9284654,9525244
721140157,1737409,2205451,1637486,756204216,2944900,2253658,2239441,946175734,3480586,6673668,6580449
714765838,2846652,2623056,2052819,738793488,1650181,1824169,1727495,784222209,2492841,3946933,4276551
752507909,1737254,1627054,1256257,771804717,1837718,2273216,1937503,838817301,1081899,3121451,3028084
748800638,1427851,1650541,1351796,814665057,1521677,1840150,1587296,841220902,2071604,4771799,4524443
696540112,2552314,2477870,1640804,800678792,1244870,1791039,2167122,835152781,2209775,3916915,3702827
714545748,1995727,2675754,1636459,817094420,1406763,1807327,1364272,836689865,6785668,7355581,7359425
745139105,1484581,1485092,1243751,831120290,3146536,2137411,1708641,840836391,1452442,2862797,2854287
766616386,1262742,1392399,1220807,818644471,1811214,1624976,1375259,873638252,1149319,2999883,3355934
682172896,2761991,1420384,23555015,1079469224,4023096,3103764,2820516,824551048,1264762,2940813,3044067
721968567,1639464,1362692,2400128,769875344,3041428,1945415,1659285,859014025,1697123,3789399,4321001
734484489,2576042,1452161,2069930,752995339,3308844,1509826,1195601,838678532,1483801,2981049,3452000
761682644,3130505,1341702,2302100,770481254,2037691,1537903,1356651,858343861,1147073,3088059,2860250
700870938,1429519,2485422,2909005,827602030,16107299,28028200,31566408,842208883,1162952,3917943,4074020
743081076,1957952,2833796,3261668,795518175,1320416,1928970,1982590,806252467,1453825,2889268,2901060
741735637,5354255,9041335,9421075,777774651,2315441,2662784,2531524,807147921,15823088,23254424,19292228
796408661,2551631,4186963,4475442,782903985,2233311,2965142,3406112,812392938,6623319,7586829,7786945
712697101,3762497,11712967,11997821,879531501,3821467,4893840,4945185,809224573,5976044,3957435,3840562
749998577,1414463,3242264,3382611,833091286,3606975,3705930,3579934,778269398,3266155,3733853,3696589
746310115,1723067,4167700,4339832,771185721,1381091,3024685,3145864,785634840,2055612,2564334,2825032
784370710,1468521,3203702,3059276,752136202,2017623,3962676,4500268,787164525,1425195,2063295,2340379
692590623,1999755,4142036,3866985,744348673,1984164,5051133,5318683,778669394,12952360,17740201,19057208
757539267,1187641,3099717,3029466,793827396,2165903,3961297,4032384,783234795,1773523,3306935,3574895
732758148,1959487,3406579,2871905,810040800,1534243,3889497,4137820,801941656,1037097,1693402,2035515
766469788,1847292,3892571,3673227,777788040,1213196,2984362,3028314,842755864,1619512,2266207,2609514
712352647,1219516,3091803,3085023,834701061,1357423,2799976,2931474,970370018,3470083,4706174,5542067
711567677,2971229,4119165,3911723,797878989,2903262,5781180,5865656,847979476,1542761,2759218,5642323
733949357,2508487,4894523,4590513,808959844,1663293,3261180,3038258,863540048,9981375,1704125,3559183
767647753,1283437,3124892,2801478,727880166,1268201,2631502,2773769,850629085,3978587,2218649,5323027
741691713,2667824,5132490,4548128,755288284,1278046,2603029,3413382,847687179,1020005,1046247,1913423
709302904,1587840,4328471,3619529,770631020,1734320,2902549,2848835,834818518,2123974,2557693,6347397
744024654,2348262,5201379,4522323,818779541,1523583,2867688,2773585,884997401,936409,1013724,1782854
755916051,1267407,2437544,2778833,781801397,1853008,3405740,3489861,838695872,2054473,1929373,4208804
703728150,1148132,1799644,2964151,883295375,879563,2746852,2869455,839640971,1716827,1627158,2987722
711830963,1175153,2128397,2892429,870303004,2572159,3653849,3405238,822402688,1036773,1649635,1785838
736394989,2554120,2542587,3753776,830916209,1066684,3006105,2774887,778389894,888680,1781616,2308288
747439401,1411361,1738414,2570071,776523690,1207761,2915504,2750961,787020443,1326142,2457821,1813076
709102836,1842305,1791448,2592110,766277892,2634803,4391263,4346950,776560448,2801583,2314621,1530750
737896189,1509942,1722232,2897828,768188881,6750974,9539909,9494094,809517866,1300571,1638936,1157982
730922681,1312723,1765512,2730937,801383151,1724747,2586868,2723000,780802119,2903625,3450943,2214722
760917967,1234263,2099791,2620659,806320517,4682236,4246085,4454673,816798887,1964335,1691434,1816164
714000693,1762497,1868441,2571378,801858561,2150528,2686961,2732535,824086132,1132900,959634,1267938
708145752,1837345,1961933,2554597,820316366,3723234,4490794,4674194,826141680,921897,1088096,1200266
739364482,1904648,1839878,2629105,824325958,2469107,2703900,2795533,846736100,7319608,6790135,6190045
739820380,2504577,4190831,4347342,796601542,4450036,5802427,6390006,831425324,1616070,1430020,2163130
703419684,1771788,1897406,3684153,788509702,3793619,5208794,5435161,856690528,5482513,6928492,7527836
709292781,1869405,1909526,2741128,749845644,2266913,3524816,3786570,840366190,1096676,1085390,1349869
754372437,2004098,2525877,3628835,798260967,3174783,5607057,5470173,926037450,4560568,3192490,3090932
761614573,1556604,1993137,3213808,815531859,5001150,20561789,20951887,843582579,1388547,1210264,927094
763541675,2363006,2388959,3580423,824848459,2379307,7068742,5436079,840673427,1773605,1121869,713686
719500506,2571676,2443023,4015471,805497537,6433193,16901836,13646657,843278263,3557261,2528054,1848867
741797724,1810693,1806523,2947377,798038324,945816,2027364,2097854,841107354,3496255,2177964,1430631
768147670,2018925,1817181,3826362,879393935,1135081,1295859,2264654,776851995,1511755,1032411,736838
695670466,1418346,2316246,3594710,802672883,2658339,3057783,5067432,817391314,1529738,1027922,741585
716897004,862186,1969006,2805657,790617865,20525068,17969291,23261290,876409863,2587784,2090825,1437667
746944113,1037674,2078688,2755099,744701255,914343,847720,870544,798795626,2553703,1753403,1372990
745576840,930829,1850158,2691836,786329817,3077750,1443184,1459621,774600709,11220791,6703293,6469010
704590384,783942,1813376,2931910,861784898,1759098,1526731,1481967,796822494,2147132,1159922,1149923
709053715,7833220,26401393,24424689,815184506,910341,847809,755524,850984984,1932383,889046,1033518
759458156,3552809,15950767,4169537,860735461,1356729,1006423,915074,844359860,1287502,722704,857376
743963872,1278068,2577950,1053529,908270255,1337608,800302,702662,859469962,1263433,709362,709620
713453959,979804,2728078,1188743,858779866,1404299,950081,849030,822005548,1775764,1002857,984082
727901968,977590,2712489,1175421,755850498,1571854,812782,752016,848738640,2479726,1557741,1535302
743156355,806592,2688940,1110933,749564619,1811135,968976,913401,820219055,1258009,693964,689540
757051768,1812849,3445853,1375807,749276417,2628020,1326532,1255601,994858402,3164930,1994839,1999345
714122878,1346895,2708532,1960437,861637877,3487629,1487874,1407421,825143280,2354081,1573823,1406663
719095325,821996,2685956,2018218,820840840,1438670,819534,731892,812240459,1026239,1035207,748878
739325923,1173470,1932553,2256649,842079619,1515554,767394,738325,834018627,794223,820268,778373
760987540,772534,1387381,1939129,796227173,1505937,1091356,832034,803179944,1035227,895723,721368
701187548,1102458,1592189,2347439,849773239,2473866,1044892,914046,802362755,3691822,4393236,3688271
741438100,18743524,33504427,33566969,843427861,1557291,873000,817231,781460016,1346416,902229,708159
786073343,28158443,64380713,30458427,779337246,2304523,1007238,932700,780557553,2623713,2058812,1822171
734902235,1420312,11900115,1104845,761867116,1473503,725523,762501,1035258599,1497924,1237844,1217480
694724421,2388503,1607145,1474355,756448151,2454007,843515,868515,819347422,1012394,706190,10730619
721062892,1801144,1572009,1408921,778407266,2327721,685325,726604,845664896,1068784,847162,849120
750399596,2103118,1617274,1219731,839996899,1554251,686154,717981,860160022,1454189,1094006,1165229
746643834,3520433,1747361,1316088,830230823,4292226,844360,856652,805596485,2662183,2519686,2448506
758607710,10027610,11672953,7526056,820432539,3847805,3560555,3634996,825382933,1946983,1700256,1591290
707433330,1170030,824796,1518059,857584011,1615172,1169132,1242036,826547412,1742530,1063216,1025051
793579682,1613029,1140145,1702529,822781834,1338105,1137038,1167861,846952315,2005114,834372,784769
755938395,1696134,920595,1045383,767406659,1804676,1712468,1610140,829875529,3514727,1692280,1641930
721788915,1107894,752933,790049,748975987,1450842,1444587,1271733,807728002,1914712,1049791,1050788
685950503,2781267,2028523,1352283,774125160,1469739,1416373,1124203,818100352,2417663,1027412,1046147
741673793,1235469,946564,823840,803336280,1329746,1512211,1161932,787224919,2517727,1252037,1236604
772105108,1544100,717928,988600,804802182,1331062,1470518,1162006,787078249,3733482,1047705,981771
742373814,1172993,532856,803130,794017282,1587186,1372394,1165519,799304900,1953900,811239,801255
695499116,2971254,1267305,1899911,833710137,1707961,1170176,1134564,791002082,2463763,1041129,1160752
728727972,1105134,540023,867196,789618598,1385179,1090806,1083451,806785053,1275327,820331,1252347
757719985,1123248,595425,786765,791131786,1887990,1161924,1190190,835287756,606405,839954,905520
743729154,1072893,579311,793769,741818041,1208479,1057380,1084732,830580653,1634819,1660950,2227027
696180096,2435408,1279963,1733218,774188503,1351250,1204504,1145322,829696295,1102099,1081583,1190424
739172392,1194822,520659,737245,816934707,1829753,1065605,1694733,823250312,642807,738070,578853
745110661,1224936,538605,651282,814566444,1950768,779101,844047,819941383,802978,530428,553303
783529275,1587821,535501,707752,802955325,1676549,814773,835354,833932775,793465,583940,636985
718742370,1479605,530745,660487,874579756,6277743,4621548,4689960,835384025,692848,664627,1153895
701147617,1384736,513014,1072223,836848064,1023575,578386,563290,863615722,718752,536360,1023023
772932695,1303825,534442,723544,750939146,2172741,712468,717865,802259303,928831,719357,1110644
783666226,2784376,954353,1006501,750024285,1083805,553094,551496,843655579,549788,524205,842036
744446679,1381229,798008,613799,747671260,3904098,3905070,4069377,825530225,1014102,614958,1058102
698093791,1204735,794769,632801,775460955,2144432,1066241,1076317,781168112,1018173,573546,984430
752508848,2850924,1095112,994022,823915539,861033,570393,574289,811891269,9482423,8993365,8842082
749523432,2139331,584496,650097,911390523,2347663,1652019,1677763,807988762,867452,816184,890016
746297787,2236119,568498,1022036,816154863,970471,583033,583634,797077382,689644,752390,768184
706984244,2166808,545252,1188747,881721693,1166472,630554,572833,841895013,973819,858362,959829
770095407,3694912,888318,1270344,827888967,2177129,1611140,1578299,903713311,1906235,1799400,1845420
740613765,3715103,753655,1063145,779890541,1944541,1278401,1282509,846680047,2220542,1674442,1626385
711445480,1325560,601824,883370,774290128,1492997,876394,860076,855868958,1799365,1211554,1177573
690887591,1186565,842938,741090,819902950,2211522,1372842,1273963,799846841,717539,730620,730515
745468221,1182084,830652,566041,835952045,1639398,730457,763035,828680247,911617,717369,734412
755990028,2944819,1521658,1078287,803661829,982251,574617,580588,1052875010,2258969,1252011,1256177
720485392,989566,604836,545753,831521255,1934537,722279,747727,1055723667,606426,523441,554419
701485989,1355817,507768,593109,860096120,904853,555919,604831,848093085,1063189,523641,517679
696065253,1189268,515441,592481,889865705,645562,588140,578884,839200752,2273124,1339537,1314121
733102589,1106615,526494,555224,836604723,2168059,744706,709836,794110773,1190760,1105274,1063172
783749136,9637270,6701980,6624782,756691910,1638294,935105,934694,790522389,1366888,1176133,1209433
721713751,648548,546186,596991,764219646,932892,571648,575220,808440249,554613,551041,533652
696390555,641143,500390,679785,782821474,1224719,735641,754908,788304428,656890,619103,613917
737393816,586759,504122,516972,807266008,1789541,940501,1076154,796229584,567127,546597,517660
776963665,807169,516977,573146,836353235,1016243,615594,880426,827464779,1353322,1455807,1480639
770971291,600849,496876,531184,815487417,1056790,996104,1542809,844101433,2172832,1043114,999103
701636346,816854,516362,553866,874510119,729057,567106,735154,826726286,2408847,1913823,1845076
770157936,840196,514332,551784,776783953,1010511,696733,758482,1183751569,7364544,3896435,3975160
822057980,691537,516997,571693,747171217,1463087,860455,907909,838790332,1829913,645898,728419
740991358,571756,522415,536869,751170351,804967,537570,585811,839841774,907053,531749,632541
726226502,1595605,846333,967990,787996363,2452895,2638688,2749005,851360542,1064239,738876,1052509
747661668,1739959,654405,788001,782004254,822002,735175,783157,874819898,1176232,1131439,1990848
758350693,978755,704687,753560,799943801,866670,701303,696607,836064528,1444567,1303627,2047112
728511734,1871464,885590,871444,808675036,1316450,1002033,1050659,807606348,1397324,601631,726948
672079225,655986,551845,564184,851141828,884666,667948,674936,809340827,693297,615267,800981
751689113,1099849,726248,767777,847597049,724898,550497,574348,1010086818,1217292731,4293738705,4168816747
755228497,1128581,758247,784872,827069899,1398802,874382,893530,794273923,1253319,880225,869831
737435147,702103,504676,504853,834278207,9114826,8325690,8806981,789516318,832639,750427,727175
694586513,625995,484084,488523,772859632,646014,590987,637903,825946331,807470,675799,667900
752482749,793601,495119,498066,763886020,710895,546919,637441,870996144,474666,443772,474004
754533980,6079374,482299,484481,809385303,7043573,9170267,8026532,839505021,1108004,787015,776666
747874583,1273707,500940,597264,839810848,1071064,918940,588017,835671452,1080963,829043,786997
700729881,709686,752716,503949,824760793,3317825,1737089,1162295,856559385,674079,678709,662077
715472055,684009,779909,524421,793893621,709916,843047,554989,834936065,13503140,10666229,10561644
725652231,782515,773389,512330,830575225,628302,1108967,552009,849009795,493192,471788,412860
785989088,564042,522781,531627,807539733,1382564,1278316,1066534,865306269,941374,640597,612441
721972232,784915,587219,555870,745348146,14417772,1381119,1614102,830335561,367815,376887,597334
698101383,614488,534015,530977,749829885,734062,573468,685183,880542085,704404,414276,415516
724678859,741630,524718,536497,765923038,1743710,1093740,996544,809761703,860358,649268,642276
752828274,1114873,648247,686752,822925128,2407752,2518536,1373090,781398530,543237,7772651,431885
707920928,1804583,670786,666371,789937833,742065,1026500,631506,803940411,931194,802483,761125
687591507,1893328,766479,817729,808117533,744731,734161,593312,767193108,353393,387361,382863
705413848,838561,481849,771826,784609584,817447,560865,541941,802051054,337927,376618,380606
731892920,592326,492698,896601,797535570,3283756,4913039,3491008,824694267,723027,528504,557390
752287184,1420132,668812,1073363,772168082,710673,978014,567261,867702250,1164421,620713,633397
732703448,991024,695762,1076327,744724580,735145,867516,550570,943873644,3277050,3347325,3422473
698852713,757664,509594,744465,764546714,684417,834358,558752,857125016,378275,374161,408859
744546169,1542527,785803,1055957,800614171,677045,886520,621580,859759624,383501,348796,385851
759373877,934924,573691,697665,797773551,717136,847189,698774,805182793,670508,510733,505045
701493375,1116570,981687,1044201,786463454,892998,1221307,1189272,822590914,806505,853514,590350
710402411,733803,1156143,683616,792599009,1603258,1365958,1380211,863401859,417588,632257,390103
739971962,681470,1006315,636718,839592049,759234,1009892,1160066,854936317,481951,580800,408589
743484904,731853,1055993,611225,818677600,669886,990146,1067544,811013024,395624,602373,436559
695994534,862248,1018840,580453,756348375,728615,981983,1327201,862897911,750632,980974,668899
706441345,701459,1061513,646675,836856657,1705865,1845205,2124794,790335760,408610,623405,442364
750722649,1000402,1110354,554785,739839976,3064393,1747020,1684151,784877075,477872,660166,401880
746844377,1162639,1054572,650940,814198851,1869846,1778277,1550766,765836186,1429664,1282266,879130
696055607,1594957,1076919,853315,793154999,803428,864593,799566,774258843,935686,1016171,655916
729709025,1142274,1040452,692171,785795769,705763,950693,976081,899558639,955592,1301215,825917
734966004,4565244,1963805,1361135,799469305,820552,953318,733388,830746033,641775,816969,525141
743644716,1497582,839921,584634,822860603,1193139,1195980,780576,848241038,4703843,6172836,4296211
705526667,1301138,892209,580455,789220105,770389,1010553,883665,823018174,636401,701004,617984
711973007,3015369,746757,667869,762025885,722218,1075250,988032,842398756,476827,350158,425716
763332271,1084727,584356,563542,751014601,1218322,1266604,1142320,921025601,683538,702525,807608
739797274,652854,526410,633780,826248300,709590,702775,821879,824595429,594227,544789,693627
730486545,1103470,540495,613386,816503761,737889,582954,866501,872278972,388405,513410,471448
703595764,821801,540290,613599,871875799,947025,574744,862201,916077898,589528,507304,616485
738963688,1384585,696928,750056,790003404,753382,613574,881530,836155480,336507,539421,425384
748391813,1583637,683733,749704,818022752,861594,620381,687837,817819768,923012,1041836,714891
717849827,930046,541182,558530,799032556,1763033,1095467,1087166,912061577,1201935,1213891,993668
722778690,858111,753345,601353,778344480,1154633,850919,857063,779037309,547385,550271,627962
738218637,1297211,696798,751544,739904000,897776,601302,777777,789366398,367323,352187,413209
739120243,1075426,474626,535752,761623645,803494,750244,949343,767881748,639883,443318,488494
734798681,669233,487847,538736,774984186,531153,526488,537590,803735237,776941,534898,637996
706577623,1665112,1272917,1381247,822077612,599697,532756,554534,873122812,896641,714537,740539
763443649,1865010,977089,1097080,777398017,1090074,683238,690256,815456235,606852,342506,394364
856831255,1492435,1009463,734843,840708669,737242,513254,554259,819023580,763962,621928,957696
786160289,752617,738583,636143,928265382,2151882,1340438,1457055,825571271,364366,339444,435169
741307828,951156,715347,560366,823645202,766954,487765,570743,812010198,1063377,427817,430775
734280615,914133,674086,554067,785547391,936704,781046,880182,951554563,5536954,5255499,5044043
770866899,774830,513085,541827,779832494,689173,505102,589275,824964997,526516,465022,573082
698589726,896003,494370,576785,743170563,554083,564648,583881,827648350,354919,382403,433646
695978827,943071,514709,564584,764273377,702242,764021,787863,815274897,464706,347848,362358
751034370,2171490,1127567,1183791,797011173,484336,601651,600904,813849161,1373481,1271940,1179814
739829803,1135377,516034,558273,805563821,928813,1138938,1147092,819348630,395213,353671,338401
747217780,1287847,686026,731698,790606919,488685,614514,621969,777768949,727930,743577,736688
705701644,916868,523215,584859,853079670,610117,562594,564345,792301412,440981,337590,336131
712574738,476352,507782,546351,872223576,3544356,1297648,1262085,786577922,1062979,1189378,716050
746965653,790422,658337,765325,794840892,551166,636325,667445,822547014,360700,563933,321322
761617834,391624,445269,532528,784199575,1119799,15212756,1118132,815462496,710704,677025,414003
692932995,562509,746429,543235,744349581,525607,659348,658858,838203084,1062908,1108528,689670
722415131,519231,805313,525570,777345736,537270,941447,858190,813235992,691017,759030,547782
738335566,629212,819597,516623,823745658,5277940,9645186,9511524,842376079,1139011,1642909,1136682
756511662,450970,816822,560105,862101805,1172876,1444366,1362148,804622761,1358772,978330,682261
695761877,810555,794999,520567,799389137,1215897,1420238,1231230,834520384,400947,703768,415003
736879154,903539,992248,978834,865625972,881747,1046168,1051312,846013242,1784754,2645336,1662160
778172901,747363,560056,550352,801417687,689526,1230432,915569,868241414,2603191,1827060,1099928
763774000,542357,577587,606635,756015613,853941,1970849,1849880,836131365,433245,453227,389605
725645733,615983,517307,563786,836707867,1969675,3307448,3111693,852310725,532956,356599,369882
704900803,564515,497555,563524,790769770,809503,1355571,1179762,822472744,1205601,464936,511815
748248165,721497,449184,556542,781673078,497756,956097,810036,779888530,1443460,532585,557959
759895411,621800,485240,613014,831228225,622762,1007575,895697,879785168,925836,779920,706806
698078452,500627,469331,552257,798969436,905115,1274009,1145450,796962155,1507080,551156,493266
741129440,984118,707526,801828,795463292,866073,1194364,1038505,793790282,3732534,1277221,1130654
765607079,682243,634492,764288,877155453,632855,1127968,807620,786706639,708823,646663,536522
782124171,560982,514158,555299,788810942,2535476,2534166,2360787,930108652,1060767,537142,552001
704387465,640328,500599,564539,786319907,1967552,1917328,1833577,840348814,472900,324997,388574
745869222,570625,490328,907781,732930715,720449,743600,872088,834464430,852023,485823,527165
719608141,533575,482241,967296,787594778,556900,711443,847685,831870132,405517,314343,344618
770247896,909841,614219,1227330,788617600,850180,1094854,1169300,839696560,1095200,732089,783429
683191173,1137351,1153684,1443857,825762238,530559,615068,1090930,974830822,3731270,3221503,3312852
728879856,632992,635549,991965,785785688,844186,721106,764491,813807365,425194,393417,376127
786698094,504519,459821,1035384,844769690,533662,580012,13961990,839632106,702515,693839,657291
784401904,460922,467528,1002995,835442627,481572,573145,865284,869764463,12148291,711139,850325
693345423,648456,487368,1093119,830902905,575935,545835,708766,819660108,1535941,608203,645838
730277176,683937,479084,1039498,755618580,742749,758051,833061,829347027,437694,328746,382337
823565643,4513323,5659783,6559594,744571415,520875,579985,697616,823158223,415074,350153,366911
759369935,728966,615021,670611,751479228,477600,559864,803507,811800618,1025401,888240,931012
690260484,1013436,1367490,853104,837626767,951996,944728,1170360,785151355,561025,425986,482811
710359629,641154,892875,560934,814626554,1635421,1353969,1561447,782918201,1068666,694318,726528
737483328,388123,756011,692740,779749823,555568,543413,621608,778708334,515018,318458,356480
767176650,621490,788532,650812,840431165,781337,884688,1017019,858043124,674666,322610,371653
752589196,521886,789531,547127,818975191,943917,714936,827445,852954296,622666,414646,474031
719200213,434696,848935,573250,796708572,838212,524995,536661,840785803,535226,323288,362247
723443914,805997,1016875,676576,738904924,1934083,2231311,2363863,818473463,1811809,862880,851419
728033970,1209421,1031620,816877,760943591,547531,816394,1055773,855667616,849354,687233,705390
701926067,481446,867051,484996,755152536,470559,809949,1167117,886992515,867269,458497,534679
690869969,602777,559803,464100,811924088,529139,818942,1110196,842580576,763507,315200,353202
727097984,1028468,543459,485367,808465327,866420,1051117,1235952,865219322,717746,311116,345371
760288451,896875,497882,562798,809454081,759223,748549,1044380,827999615,3029870,574158,617991
761839011,1097561,532164,558187,784066922,620430,577979,924237,824126753,695156,300574,367398
693325941,2284037,985531,941684,853358244,702446,1109410,958716,825432416,888749,404925,453906
742040042,1758935,1025838,753487,797483159,574791,1041684,945372,788268481,4386524,1003034,1080015
778305757,1017229,796032,459473,776192481,1395557,1221880,1201314,784732342,2859944,1186586,1204568
725581623,972543,617528,444041,745223721,1726778,1256251,1207952,979045269,8831934,3800119,3902435
721041195,879545,599364,445815,795077014,1176852,992848,909037,841848604,724996,547049,545450
724553374,1020504,829134,431471,781306542,2180810,1646944,1315883,780930256,433345,335190,349032
754530146,812529,853313,460954,807724114,677323,1170493,811353,865346567,407034,335949,421322
720862440,763069,1105233,599829,811183625,532068,996943,777111,823098715,561010,334912,383724
694166316,695281,964173,441470,862088337,1044749,1295221,1128403,838843311,407157,324205,388252
751237230,770493,984351,460972,827837557,759772,556097,819074,825242900,1038210,849957,928745
753208025,674802,1094544,440084,824796379,809452,717497,962254,823082743,578257,400575,434041
703505109,928399,1125283,612181,751517463,483079,745262,980933,820278313,715972,502867,534874
692594719,814384,779975,450397,785251343,1562490,1320102,1690188,852023794,1149066,881763,891109
718301495,540898,666708,476638,827001067,966468,794000,963916,1160389415,1355584,1464021,1055819
746249787,1139835,998140,906039,829204605,510650,773023,921489,818153764,515605,626272,446330
775870861,1199424,737406,810637,810838174,512746,778718,762340,839656186,321648,616072,385379
686579189,655213,442211,443109,822443521,792224,1134126,975117,877683676,3382736,4150367,3376644
717955302,932557,733846,761565,883258371,2898714,3718210,4489652,794694723,626856,633699,601016
731049289,463710,534573,460038,764370475,522487,556230,565300,763240528,305498,566678,397514
754853015,502570,585099,470875,758550185,903726,715247,723523,819794397,1747028,1807654,1691227
732962592,619656,519852,498946,734117473,865996,693532,702910,776785114,320086,514532,633597
712026774,539570,487761,521880,750673147,509710,519113,528943,796459677,620343,331898,504497
761106891,627670,485966,514563,830200975,6711040,7962473,8404137,825057965,1736701,1084629,1230903
768404882,1567886,1149357,1102241,818106585,902928,913599,682380,830119121,846069,608427,817279
695306244,658863,455133,452145,813360099,896220,543316,492549,837810236,332966,313406,424036
697309751,929672,463609,458356,846806909,25545777,39115629,31801369,832875952,571304,312601,391835
747943746,693092,437079,484070,805569677,1165127,1562923,1223281,859025008,669648,423026,484316
733607045,609272,450218,477983,798759872,2447326,5212919,5045705,795903453,549832,475190,384823
712500496,713199,428238,455252,747842621,868032,589212,1042006,820305189,297243,509369,370211
677491632,451962,434547,445195,739481883,728669,643143,1170383,862630973,547533,653482,468912
712726913,582772,470711,498493,798562381,621318,482761,904414,811340077,516344,708774,439309
725624922,647331,473934,494221,1434176258,479488,502545,927802,804134636,399817,650981,673030
757377338,841170,460337,515424,1371366042,938178,517396,954076,823025026,413749,509687,750360
713737548,390666,412116,459568,1529214344,2896095,1315855,2415419,765364697,456462,626076,805397
711043418,1210038,645066,690861,798155354,495458,476292,949500,806655584,688795,1019992,1441196
728087842,1124062,676983,657502,766900176,731142,788015,1240647,791586222,783399,1224901,1732175
750196598,438462,488736,452078,774237890,679917,847757,1070986,828335039,1297725,1758741,2046796
719792858,619066,450617,448230,770426693,723764,1060219,1040226,798464216,471706,495399,610102
715197689,496515,441360,440624,804181580,580371,970947,783447,856171436,722297,809238,1750852
744950323,704765,488564,506076,785637790,1495314,1649729,1466923,815366160,604332,538907,864294
746908634,1040141,974004,11350549,800468741,1065675,1968236,1868805,875378664,1760570,1133904,1223740
709317047,660632,567148,574287,832173744,636584,937217,925007,831544664,1018246,630852,662726
707077408,505890,521236,512792,823892041,493008,892264,1001149,838755364,677381,439562,489561
746519353,689259,539340,613382,764493885,3115007,2433451,2035496,831903143,1329131,613793,656447
739942741,1008267,696550,712024,771995692,824525,781926,825034,896188141,409746,403479,465874
712242109,616692,530347,538225,782675364,424275,508927,589463,853337728,482414,391071,431607
684000833,528330,500976,515503,893811696,3266062,3772597,4005856,852108058,1516756,897997,852190
737939171,1108811,642883,664185,820654490,1157130,738377,768729,844537850,626474,417144,435110
763022346,1551654,638747,654778,795051138,878705,684723,719928,813584426,305411,329375,379508
711647175,1113046,676654,656829,829527201,7015476,7001022,6967361,933473859,1687385,2050859,2012768
707359710,794811,785274,810294,753868276,1014490,949864,921501,781415823,408291,326996,451455
771517860,442616,495425,534202,748469382,1115877,624017,770650,795867736,359377,322511,399551
773364732,513325,512190,558060,775763544,1166000,485925,620657,793359457,483458,334603,347748
753234924,431055,488886,462316,782333299,802418,465038,613318,801748545,787010,606860,615189
705822198,696497,512887,459679,803480878,1634278,796795,1172714,849519119,563607,316536,372570
723174793,535679,428002,448928,822722293,769832,659420,721503,830638558,1599411,895655,1500388
784705205,652066,560791,578609,834999293,550981,457213,448573,825012697,388731,314852,704403
729036360,682628,499487,505966,842330966,6690384,2662043,2627156,816503628,424384,421377,567280
699710546,1236960,611526,618916,761836153,1557194,482020,471332,843861851,370655,322444,359072
724822477,975266,684948,610328,780556126,850288,617664,681039,828208948,357684,367124,376627
774444108,608733,438260,441412,767099394,6966297,421493,433226,821420523,346466,351997,367923
707646004,748244,502704,458403,832228866,829355,691172,645733,855979865,344006,392798,452950
712051725,1963605,948353,866732,799394418,790351,623376,596761,853765895,2319485,2506795,2561965
754963011,1995628,871551,808976,819035101,514430,443569,462101,837109301,463257,333896,458256
778328485,1500129,836152,1151135,812966319,766698,590361,602485,841414608,472406,485401,521546
718870699,1513951,866073,1228416,830329740,870181,734533,768892,806770839,580383,484982,536097
700307984,528676,605536,777403,789942687,1683292,1064458,1091541,789823461,597977,498818,535841
731213194,664193,523848,699621,760215806,881815,603507,859712,826982826,686874,411531,462894
741735983,521708,519791,705460,742218741,1665468,1036200,1053347,783935795,992268,508231,525987
720829300,788465,594788,852756,758751606,478599,439223,432033,852299441,382279,321227,353975
701588149,848571,808463,1013769,816533657,771274,609340,607901,842472452,630924,644808,669345
731517173,477303,652030,854745,779725025,558459,468478,462222,879473755,1671905,1244357,11044946
771114573,552679,655021,734883,873538016,529333,634989,556267,823439639,700132,600253,708484
725878874,1177361,844156,1337060,817894561,2363043,2543760,2581216,865269603,381081,400291,620786
690666726,551142,657294,960334,838609915,1537636,826476,848141,874641774,5839632,6165257,5288814
736124929,800565,651692,703015,809503244,602646,850327,836135,843056425,1130609,386873,311172
764822606,520739,622479,573977,747620400,1369391,1020292,933478,813713291,655921,509162,533657
757871730,414104,437598,487039,745337646,860638,613808,702453,853720645,1052454,714139,679986
690932037,501551,434884,469734,778379227,1055630,761883,832086,838478692,535688,340608,329708
730399022,548875,483659,515436,806770315,600266,440007,523259,819877982,481142,326520,341398
838025731,700466,726005,683737,835865252,566005,467445,531607,832589078,1449152,559817,509705
777759615,1529660,985395,1001883,816870352,616595,601395,709258,779262914,583476,311803,299375
717611973,735136,511809,564335,889490633,972791,1183087,889858,794384744,969661,474573,470640
898299517,2839979,2404216,2574786,785287592,1218585,717767,789366,776258880,540749,318320,306405
740891309,1870853,553795,612446,819362726,656439,436974,507752,793142553,1023786,410605,384397
753489868,1185363,463973,457085,754900143,631906,453289,500031,799371793,1348357,577780,536135
734341687,888431,479778,487120,762559752,1612706,936658,1303403,814083189,755201,520867,779709
710998641,1065307,485258,506688,808072467,546945,500376,579862,826735117,986830,636370,660463
737649086,1038760,418199,465817,884027331,526094,450775,518960,850320430,774259,407845,396322
783510930,1116625,567293,474260,808832881,708792,450507,498539,838641630,367847,312783,295876
715046577,790113,484421,473798,867323161,908775,449311,508926,856420480,746031,559054,510118
688533638,1195538,548190,560168,861739648,517776,436141,493889,844357434,733441,473820,452798
728851961,4648298,423895,434597,808294405,633712,511094,515226,811134220,334988,313874,291237
754922974,862315,554553,610044,768739667,773422,591822,630561,858928036,350898,470947,303067
769291955,1123796,581560,636857,757421519,1607712,885341,964473,860702470,1387004,861736,799569
698687709,584421,438610,463938,780012593,474929,446745,824969,850205183,678976,510134,459949
712586571,651301,434536,446448,815707608,678909,437312,877148,791623255,833254,594153,537197
724471947,511294,441824,467440,893123984,593172,456204,878505,937252940,2343433,2428090,2277735
754451093,599138,426991,448774,793892716,1465383,754037,1371395,776150445,737473,611827,570123
701871260,507717,449243,456830,872744288,458557,437235,908586,968449489,1772905,2204451,2352301
689122973,580736,424934,451004,796837503,3814613,3420143,6027745,821484487,431360,459660,445390
744819304,1289352,571462,593145,827972479,523889,430188,860693,821626216,287405,304978,300675
750787736,556309,447486,453411,743648434,479620,460849,574797,845132211,2926588,1398191,1259805
736668150,484281,432102,434110,794080329,840486,635173,712277,861166598,1509525,771783,722478
685168034,418040,445049,472148,811909272,1109414,696254,845568,848218131,400939,463683,320794
755633594,489571,416915,437047,821582116,749463,587076,622970,821004915,1155815,1415127,817384
724732327,699760,442643,466652,821826965,912265,591281,662861,856769442,728074,738089,463701
724178456,973661,748182,795608,819892948,662456,563918,598464,841690833,386363,483657,336703
714211235,558690,466728,460413,852839352,492034,474718,501378,861669453,1023072,1024677,1429711
729418996,539888,440702,475099,791448947,697699,429159,462570,837012593,555814,417136,646361
760276485,706765,439887,465029,762613923,1218553,609578,673830,830990467,442421,455282,811205
725951691,676113,420486,452455,771487972,1565586,747151,755602,832752067,1107122,1499848,1907376
698242830,1015367,573085,609917,788347543,412100,446322,477008,761754975,1332350,1343332,1381821
707724592,818132,432096,456113,827598651,456800,430936,547304,823543345,1215327,935882,1265153
726888404,779478,599090,616816,820833307,510502,417950,458197,948112499,6404563,19625935,7912229
782652282,689956,495105,431764,784605890,943955,446318,458172,857769197,336245,411655,409421
695877283,394223,430671,457860,862204703,491044,439852,447959,828848362,1267063,1340658,1210572
724974436,476343,447224,449126,763577980,557903,466361,480727,817104944,714254,460407,478763
850156504,595223,529730,465913,804589334,468906,468111,482378,869101319,915770,469824,423248
762683073,476034,441568,465717,766306642,660079,597852,600052,826284272,1198860,749071,690133
686576408,482114,467274,559943,779848939,1423711,1130695,1243502,837690575,1371947,870844,832641
709350890,520397,460804,477436,798068401,722799,414794,431503,871218521,1758268,973742,972063
734272561,831112,466170,466685,814879413,1214477,903505,1378298,846441589,521042,476707,445515
748936094,485742,457872,451552,798997140,504735,411379,491859,836913739,888630,1032519,679826
739162128,587973,445503,463331,821253793,980901,564018,602395,799282986,471046,468687,400610
718109120,888131,10894256,593765,843516942,631569,422725,444202,781482300,391310,384910,307827
733065445,764255,1235669,689678,831772722,634401,430807,441059,776099549,1097239,627818,550518
766809738,960980,712333,478769,759964284,462988,423025,438131,784380646,713995,561765,519717
722846270,846541,792705,436071,753406759,593788,549511,578588,795144150,748422,910652,850013
689242437,747899,649159,465911,784394779,526412,415663,433834,799499648,541484,458100,442249
725067396,459555,596222,462974,800321410,612434,531520,435018,868343113,318563,337124,471284
734634752,730435,467501,441870,805445421,1424993,588727,610493,865289643,1126337,612718,611453
752923724,788792,608621,568673,793234367,1695717,772544,756015,814072006,597039,494779,464470
695973272,727086,591757,592325,848647596,1487397,697873,689296,860387156,419334,370499,371517
733929811,600545,596606,663694,787088487,793547,452852,453819,812810236,1200439,455407,427528
759208726,382999,428289,743242,770933686,1256225,595166,601108,836542142,506048,431028,400814
736290804,494945,455970,785445,755212725,1903983,878397,890745,826396443,371928,392498,316895
683865988,1659194,441503,730283,777204386,808916,426705,450009,840877494,370165,530139,310376
718112828,514456,436918,660932,793116445,744008,433688,483188,853010918,408504,465520,312383
741206772,2840499,1152637,1797467,836967539,851002,569709,587746,846204137,351036,429542,327125
737425733,562871,434289,777433,806782255,563023,430460,436135,815076163,489785,363145,315510
714423015,521830,460495,774371,824402275,1085822,828282,880263,808568804,341310,387991,370494
696206469,562621,561875,840135,813772866,1175540,739423,781941,806354675,2367123,2619074,2272082
730269698,1331550,768308,1189836,790560567,824307,567310,583587,776456095,1110360,781119,677545
746494471,389600,403817,687363,736660711,860358,567090,582661,794883029,386685,583015,362567
714125105,692960,439156,874592,757338661,1924741,1999540,2141995,906320502,530126,595216,534860
683094318,438073,400102,751529,778706288,541361,427652,441808,840891744,489545,406008,363475
747402112,668839,462796,551098,833191105,544802,422503,435526,822100923,408657,360261,322425
749086366,1006532,423464,521083,803900097,751527,432139,438848,818640322,751639,790873,576800
743651004,1470085,1023320,1087467,820391336,720748,628796,585146,829047501,403129,615529,307410
679243237,472365,426369,438676,804862733,483899,648282,423453,979038635,8527654,783394,671792
726623707,616646,511774,450739,819406488,482890,680014,451904,942456921,819572,622899,488486
744722216,620875,463806,464825,823513581,485933,470203,453125,854145110,1022176,753376,603648
754652192,1531724,572160,605428,763845350,561781,489992,666915,854992780,1664081,812893,687222
699056925,469297,427253,423614,1229071457,514943,443428,510997,956769522,1092646,557253,553977
706036342,732454,563978,606325,1113879448,568328,479338,460651,836545329,720283,384645,410970
726297880,992399,578881,549053,1139855997,930542,680669,633179,778819818,482878,408311,442073
769869485,639015,453090,450907,795348366,496438,454523,498985,787656202,977167,891219,731146
774784201,496695,545935,600264,810235076,383669,413345,444736,825777039,2308243,908896,804322
688567276,838602,604069,628961,831103674,1363633,734051,759761,797835348,1150826,406289,356033
699556909,527297,421274,433339,771756075,918901,715038,714460,805666245,388564,326853,286279
715454215,506093,445435,433521,873290525,560324,562232,426208,1085455887,2755226,2715600,2259832
753362248,1150471,573982,564898,924223862,4513259,5728767,5742719,830975390,456278,351072,278867
699085325,600149,555437,566341,762125085,787762,687792,704002,840347527,1504730,1165937,709139
717205051,625154,458415,431859,746047221,860773,751458,666288,827200967,451654,370910,298496
732493663,474716,421289,426783,797042289,738537,755493,954807,821904377,608128,402693,529388
789522462,1184337,702611,712708,800592921,580391,611167,598293,830625188,680337,507985,451886
747225342,610297,438559,461472,835536724,422895,439054,421571,816315834,523385,399786,357472
693137753,442077,433050,511567,870797194,676068,465964,439254,914333346,342748,327450,298756
723068771,525201,486394,507149,829125879,942960,753813,812867,848192626,698709,621482,527656
749496627,401412,468329,475788,971163450,557401,416697,447135,959019585,1460094,891639,810636
778350072,1279180,853029,952434,791455189,1612755,1844546,1767331,812995038,400440,310983,298952
725458590,495702,442896,522027,783902587,1031485,542739,543378,771723078,468323,329535,304699
740971338,471092,423092,511227,789822671,634458,613413,635933,812280662,374543,326979,327363
934759546,458710,470271,511636,901065844,1628805,1132846,1165363,839261105,823349,442955,409888
773251122,998746,570862,648309,1512337076,958154,916610,953776,790518941,581657,393277,381837
714059793,458858,471325,552417,1223584252,464549,432600,434109,780364711,1235905,748769,712340
717481038,605754,468178,558964,1072724843,955531,577496,636098,805921853,2483883,2692491,2446455
784233183,625155,457646,533259,810899727,525123,431753,433828,822292026,1047532,694799,647465
749946809,2551867,1140527,1263154,799830618,1265635,913376,907740,846430518,350648,302977,304999
849158947,934115,433976,501187,831230761,604472,434079,423852,833210241,1135651,576668,540127
931709042,1862329,730893,817197,819263000,501737,430971,440297,904100750,1812395,975727,953491
933540721,862466,429469,505311,794809324,823553,582653,594998,2346924385,1921274,1706493,1714817
991404442,3237138,1040846,1148520,826654157,863979,695299,732378,811325497,377710,311292,300598
782100133,994644,471543,550946,791294539,462833,430670,459843,837177825,468650,302685,299533
696627748,2065030,733710,833967,1316598486,586248,422835,429594,833256490,584316,386538,367780
719748017,1740959,601268,694072,1173376607,889729,572688,567462,822936227,3739027,3671753,3386495
750748238,914706,432857,514381,880388861,995859,733820,716181,780971158,793990,623940,460729
742189094,824247,483516,493038,1131296797,444072,434788,439512,786096984,696373,860802,670524
723499814,1670821,835646,937887,820228596,1785073,990345,1027014,791360222,500025,612665,475683
728815149,1042340,695811,823304,772544547,1668947,897609,900786,786001049,489272,585950,405588
733455609,527014,425815,507327,791866633,772951,646982,918434,826295639,1577459,520566,408841
755634385,731272,409471,466859,780557406,701034,468874,791224,790730320,1815909,765941,656822
724009157,601795,412139,498928,823073403,504387,9182147,870801,800537412,394400,330777,301981
1034801945,1849716,808903,905476,822098800,437753,531042,660744,841101638,730419,695718,441094
1063880713,1173987,688249,770984,904114033,1577856,1793453,2865942,849967900,748978,623430,481115
972085582,832159,434321,516060,791405451,821988,549056,781675,912634510,821920,792986,650402
1169373737,1382189,568042,656325,811582639,526741,428173,500645,827081586,346436,317004,299951
799524862,825910,414564,467312,781631801,518236,449718,448674,821590886,746897,298940,297818
697377752,863629,559480,649090,792783745,1050569,571663,581508,843281808,335448,292660,287039
735397638,1533550,440055,467764,818789820,529173,448127,443322,852147044,329063,301012,299782
776138740,646738,714969,680425,834409205,842700,437851,467903,848188603,369298,369863,346435
767459516,1192790,823595,954190,763905838,560608,469927,590623,793755634,366028,358488,293763
749450735,802540,425883,493474,758185421,663956,646486,647768,858282522,342082,302767,301230
754338955,844576,580084,620085,784173221,622536,453150,440655,921841294,1180500,826753,823889
720242929,796390,690165,788382,771432202,861889,580262,552051,763125682,603025,467202,466258
836782265,772085,557159,621450,859449104,518413,448560,437307,896105114,887724,754903,760686
756356318,696276,435229,547720,851134086,507709,426507,444100,775312746,426064,329088,474981
757479583,645426,422795,437155,809919636,923252,578926,584828,786016101,496725,400291,577957
760561641,1129862,597711,596416,842757575,3354382,1301142,1441019,798760842,889488,488424,801467
693793640,660569,568181,588127,804370477,529442,413189,588990,836029293,349503,307012,529860
715525394,568271,536697,543747,789410331,427326,397043,435487,846410016,506362,473942,712183
740754009,382885,394822,418868,775509312,626612,575719,603887,948914476,466040,462908,744978
805178719,665032,418497,464947,741744777,643966,432854,479395,836751499,486483,506616,654044
697352150,461313,410998,422602,800727767,605793,410376,441735,960009119,5682204,5720753,7530517
699504703,852823,569214,571738,775255163,1330471,540801,575763,892140345,1589106,743211,887247
731584109,435970,420808,431094,819481115,1178264,626866,690553,850361432,397859,301628,335516
737164101,727662,409009,414322,801855088,884345,417524,454266,860654938,973312,598404,611123
714120067,764043,435196,460554,827708089,837976,432028,462214,833993677,399812,284704,373963
695760437,455540,440133,439704,766607737,740277,416878,539735,843519971,676673,378671,385591
744458059,471459,462560,444060,764165972,858886,405837,427919,794026317,771565,727033,729113
781639980,778045,632499,592067,766872825,1786150,549960,603947,818594331,405430,296226,306646
713219236,537292,461487,439207,788960590,1043960,422119,459164,962500489,2843069,2991293,2842294
693774754,1105134,603737,569836,807083358,1417281,519696,575352,809425616,1874454,1173426,944419
739566030,454286,454676,440153,833367303,669546,407217,418812,804860119,597328,312013,360381
753202495,658747,434588,437994,805893942,1052524,684298,706497,809564359,3593879,2967604,2714252
765507237,458539,474805,429342,839549200,1373145,908766,958484,964659856,4945327,2762710,2538988
714200139,654562,422805,412988,793493908,1180711,678100,692963,862678757,1707865,675671,631149
728313993,825370,471430,470473,769574714,1661307,875380,922405,857580177,629421,593990,520239
731047273,705752,602962,614100,745078029,760313,410692,418943,1002885796,816807,704820,606081
797325839,632993,434123,446197,726434798,568029,506025,521385,842243022,874784,571936,541925
718826172,409511,416391,428608,749139389,563184,426790,432198,877797516,734102,597085,537433
729134418,1112927,410032,423036,810794781,628540,423303,456004,831071743,367981,313406,281635
770058817,1418031,558238,559120,784709094,878900,729671,751616,836702783,385116,343911,268589
762609943,985973,434978,489652,818299233,1827850,1013428,1017182,832838048,1561929,1348965,1148129
707560386,968606,416013,472745,865174822,817206,543738,560794,788695613,391156,303772,327210
718903796,781987,417617,427491,781397267,605994,408483,420196,783403987,435550,293699,283816
754650222,1080197,425511,426450,799933533,703006,453578,435407,790647960,618315,310133,287230
759389032,1233694,440534,438411,740244456,847929,561879,11153403,775004744,924639,464932,360415
751823215,2420457,793555,869677,764606486,554058,422168,539334,834808652,2370098,1200185,871084
695015802,1436814,436208,415175,759996050,541584,470882,610986,815527614,836598,586499,408123
745436636,1294057,417864,424563,855222081,632759,545896,537775,813095796,397913,338866,268502
749371880,910670,549068,562464,782517105,647002,426305,443093,871362641,459318,315082,268462
751534334,995417,434007,438774,862652385,485092,420633,459498,821072888,888912,653696,538773
720128532,5094243,3826971,3457044,845508743,399709,394201,419918,850093277,596663,425198,296000
708712278,454701,870587,657200,847753484,547691,413867,426314,800998931,1216784,650540,508088
752200673,375758,822471,783452,749667450,527940,407564,417515,840995458,457342,481972,283885
780123235,1082123,1228524,1269597,750856270,416924,403825,441855,848679454,1143641,744164,561683
698587849,799989,890213,941342,752471626,637368,420390,528334,815303471,331903,341048,277148
697644045,623888,759558,733148,786798830,1381045,986483,1712955,830508490,419795,328118,297924
766792151,509620,1014852,890805,779653571,494877,422436,883502,805728868,489360,366582,280799
754169858,1828787,1802204,1837785,802727521,773162,549472,1010096,780403061,944623,362293,278258
710512155,511941,929291,957918,807246100,7534971,403829,677770,794448952,618085,679173,469862
711425693,678715,971309,801864,820091229,6088252,4911740,8141505,789611237,295642,356950,278993
760053418,591097,920284,1059544,786524983,1341952,914615,1669015,822116327,1912868,821447,694817
770373373,1160979,1105234,1224701,766397982,1699069,1552280,2532396,860867855,2560286,1064907,1025000
721517138,497952,744362,828556,747664200,1126136,652798,1322978,856918788,1467583,1118081,1004247
701725080,609889,992953,799058,757697552,497513,686608,1032672,852491917,377128,300691,298552
716927220,469904,829888,846098,789627904,1001770,1093902,2544969,830818069,1189102,733952,666584
746863982,376848,788733,753095,780950471,635408,600455,1784127,867303291,1902915,927056,847658
749546831,822263,864161,1029731,791916419,436712,728686,1811440,860372494,588094,314618,307119
703053066,5139740,5524372,5887792,801203312,3981555,5430417,4310565,855115171,320257,324882,286747
727209549,579671,461879,539879,877533568,1030004,1312768,632206,860159762,339286,344096,305998
742173659,640934,420055,415010,811579662,578440,753394,428300,862042923,559083,429938,357305
758284204,785462,604539,604284,764394119,842164,803405,454514,824813293,542799,442857,281238
698087714,471742,441860,423905,754238866,964372,1595339,893565,826575385,580567,592597,333842
732516217,405174,421408,408230,800781520,656598,961998,573670,806657589,318066,480550,268833
745841661,987668,445049,460363,771558509,1331356,795720,602068,782461322,317390,465177,271701
751749356,478171,435291,480315,800848136,581828,838886,496399,775196989,428131,447841,276595
754111299,771429,456726,433642,791897907,753013,959697,584339,798799088,2371112,2141932,1707134
670441395,609298,432336,411934,851065407,1081800,913431,591928,838495224,1335203,821451,697753
713065784,561682,468235,420550,817423621,776091,850080,575668,820037673,419378,408466,360376
744940963,963792,680458,722194,795196731,470596,616631,416166,844365431,1781106,920247,866879
782323927,473449,423505,500935,745488748,599126,859624,544400,839425815,511243,299238,362087
713807155,364073,392455,420182,757079229,1331135,1176919,820297,894511470,2180359,825903,1147065
705300665,508993,429323,457217,789381303,454402,525548,413866,826477229,616002,383267,578245
740733457,418311,445779,432988,859719794,1839202,2005028,1985980,848142389,450224,304768,339756
763674734,873637,793902,801733,788016809,471101,456935,444374,887007830,523432,485084,501226
718585198,547011,431869,421501,807163286,591887,449437,460833,871210648,293027,316619,349633
692864040,5390194,408475,410459,830476516,407889,421543,418531,867693426,842959,373769,398800
716733580,511248,406071,422917,781435192,905926,652848,645972,817328799,611315,523761,515578
727635594,592046,484553,415244,756519625,703034,431528,414912,802111053,344087,494749,329609
782850078,867501,685550,667894,769574832,473749,440381,446866,795405926,404709,332387,314188
742385144,814275,561240,409781,842065659,3190886,3698986,5195685,784651796,912773,614233,621464
685793300,607507,431820,426667,797232658,495009,464145,905909,871732531,983881,624123,724662
707422914,764399,415781,415589,777735250,1071996,763006,1080029,798186794,544155,296679,436517
745875235,795436,417173,459535,799224829,505815,617766,828344,814326175,588030,382559,410326
781664014,501385,427914,418066,859822322,819793,687830,1086177,832098605,352492,292901,305914
717363675,643219,433100,433480,775480453,2692309,1913136,2381185,851302125,376490,282382,410865
745036602,1277291,537417,548438,769750241,994359,933941,1071457,875670950,5244731,4471074,14027592
761033676,598130,426833,407936,752077649,888716,841689,1058953,833555415,380203,323120,328592
735314358,616748,490537,472557,787805301,518230,649163,796524,825350888,860493,480496,430504
702780686,369291,593167,504293,771974600,732611,874537,1044590,911797878,973127,1153215,801694
717586349,1981205,2389565,2226781,787054080,727252,694791,851060,886943341,1735283,1518309,911144
727797075,384101,567339,513002,787639122,852181,985723,988836,848740859,1660663,1358159,783458
756818634,554721,785715,410263,822966077,657581,779298,776607,836837529,507464,423778,265614
731875982,1056594,1015399,591158,839670889,1490931,774393,988882,816104989,972364,475335,447303
709185331,678030,833948,470063,845794898,1202252,772796,790310,837320005,2089540,1969808,1814171
747452529,2456511,1573918,938274,756799622,827980,749218,772171,816451449,1071766,571538,587717
768686218,2232145,1993373,1495295,770401986,656839,779297,778545,806495716,459471,297485,295929
761597342,856652,608851,499273,745567481,635176,750045,821891,827429007,1069245,605101,622027
677601312,659613,541581,469212,779327642,791133,727449,779145,855530089,418584,300221,322786
758409275,2298417,836307,767281,795703571,784534,798780,774211,834038185,1338092,477547,457801
729695434,804866,512720,478604,811719590,626650,713429,732906,823326311,1009650,605123,627856
747098910,860533,510160,447376,792896201,846772,911034,1028468,821998547,964811,753955,743825
688586057,625325,489209,494295,862076305,633498,991499,1087426,845916664,12839476,376395,355889
726961494,392116,457148,485381,807154034,944236,916697,1030481,810790084,890897,297298,298681
748633603,864129,778186,636593,760628578,1753916,1700045,1699895,852691155,1526128,1411696,1305535
744050495,484217,549366,442811,741328208,679121,796547,785916,857328692,503705,378343,405075
721790112,911444,803316,438250,757925612,685346,779907,804375,1033288253,706191,433033,471975
746497137,974874,1016293,729238,766570562,1523275,1425867,1448137,1297717072,1244365,721843,724283
765489784,1403186,837610,735904,815892887,1153432,992669,1124148,1265653390,2314715,2569068,2420556
726373659,772510,508042,438972,802062190,1935781,1941418,2333969,1092942289,2359757,2490761,2570217
761131897,1042739,636826,610722,825363785,929476,825727,1010468,961739452,1967457,1891076,2642238
740969348,463358,472420,471898,812614740,506322,673782,868395,805049888,1375920,14922867,1439815
757336082,606819,532596,466207,802686025,580713,612769,925288,814817469,588249,417314,789083
857403886,574034,505358,467183,774276677,602638,585432,880998,882410937,2749377,1495696,2209752
718952893,851703,545750,462091,732876836,691614,782634,1144763,828588458,664043,381873,696512
788948387,625310,497160,441079,762210607,419759,563339,869526,886396389,2004533,895330,1701360
1220936009,946000,473377,463498,804313611,635955,587913,1079050,833783842,2672590,1684781,2622280
999332128,785987,495641,451308,805439567,455498,589900,791299,846620335,719914,418577,713776
732605887,817355,619907,577873,777538363,522357,570943,638549,822539893,1081945,471832,947268
752210154,678654,491773,440192,842081217,504919,556980,635384,818319754,987643,449824,665176
759667132,740818,624684,569986,777120873,498361,602510,604682,833450297,1478734,725232,903419
709462702,613757,499919,435361,799136565,827522,808313,850443,838967481,531507,333714,441896
727524632,770654,655875,569152,729666605,504979,649291,633934,907700764,576489,325089,512665
718310833,563428,582983,433148,789096790,1167013,1091174,1061617,845904707,2990997,1401733,1642030
733252130,722799,777680,717882,821174340,597558,652338,788087,929811115,2576234,1096657,992529
706799991,634975,537708,461307,801800715,641414,657298,688324,1001232863,2064659,669017,589727
735124727,505186,516355,458198,789322416,728813,651373,646255,916984288,2189064,1416739,1368483
736827267,442425,482105,480981,819838781,800092,654402,616062,1045364348,1921396,766367,705272
754926042,1669931,640812,593848,802117562,931452,674775,632123,812809317,1090428,593008,490346
703545058,787591,458355,475585,815828114,1623455,1065520,1022923,847043195,1198737,737753,508375
729341047,551721,474836,518491,750497299,1147606,890953,864652,829811807,1181045,554880,428968
743641303,1056749,597892,591661,787505566,816471,665809,644433,847848161,792049,550264,447455
764340757,678280,444165,487676,747097178,1026529,846482,824978,834003589,1210810,853548,729316
705566664,687834,571715,576206,780128773,1002574,627608,499665,870726258,2001777,813467,673642
722329668,583021,503829,457832,802033122,1138909,614797,429178,835326745,2473687,625328,519716
754580287,516143,482663,457625,826515326,1034043,753193,510295,826469577,585607,327596,286726
770764959,426695,438703,476667,817446817,2681276,1431351,902185,851327846,411925,370399,277631
692456575,494649,466777,467839,798974673,2417070,984152,598046,815062549,1978908,980174,864055
741800724,752466,517666,488034,772256124,1349616,1069141,576665,844458014,572317,462866,295091
778715579,1103595,502346,8266218,765042459,1060077,553164,454891,894566612,2118658,1381899,1257567
804689188,2463375,944007,1085059,792615688,838619,554850,488084,807144061,2281066,2785756,2208643
742104472,845864,495149,562139,746195292,769423,518851,501780,797316986,2598222,3236699,2810107
720475164,1346253,882027,1015203,838624546,936973,693825,681929,798598594,361987,614656,346679
747094748,1133405,1245449,1148265,864154916,759167,499554,483014,910260418,1724774,2181640,1797422
772944867,625841,1121727,958160,822415555,1051444,1049519,654121,814126030,592763,504112,468463
746876641,964611,1162281,1077056,790270451,804574,833196,624619,853740327,266410,311275,303032
738106210,646758,925862,866221,843190422,880260,639131,606434,811187140,544927,503423,464928
761862401,661711,960017,1012450,807104867,478453,466891,485375,832387634,495605,308569,294103
788947705,2296913,2509683,2144841,767455224,2201547,1310040,1133332,831575235,424009,374716,300378
731403039,1665792,1258205,1446434,739926709,855561,728604,675989,837442653,923383,515815,481430
716751339,601605,913635,822322,758267445,693973,686276,621442,848459427,1491169,1198715,1097681
747086307,713274,982236,941954,772301051,545685,642823,538182,852240646,288251,425126,508261
751415077,831445,752889,881376,833821464,614310,508023,478932,844599176,1703091,769164,1316613
794222747,2158269,1170803,1753395,810595153,629397,757876,520291,864218433,1162264,1120910,1245553
706555239,619430,582212,561860,862183078,539134,811476,493887,807368099,341065,584974,375236
933679708,1192412,811878,818280,809874159,508885,853881,529276,779735102,570283,496464,372260
1069959821,1375006,727699,653223,842511668,1139505,1240427,814914,801327580,299408,341747,344479
1051590681,991010,584540,463566,769146334,2026872,1759831,1193783,785604078,1255227,844677,744465
981525147,3903642,1973174,2074894,761016205,1036860,1218711,694480,796705273,405446,436907,417667
736580955,567959,650760,606806,737160509,732210,773361,520919,816932809,1310529,916150,819526
755973983,816872,816301,675322,805931715,1374359,1585850,1284489,833017535,510094,697593,386636
721961693,698874,574039,550228,795927882,3708916,5682496,4056589,811516529,899252,844651,463454
707533320,1559060,738841,542894,790230173,1604591,710284,601258,862675395,974922,755297,405940
746377614,860058,560387,525610,800975183,1016397,627495,586639,849953192,581610,734689,383114
755885018,838305,486772,485415,858174974,2151249,1470027,1141866,836581043,346257,642481,295477
744262830,1436480,504401,527981,813097596,594516,664968,579560,815505620,427158,621115,474443
718209104,1161852,559721,634481,780632847,879325,626612,561394,826893290,554721,758739,525387
753986049,1121912,583045,673236,734360332,1190112,876092,656471,1026873003,984853,1088102,632414
745981703,629481,636198,500441,721312604,540087,683231,540108,825016059,550662,768534,430858
754058266,11511081,8456115,8153409,770710016,604712,618120,556732,842528368,877327,669122,406067
726184925,762171,640842,583727,820907299,2063354,1840822,1449736,798262917,1428979,1062659,683756
738349114,619345,590496,479858,792224946,896601,660302,520777,820484447,1460079,904894,451716
748425638,434989,523590,435960,778782909,1473920,1158314,764091,790428691,446282,736956,413529
719311298,3121225,1547830,1427959,875716031,767631,1082810,707094,816839589,2518015,1914474,1278835
721375168,582733,630526,542400,786589242,1064413,1078845,885603,770136414,481553,518469,394721
757608664,890459,626201,544534,759255339,962202,899078,670204,855045604,735389,565181,429981
803378689,630432,612928,514647,732568776,519142,803024,532720,823568594,707728,599928,470932
737443197,531082,562008,472219,753577109,813338,849846,626116,986076121,827185,857609,719831
687902788,493601,539731,454563,770945393,982961,772526,716877,866790500,342996,358281,301420
768732627,1232837,688599,685584,835451580,1024630,1318828,1058917,826672453,327367,354135,303194
743455121,519234,567802,581797,802733860,599380,668514,598986,1091370749,439246,429177,354453
764242148,574521,541031,491673,848524980,1537335,1221589,985930,1110329391,943189,555878,493463
685051564,657384,536649,445655,813869745,620350,610096,533678,852617294,740933,471323,384332
741253106,1491449,915118,711566,808208092,497283,588770,503671,840632002,301625,393248,295489
733058478,1044974,618359,453197,747413954,542571,620590,489963,870193151,707198,468908,433376
734632547,1242070,913963,686468,781037980,501878,574175,468745,831888166,760440,375611,318129
688670410,514317,565946,452083,728865581,834877,671491,570310,787234445,645738,754851,670878
752397071,582414,569255,453735,807917336,1779185,1528649,1147865,819248337,1443842,1115698,1018987
730026477,670343,716454,636296,806784936,4067130,3888387,4369574,835654176,2126816,1392133,1262732
746075042,424135,556484,493091,786455184,856385,513075,713312,843408877,693757,853305,762747
709532325,570297,555275,450942,819304463,1709654,1175921,1396236,817544371,790626,498296,410226
700694429,511287,551828,425597,825391173,591527,391932,518620,827206424,2941572,945519,828370
724747781,1505635,1009880,888168,804619796,725754,561136,693438,854756294,902290,521799,372346
779619278,575818,558087,462986,790847409,742684,393567,531036,867724195,486500,366638,293615
720365239,4708362,5247457,4603209,744856600,459938,397467,600296,1240438341,1385636,975570,823400
712027121,911759,544483,432370,730851866,650164,407662,587932,1043452113,968588,875492,565905
746279050,2306265,1066304,895874,802735926,523037,388064,879401,872180203,878391,722154,601680
798747812,854651,509497,383091,802733982,832789,404545,1023284,873581491,367436,383367,299615
716243303,887077,544586,470447,807946920,827433,406578,859593,851058034,351262,378745,329813
715303138,570502,528087,404294,791228368,2504305,922482,1708141,855426513,638697,518627,462871
731997597,1427210,959254,871951,866488856,1673348,852910,1717828,817600228,493301,507668,466975
756006278,649706,517557,455251,803584163,399226,418085,960960,802321854,553106,653987,585171
697751633,781508,673974,627255,754248834,639003,455613,902820,802256479,736167,340683,302537
719297224,1111546,506602,521015,743336913,1240282,1082281,1473455,782893590,595157,354616,295944
714482160,1431968,455155,432972,752775290,562897,706041,1030874,790521022,653255,431736,405067
780976856,979776,10638615,483806,793077407,1841749,1380660,1703622,784782711,2602722,885865,786218
724148775,936277,521365,435065,800580784,864680,669673,978682,892016506,1206988,529736,462010
716305883,704197,557677,488848,811235711,2835592,1043862,1283665,865587756,643558,409804,372884
727325555,1019121,606287,510147,806871446,2766991,1854102,1970243,857213253,1030842,547010,464823
758711689,2089243,1068448,973452,850660628,1342881,964485,1005605,818345173,564222,348752,308650
701188297,900097,571426,479932,835871115,976682,575088,749326,834757963,492065,337114,299672
693233219,1023041,517881,449271,765362280,1670635,1111605,1185076,841285823,1122097,679950,567905
725610162,925591,892548,482763,752484181,1444352,797647,808041,968823822,2556815,1388819,1174564
761755657,1053790,764957,430252,745410482,851026,614736,451143,882316977,2001584,1110174,956506
743540301,707838,784077,453629,863015202,658889,429681,400480,816913159,760401,594850,274352
701197210,1137416,951571,442443,803689157,794312,408696,409939,911688528,1896771,2122777,1584979
719682121,1137404,1016317,453510,842131806,1307817,549888,558580,867679239,878681,1036464,871477
761174441,862836,1109394,564958,820105778,956200,430301,407560,798699856,3175013,2497653,2029852
763763853,1569375,1161709,556981,833384820,1104104,444057,417647,795121099,444310,724185,474877
703155382,1037482,1034443,385328,853548465,734241,628083,440048,835942765,1632427,2044253,1637948
734510714,1346697,1023483,457430,753489935,8919350,6861777,6524129,799402649,693988,838987,764988
723667634,670485,907565,395494,786885219,1052513,647103,556434,824673168,411390,638984,487609
743874008,1060374,1067781,405746,767413798,1243437,766833,561831,848865931,470029,996096,707240
722251912,726317,848389,387990,797670483,1314446,803620,653324,919837779,1710785,1489100,1527324
704701479,1134367,890848,585761,819560612,2926113,1214608,1297283,918843150,544626,839021,906652
771305081,516839,783321,397003,873793250,696064,476847,454840,879507566,461819,915279,970587
746627517,1773280,1073244,759922,813307436,705380,384649,412378,881581143,1579103,2794514,2969149
723682829,590531,488459,382481,825476091,695161,393497,432617,919857417,289584,360073,372351
691480708,494945,456839,382676,769210352,10534022,6951141,7521570,943181097,950997,1337637,1136827
734857116,863197,497517,404884,861421550,812102,404114,454562,1039686750,364493,384691,351020
756447260,616097,499298,406881,804538228,2985610,1013274,1057608,887641537,560477,289048,268936
718244399,1433054,1468081,1194746,818375512,1010163,498623,541570,825829057,266484,301117,285158
700656635,1143178,892845,793637,784400125,930321,504941,557081,992014918,913765,1202886,1095905
743049277,539822,598803,535147,877910584,14063275,6425366,6794969,1121938160,324062,292721,273554
752230077,1115189,941129,936203,819912875,544119,452921,474353,1071671548,264301,296940,283266
741887513,635024,552814,478187,789770056,720609,371390,414341,1117899901,806424,548334,505239
691067537,606447,504537,492314,765079726,560418,367911,403750,1048922938,319559,288369,358244
741607338,459728,457228,488247,811189665,2476043,1270230,1309576,915643095,677413,470453,460478
750206670,343563,422445,713863,856164404,1061767,518366,536496,955870090,1609468,2177540,1775630
799459136,454438,538672,714497,829303480,492297,404740,415377,876171898,425499,426716,355066
670720395,914116,942689,1061603,907608921,786505,394838,401893,871283492,260192,289899,281930
713114481,710348,510646,614727,829714783,3367242,14250429,4434026,1075675801,1466256,720016,664803
733535698,552454,769285,819806,842538299,940339,580854,683230,877209767,732919,577630,528932
746450090,574915,485497,474637,761775097,525070,384611,591111,951226360,413287,388867,361321
685252036,685848,626999,567792,766868282,1504157,773822,834151,860684964,543408,458453,421665
704007159,801715,606551,659485,756112694,1279703,807177,825827,880271213,1008164,983004,907097
769272003,616931,476971,422249,804341334,548104,396618,436040,886056853,832934,735931,711512
765832630,702398,472744,383272,786489707,977527,507702,775606,827833270,572250,379153,352454
704318906,1112544,459896,383346,802672495,850051,500508,643967,880381729,443100,430956,405822
694236096,900184,478894,425757,797354334,2201486,1204898,2056115,839228877,453378,475887,451568
747008166,470368,468967,383079,855876876,674874,448967,696170,831601218,311572,287544,269461
798326439,451888,493446,412554,801802127,769316,611944,682455,812376126,387017,297213,283701
709400754,1097825,653333,806470,769468311,1280407,1377657,1399465,857878941,3188225,2905430,2276390
684357039,741100,507888,630017,764896451,1910482,1213384,1336916,832026951,557844,434058,413660
745216611,531969,500029,706871,780726852,5096766,3064828,3114325,862908004,1096247,437228,408318
783938887,10045201,10642975,15738871,832513741,991060,858338,801097,924912077,784491,487445,426644
807160626,466573,564672,855302,789218295,1212104,1559032,1439645,892171366,512330,329299,314564
710985981,483030,510168,817029,813962024,592686,828944,800234,1105209322,1242530,867153,795742
737757647,723874,684127,1065974,819102541,878694,1315403,994524,1109333250,1105981,869223,804515
762877330,560852,511974,752418,839447465,519892,917828,1039816,1094466154,706995,447676,420873
715364494,556870,495552,820988,798456306,733105,1337933,1179100,897438209,531928,318085,316781
696573953,1364473,599671,962158,749714199,503432,960429,930611,865236131,2082017,754290,673122
339496,499879,562387,865305,811401150,450988,806605,923680,874528604,1037474,614162,579674
748235643,573812,658857,755701,813563296,718098,765206,1206425,847947267,9305013,644021,604330
750334547,397020,830516,759669,840549113,1229673,789046,1293074,838943185,1487657,826412,753176
727789641,6598990,821459,762711,877468949,880478,707308,1244930,825789163,580939,452528,432774
682741762,538489,945652,766175,814491818,455132,596179,821091,819027987,405412,398875,397253
726430634,867955,962356,789881,897552699,530758,495023,982997,822962624,484034,425884,379665
743117394,705711,977374,794065,821200693,813616,449806,920053,851608527,659975,596922,527034
736339955,977107,1331695,1108575,787188631,1978815,2781915,2487672,819755705,814372,438459,383789
683760232,1001112,1333006,1106716,774397401,1013660,1407975,844450,842498685,736562,406707,377346
711612807,843462,1074839,901505,782972437,1996818,2041114,1997919,922392950,382018,392213,348940
724893225,775365,926226,713669,874676704,500153,465316,504735,880112986,513819,538240,510357
745091944,605470,958816,792801,813108131,1032697,864242,957159,887893503,1362118,509046,460967
698487781,596263,652876,652854,846273628,986731,568539,647928,890230290,742485,603977,544171
683716583,892014,659316,800113,898054440,499871,476920,516657,876719262,1574746,810813,723479
734849119,1178608,1181652,1026031,861432289,922482,738210,1076250,907920886,423830,501660,468748
782021375,546454,957128,644522,781523902,1475773,708815,840045,911163362,1440634,2119240,1916147
715479384,484479,1061184,561146,798595690,876645,472715,471652,909821238,860116,879414,831985
697795822,521462,906323,589819,762868684,737037,570244,584817,1234545430,2193397,1065590,1251508
717524051,16768302,13298089,12626034,802892213,709768,544019,549009,1247114844,544541,556141,641194
737268544,821694,571373,550947,863727985,1063926,616509,600237,846623683,276011,343009,397659
766502056,1454574,600612,542183,836463822,666039,436636,477584,1110180580,391557,428243,443257
840742938,1550175,753501,694305,824318596,825079,557091,657621,881402710,1107487,891128,920388
701901008,564329,485184,426293,866560248,583955,550423,684259,827325355,721908,424444,672090
722902082,1572258,439963,532473,803638568,505709,572662,731047,803676080,391566,419353,671431
775946202,553607,441032,430029,777209429,625328,572245,636472,834137737,604902,611295,831481
724300634,473026,448217,422352,808477889,6266061,6688758,6913952,849794133,439510,423106,623870
688240706,340733,464725,392765,752943664,892998,850239,812066,893326773,1879199,1386561,1514824
732457728,450715,451206,405952,770837274,785243,563913,609536,890269236,749686,482876,742842
750245482,341027,468350,395564,809373015,739956,585644,620171,858311963,252237,335638,595815
755731851,558498,528097,400643,869032661,435796,424874,439581,897966525,605878,413021,591054
691649183,1000216,872993,694636,812400646,1076200,663583,716983,880600678,1533236,708428,943093
709917734,464316,616496,419106,907473222,1120930,854778,13085779,914958205,628960,452474,547628
747677903,846303,784470,649334,853119024,483916,612843,1174053,1051072623,919604,535480,740336
774822046,413263,567363,422578,823434323,752199,597405,1284302,889857962,518855,349988,451901
722890827,883921,817902,670354,773706905,1428149,841648,1800648,925740402,529216,308418,486328
693954771,525840,573926,449652,783393036,441905,358731,932882,863431516,958068,350263,453449
756017515,1020748,1085541,1002780,815073429,856988,617722,1346434,853152990,767221,392075,570872
767213117,458312,520790,435817,847182243,404439,367717,925753,1049593117,1099540,712295,937792
720524286,834601,676294,516227,876551438,558777,358017,944652,942473963,3217315,2794546,3477170
697765011,5678692,6624174,6088827,853978665,805114,497414,1211730,841263090,640430,508483,431057
754521899,625884,611216,404630,869562462,690057,622437,1387765,831434156,801546,441312,355726
741922475,458096,483472,404056,864076441,912210,697469,1330898,872859930,1425731,403307,405431
716186476,719819,589908,534989,829828923,476949,384671,572687,859548589,635199,431221,365466
700452705,684371,621575,521296,816008857,436724,359434,460918,1043155699,2987348,1450671,20062687
740119506,350959,441723,387017,804044352,1394242,721851,1095011,863909439,660458,546322,469938
792204048,378719,447242,397604,768517185,469535,408090,576776,1077441683,1070901,1077556,676764
733117581,713084,461581,404660,788805717,336620,411472,519003,899997805,956926,786838,466605
709849268,501903,495514,418670,832125536,364904,446338,529802,895350696,1441471,2509739,1547000
724854014,621574,507105,401847,830409817,1289560,935021,1089496,881032324,1023426,739024,681535
750515043,1081483,1119966,1012422,830974295,339107,425654,490634,905608213,425193,805293,493124
702331793,638152,661955,513398,894082423,554170,403896,513515,864243245,849329,1458983,841774
718279812,1031132,666698,511583,895421884,1708991,1246850,1588479,915777855,856508,907319,508748
748953660,435754,794710,401464,796141874,403154,368099,590480,918293608,315278,512073,318804
747236119,477431,887309,415911,817421839,717599,470765,616758,924589739,3259691,6053521,3809051
741883040,685181,780748,400970,795762051,400973,370671,558612,854768748,370985,537550,453023
713193621,337633,582291,382362,824145291,516617,357381,477986,823148022,805346,598407,734450
712858917,2729185,1668457,1450572,900080474,728102,617992,817523,829155264,1000571,861102,861405
723291654,387563,549635,412758,878136957,1111928,604022,828389,830649052,536560,616829,564723
771720915,889094,662739,536219,873658420,902831,361304,512973,829826615,483780,16043243,661885
687472352,726570,612625,513954,854132363,865317,580660,686578,848606140,919847,1359392,1148553
695404774,672859,664357,535885,840266434,1302219,829550,996406,908275304,407624,515201,504324
737788987,518426,460271,414933,795090359,1693775,613588,712320,888438888,704589,735462,658619
730802174,584221,477482,393681,813891504,1593486,609805,725979,853382402,483050,740308,613023
727196475,434671,570689,419913,759604314,905768,507085,590522,897264738,453803,772847,640738
683321572,540416,643427,535017,795035236,717762,355639,420339,861449409,919024,1777914,1690961
733483648,513152,473445,407979,823988591,1234474,616737,746767,879658333,1222805,1279672,1202483
725926960,546960,448205,402279,871873961,814499,358636,443200,884314045,305904,514344,490125
775319788,434535,446161,394789,811520103,454041,354697,425926,898241831,2996962,1934006,1843992
718440857,372896,531715,406763,898526796,2484516,2465189,2891666,878146803,685420,824280,818098
718690429,350150,470048,369916,810908579,1791698,725642,864672,847155959,502933,701472,704297
745643186,1322898,1069144,984171,766624206,1838673,738180,934133,831662597,316088,541480,482225
766547499,547122,501812,407390,784374919,527271,373503,520674,815433454,268103,445174,441421
699166221,546436,525522,403298,766330333,478519,380019,450808,895317979,1988442,2022100,1929019
720562365,802411,652010,562627,787534925,397106,365049,475588,818663833,356363,479306,519319
719084683,1144014,663669,533139,823046866,344603,351819,455202,849421381,1691016,1290917,1177916
775967629,597447,512483,402712,903523506,1683562,832972,1012775,872725270,1070516,816178,1056472
775213215,458628,505466,405599,832411671,352059,343195,457106,1018384027,1017715,728075,1124584
707306009,727674,652146,550795,877313707,550941,366135,420490,880991461,752883,664914,1149623
745844602,345282,469705,406367,861661063,804661,374022,484722,867189924,290925,303562,474343
755892937,389524,485476,396410,842408390,876935,366399,606882,861239207,681757,512519,764716
731647436,620052,455900,395687,763286403,662407,386471,827120,863028505,296432,285225,494625
714994459,500092,466778,416798,778791085,679762,491891,1002021,897142240,357853,410645,666828
753286442,511885,570209,403684,804954714,500384,358982,1005027,908467875,243027,278724,451524
740300287,634656,860578,424027,858522400,708206,402361,1054432,922150859,241849,269612,439508
726482726,562494,908240,417393,878025864,1320213,604358,1378055,875491582,611755,557071,756000
704773097,1128481,1566858,709340,826491273,960833,584874,1273522,878553448,620206,589551,537740
749494562,722375,1072622,551914,875475629,589337,355281,852615,843480279,312325,318921,274240
780057177,1406815,1583676,816761,850715089,1413686,613599,1593931,821567280,259048,343478,320557
743890949,785043,714143,405191,831548725,629366,600170,937048,831597753,947550,1184301,960226
709552766,1172656,1040270,786593,766400383,849437,613203,670906,860296269,1371429,1016876,888619
773662864,463056,605920,427051,809030288,417174,503888,803495,823583770,651548,534368,451427
801168004,486648,563450,409804,771844556,721668,454051,612029,835215373,450018,298250,251759
757159451,539150,537564,402912,806957435,545378,542207,477149,828075709,369995,410950,373738
731005533,697629,493846,392056,823366402,554872,525555,559022,841693794,357712,413369,311070
703888574,1063607,814332,573325,839392910,400607,400005,420474,897580438,252075,441133,297821
757449044,455518,519904,398402,819327644,464968,402975,415123,892116258,294256,370241,277960
761300755,408959,552345,402385,868231191,1544590,1677638,1617352,862725535,469908,373851,385966
714618143,429536,469990,407665,828805058,425102,598838,558390,896333380,659076,567908,517187
695455791,351576,443058,393796,765196849,676657,619785,693373,950910083,541621,654445,542790
752460476,977915,599589,546806,330754,551996,907470,809896,849450981,299499,333362,277181
749632516,1502838,469871,419853,759289890,336795,666041,442799,923017026,1059548,708665,642706
744730598,442847,473694,398673,756231087,518460,637660,562048,869694448,401061,257852,283200
701700225,3042172,3183557,2957197,770279629,557249,431771,443234,871025513,279998,289017,302205
717108022,768492,735810,538771,793141519,2994788,3768427,3292802,854446923,1821348,858906,828323
738212033,491049,601982,408258,817361124,1107008,806048,869350,845056958,444525,344650,446847
733379812,328146,510441,435637,796602452,1217960,634171,788568,862141674,1449255,799203,781568
698964185,800606,632587,526320,877859831,873523,374397,451608,800473612,380068,330485,362266
704615936,576366,673135,552634,850864748,613405,369184,425533,829909259,628421,339551,383838
756012687,1115891,1345884,1311126,822107381,660321,358099,459429,821881690,1074026,414564,447631
743894120,691107,507343,460051,773992935,1107871,486041,674495,1010886655,626686,522656,713760
727567929,556024,452179,430037,773608807,615679,364706,474266,964564281,1043895,536035,677021
711416773,929610,434159,387609,795222663,7313190,4968386,5469409,880648109,567765,502419,522607
737684669,836482,471621,400119,872012506,492544,413680,613093,920611949,636049,380198,581218
763549025,820925,461303,392994,833108414,429050,362142,468718,870371794,398209,465025,377687
735194765,671359,465456,385201,812399579,1295695,610174,722440,867588092,429391,389774,317795
684813694,1291451,674824,492716,900929482,701666,358701,429386,872582061,392574,397099,319542
733822985,1245328,503297,426552,810222899,8073270,7862320,8690748,881528702,552363,442757,378945
756212750,1618501,621876,521502,805378663,2326901,1355421,2341137,1009943823,5914287,7397525,6145845
757984429,1214820,488044,399200,769057216,614448,465346,925974,893462399,1266675,876088,774689
690230231,1302716,471024,428288,808992121,1813177,1195080,1678457,891253375,895438,363403,344906
726216311,1066993,544112,549121,798493355,1435128,807905,944270,851914553,368483,267193,248448
731657528,747948,432153,409838,959535679,4308984,4314936,4501828,849672806,414363,285711,256838
765027038,1002367,402503,421458,806991102,576219,456191,494844,798629884,815784,337762,304353
697101554,817371,409586,384265,861687989,529148,415563,475487,870470512,1293486,700513,627291
692194495,605271,402420,374112,896917876,875603,737713,684835,1236084505,43951763791,26927190383,25987657085
747678938,568571,522114,480050,863827045,842061,612676,800720,803135559,1164487,685395,597618
766294968,475498,415849,374138,810452170,1306721,957983,1039106,834112829,302593,301003,291265
753620291,643410,583344,533457,788451709,613082,550115,577008,839870619,717898,380744,321444
699494294,350666,425541,425456,830020725,759715,400134,412049,867770203,203711,232586,218696
774635263,752820,576685,516065,791058959,1053421,535232,574969,885569553,250656,297740,271061
743574257,583730,417977,374536,899436993,1078105,533246,565376,862494481,402950,285693,282772
729470121,918700,420844,385203,830580722,733566,411838,439262,1042336093,607809,583731,555668
702614028,372890,450223,387491,855443857,1029590,550269,557091,862045206,668114,363719,334554
736574620,437759,436418,383789,865502837,884298,411676,426613,891336122,1119733,1448835,1218956
748164676,366150,411453,372388,867802160,1468527,528049,558267,891529421,273242,329509,275798
755662613,501908,424112,374254,822403272,548167,470155,440377,860469900,367178,242376,216477
687866193,657621,644862,511280,786747344,443755,370507,437816,862188093,282649,227833,236947
741309315,1237666,633673,519012,817115795,547180,475899,650818,848410359,783000,533010,493061
758513929,462308,451705,383233,767709477,481229,359394,505176,850053342,440330,239325,230855
780479448,357505,438773,423526,844228556,774137,593571,808963,844659188,290071,219830,221079
709040647,642084,565313,556645,817934401,674683,422176,518859,835235132,217672,249419,229962
749084944,10379349,12755009,15223657,808716920,610934,408779,496209,833720579,1028545,417280,377290
782437669,481947,579776,520958,842500255,400871,400098,460632,828775213,820296,915090,820166
758095922,497834,491015,455696,872103069,476228,426135,432092,836006970,802174,421522,437530
730538132,587783,469402,1657827,812296322,654876,428681,455944,836979459,655230,942051,905214
755024330,864911,905652,2496795,811061360,434152,392145,478511,837353109,243924,316184,309731
797781064,392544,778201,528860,800617802,419993,354269,446649,859941697,938133,573236,526168
757949910,600916,660595,572899,809442121,613853,539359,691545,873928968,1242336,721787,475406
755772056,963709,824796,677957,861147810,839843,580528,638155,850948509,397931,229789,221077
747161697,511098,704998,403517,835951764,563827,412436,443159,876130287,269928,239326,233563
726834928,670016,517025,697586,889800859,412852,378170,426656,867512110,795578,340456,319265
885246552,519490,533971,441341,858881410,682794,522535,615903,876652081,396788,229233,221066
769320103,340178,616763,409472,832992850,507474,367686,543441,897287964,309468,228000,219913
726502043,744716,1067104,821297,793584824,457138,366407,500250,860322458,231171,280207,271806
742403476,461701,574825,447680,785586522,8378469,483032,624822,855694283,204780,230544,221366
777742009,576081,681977,405532,758619967,926933,601350,1256853,870678707,188676,226714,218613
733978272,484749,531864,391119,788774486,1199774,603219,964771,824874622,616119,370982,338023
738176550,591051,577232,390024,784033903,651257,485499,1071219,829870924,826300,402800,373078
1022146405,1048513,919553,852262,835587066,1018007,495475,1051327,1229520262,261412,239147,218550
1231084591,705722,589590,611664,844477937,1227469,579686,806013,910799115,551262,289533,270283
1217010639,550978,444736,488732,852515600,436833,356135,501350,804034513,256132,311972,277138
766534162,1501336,765049,754358,862722448,613618,574034,788698,811147377,480303,704425,653156
772659754,591663,453302,462646,833647534,428995,358363,596348,797498260,608107,297580,278584
807287913,966826,442911,466297,856633370,468810,346349,764249,819427003,436168,308914,297329
957520106,795138,444426,433171,765816814,1135581,599992,1108837,835452765,316315,248047,232693
1008123971,591640,423806,441944,825482602,616608,350229,744129,894391996,474587,296242,276136
856007168,952747,460086,468507,789527921,545555,483793,997097,872351173,249966,236590,228632
723554188,805562,559793,496584,865297459,429115,349646,827017,1105017653,2412713,836729,773642
753578693,808781,827520,475879,822921703,418385,456793,1045005,884958395,508295,334484,327797
704800423,925964,768298,473762,864649898,2211129,2166546,3970322,867646115,320646,237618,236056
754586236,711565,661462,434234,836797616,663600,496511,1263131,905160975,432208,293646,268545
748293858,934628,740737,484274,843684665,626209,469757,1010584,911771486,1163696,492868,438439
747906030,1144084,726658,511947,818698689,383117,355266,919067,921216787,711783,478480,439236
702762175,1022595,641054,447861,799033336,2413199,1103801,1380871,888844258,199766,239549,220552
716466091,1259314,669624,474368,833208421,512520,462527,565943,940143137,3892546,5012538,4138435
765606540,1382443,737975,614742,790347840,401527,368740,427441,839247314,1354597,554295,479266
773672308,802821,437675,441726,842496873,335244,343644,564822,831834610,270119,252016,221139
694428723,1051089,566792,586125,816111922,512802,360518,438693,848044727,976032,401649,344455
737737682,1528772,761033,671958,852056529,462827,359351,412067,837095205,799740,347807,303068
778055015,1193734,1586765,1027948,825162810,431593,406951,433607,835790623,801026,988928,827016
749251561,533144,698979,503381,897403217,517020,416999,411656,835002775,207583,231231,210190
696389741,566608,476879,456110,820867681,1443088,682337,681013,810041415,346762,241921,220880
733960076,448963,454456,460769,778071397,1053130,491890,546511,867916664,686057,473129,438503
728933837,661022,660057,619575,757269747,407905,342591,395117,870341591,224447,225065,209747
727641095,469179,505230,430862,787347688,400269,354159,397733,870343592,300180,237202,217802
707566400,330738,694185,427476,835156556,572351,364900,406962,898654303,562916,464830,391460
729714093,579997,994871,566374,847591045,393870,398130,627228,889189517,174749,229188,211418
768148318,13838169,21473592,16269803,819296733,603761,401339,666067,890485346,205095,237393,218294
760665442,967994,888043,836643,866816125,758080,408305,655833,885832450,443370,348973,302192
688221153,627336,872834,834021,866331811,713188,518273,803678,893540404,624118,367579,321244
714862154,875668,1034563,1099636,802754480,873003,646585,1101121,893032367,1109749,635608,555394
757616623,439153,770189,738372,781945439,1796892,583693,858268,1078180687,1448613,2032687,1630130
747512836,498947,761404,664280,794119156,1566934,712183,1166754,923765032,329731,401099,363988
750604123,435284,844767,657330,766434971,794694,370399,629772,849470830,1254141,1697107,1387980
714822166,668677,789659,649915,788024917,1095334,366635,484600,835133394,203687,241169,222030
758378269,699437,879446,742284,880355470,815598,359150,455704,818377252,349683,251679,208195
774174175,743811,901507,669862,843813782,705236,369480,595609,817856917,268362,236276,216220
713689515,953286,930878,676359,890835757,1048892,600919,696113,815146407,754072,387148,342868
693731834,7881696,884081,670232,890150949,1237433,839420,847947,853402712,230857,238516,221496
711470276,1810175,1543537,1395895,843178936,798712,456545,400173,808369671,230917,277725,251136
750149309,601656,10576071,761555,819675536,3527792,3081162,2798829,849568903,270295,343059,320634
778578961,608369,694174,1068580,790657983,456795,470431,683240,975202974,1229894,762162,791544
716121474,589987,525442,976423,784748556,658450,413656,651759,860635802,241385,246969,233258
722253871,679504,463073,829272,790671840,509151,447715,583757,1020312369,2036322,2477095,2030677
756838085,416553,506382,851359,823172570,530429,636032,613867,873514742,421812,307431,279893
766807358,791036,560040,752297,817174424,521405,484892,609228,904963206,6702959,664545,457079
732017294,685351,542624,899313,841873552,336186,381298,595668,908685316,390752,286565,259548
692914212,966550,774453,1247578,852462935,2396091,2736685,3669697,865584874,503533,226221,210544
723875824,664002,550870,949458,845024875,865930,876981,1107253,875114636,420874,238236,219522
756872647,584392,566281,914754,762481546,876812,568777,911912,869084005,322679,240321,226040
742014456,477054,791217,903603,800503040,1123965,733363,1246247,905940400,3171951,4351364,14332740
685613192,669168,787406,687391,785766638,584703,471402,836349,978096418,897062,873194,937625
703760818,614943,788683,983226,811625453,654507,572037,914406,839766304,323802,7689423,281763
769017585,1549820,1117780,1354746,829316045,426458,374382,636827,881703813,1001698,818958,663095
769789483,485607,774878,812877,839412647,884272,782949,1195972,819144918,1296682,615255,556086
713741004,774513,751888,821713,871688017,422860,372397,554845,873806590,604888,408191,362929
734065278,870344,959026,770300,850893780,753872,535109,960519,879714587,272259,327984,326024
732940966,580856,1035045,854983,898130005,338050,339894,578499,880556321,223489,233270,212993
771120935,600762,887910,847162,774808726,525320,470486,721804,885387986,273346,243691,225340
691557024,767393,1200766,959450,772771498,488097,381146,563393,877421335,552225,530986,425895
715338848,512398,871250,888934,752395467,666801,588785,1066089,861702162,213682,232913,209253
741589088,547363,900341,859323,776582082,800747,476988,907808,873623721,630863,528358,446351
756351003,624581,775296,770022,825867931,747408,478845,792978,866309165,212327,241212,225376
736655061,383282,844192,802468,875720753,486015,583050,799235,860256217,564693,280165,251483
698816822,420755,898107,957360,887531893,358976,357540,581968,920577673,558574,298354,266214
729248896,501606,753829,1047719,872692070,469908,368139,586440,910894796,227440,245812,228272
736486604,851463,698054,866365,903756860,477396,357841,564016,879936172,220758,233637,208134
755632819,469342,672711,765496,823447459,474121,406360,565597,864049843,317375,387335,361287
707631077,672645,647252,974194,796825419,723496,624308,964088,826061687,1914274,705294,614825
726433127,509451,602207,1102283,760729694,784752,11974569,926988,844523905,369799,285783,268376
734245895,558209,621418,1194506,790139745,493003,374893,551008,829548029,254445,230325,223643
757674843,591505,695656,1201302,798927270,415627,373229,581759,812868747,970830,552678,479942
696317904,663035,635175,904862,863248214,829724,956594,1385813,815635001,575413,229948,221011
723637628,493162,690458,762494,811091825,431985,368814,618171,822012755,545126,406905,363954
738857558,449898,718611,694506,854410768,2864944,3093129,4962734,814728434,388243,320890,330853
774471056,324701,833980,943123,839807263,441847,363941,689576,966836823,1085083,1484717,1284589
735909447,836321,905692,1132912,816736888,1255914,716062,1101223,878717314,296538,283708,264943
678985391,4020213,4875060,7594580,759936072,695117,371531,591481,860231333,229782,217541,208276
736382943,542338,492413,1210380,795530694,2423332,1003065,1560915,923600676,638144,472929,432049
755423481,966647,586675,1229527,777998550,956720,369608,591969,905467062,346851,232789,222505
734514736,821635,502740,960744,798902308,833715,368717,558757,894341114,638965,481553,427791
700201346,750661,385927,721031,835262919,2433478,727301,1089392,974882016,920342,716029,676112
735339968,515450,362924,671357,821601225,825539,517775,741449,879869985,480599,311447,298625
752562038,525977,377627,657654,835649954,522969,363308,557082,883781260,928617,329608,304643
752514843,409865,463836,782943,867776207,1031721,810031,1209920,895629976,492962,356585,331581
705312738,976817,600655,1087250,878108530,407658,366545,702249,852161188,656151,302050,266417
759765640,468892,357961,649863,750944229,436931,359508,597892,843616861,403558,331324,302805
735237730,496947,368747,775853,805318530,329808,347638,511582,820142352,297208,262667,257856
780445471,636189,549812,1121615,751858519,424665,367148,476886,965161789,325733,355274,317769
718879287,428409,378358,803788,794545650,480783,373007,472108,829317228,803997,383494,356003
753404052,474904,367477,725502,809653198,404339,351760,471887,809706489,331307,282219,264465
750330308,598277,365497,640818,859971638,391562,349101,497531,803766839,181759,214338,218200
734052168,799595,528848,1088373,891869898,1255536,1304554,1542498,857683933,670158,289197,270579
701922335,608505,382660,853316,855687679,1172843,576331,943152,846441985,326692,287488,261703
738628284,541296,375346,810163,897637528,726085,492901,895647,947873002,1696386,537695,484504
751144335,686301,360231,500410,791797078,647554,418864,870516,887549359,364702,443642,287025
719996699,623258,466947,600673,774625820,530029,370670,821219,871236614,389365,359329,278537
678695211,404729,376993,479514,752791288,768965,536941,1184586,874788523,576220,470111,338338
725460703,580767,488815,628204,778750516,975814,670632,1210390,904364630,251346,293892,217536
725650677,1122443,625244,754206,776252442,641051,486870,1089674,917565452,825075,546784,407660
800137079,870009,379401,480354,843055840,564587,357147,595243,954144129,2302267,1145794,962520
703073946,361894,364014,453163,805515695,526732,357591,482645,859366815,281969,257991,233068
699057803,1181773,622142,719558,840106336,497192,366721,440553,881965566,253894,287055,311934
726637207,517851,360416,436865,835141859,535838,359162,421085,807349341,624458,245694,331224
755801676,805633,495654,563597,851906083,545202,371538,436040,985959053,650440,364392,394935
730057365,590646,495215,580201,792319943,630041,365758,442402,850541624,616397,703501,691520
704932387,585086,498166,574200,789835076,417414,368133,417299,835430970,314541,392181,434972
768486177,684868,356789,390969,773799422,600686,482195,559926,821679512,314999,240453,235995
763492175,414906,379193,425361,781216206,965139,476813,570642,845795712,753578,447705,424353
729511566,695720,394223,489163,827640964,463825,356795,442491,909710975,3504913,1638097,1520274
702225626,3250036,3207538,3639074,807259360,4465607,3202192,3506158,857473271,476294,334275,348678
755111263,620691,388307,512583,837286960,578566,394105,561611,863559393,446308,350496,325973
782831799,317944,352872,399243,834046729,696478,421149,519993,883616470,1210686,654984,614399
776886165,403467,521110,651690,857068127,854749,624451,1022773,876297597,301964,331009,288108
683840063,367524,560921,663241,786902965,620658,421374,686445,864939262,1136063,687962,596639
755401626,456961,576789,620471,776163112,759075,474489,600204,898587010,243863,240833,238682
763230526,877918,773659,943572,762362284,554456,354284,643913,907663339,861779,338778,326440
