neo4j_cypher_p_100,neo4j_gremlin_p_100,titan_bdb_untyped_p_100,titan_bdb_typed_p_100,neo4j_cypher_p_1K,neo4j_gremlin_p_1K,titan_bdb_untyped_p_1K,titan_bdb_typed_p_1K,neo4j_cypher_p_10K,neo4j_gremlin_p_10K
22580400,23131702,75226075,67054951,84987667,86356782,465743492,489732516,1122682367,1360024001
20957324,18023366,65983194,67942819,79582413,84976532,471543259,474389725,1091295931,1362697620
24098452,13737490,74553931,74250995,83981839,80010990,467789486,474264337,1106841133,1382764732
19906262,13001653,65282717,66052740,84600220,86927333,470248893,475791296,1095390927,1369792118
23748439,12926288,65708071,75253286,90256457,76142037,475073247,479408529,1121177799,1368883715
19827011,25869797,78653425,72942531,80423684,95640794,473790546,464380195,1107408590,1401590654
28996515,13509091,71346867,66753484,73585618,77630212,471223964,480540051,1126430880,1376461167
27295871,13010472,71986173,73491141,86945277,80178591,465571640,457117265,1140794973,1384683507
16536454,13063084,67768997,66541038,74699720,78105708,472552243,465673930,1124827512,1391473692
18341449,12818345,67160275,71215255,103147440,79726459,496728915,462083620,1114483161,1421434062
23270146,17561270,74358096,66558827,64969174,83423780,461155969,473738152,1124295414,1404453089
17543309,13154217,68503489,67241861,65548421,75118935,463562193,466611802,1117799587,1399306445
15927212,14084844,72534787,69838953,65233203,75004141,489033677,464231052,1101870826,1423177323
19206216,13147499,67597034,67107953,61993853,75056466,468096019,479736065,1119317725,1395948941
15741303,12890837,67229560,70680163,62937238,85276541,465706976,453876056,1123620237,1391636175
17418421,12913433,71647992,66838351,68536413,86404114,471133038,470946381,1119970127,1356436770
21412709,13366670,66666520,67201874,63176653,75560973,471727879,492007940,1091296316,1387049586
15833813,13729064,71729897,71331922,61175304,76514359,462014330,461342046,1118043509,1374105887
18065222,13416237,67181921,67201806,61300183,85718787,473623684,457092966,1128596745,1371660663
17188404,19351035,74027350,85191323,60288937,76217244,467107059,463979295,1110319134,1384512018
19159158,14066248,75877202,69949762,59526760,76535360,467212811,463221243,1110482394,1380579567
20192095,13298312,67365687,67127610,67842714,76721024,461343520,458015612,1113059292,1390536223
24124245,12878020,84307832,80855919,59636340,76110224,470046336,461255917,1129085999,1374559433
17295000,12904340,67832008,68576857,60424324,80693077,468686591,461657856,1112220311,1389030288
15643834,13816236,67657778,72156397,61575236,77226684,456041376,458127832,1104475975,1384164035
15653984,13022832,75198701,72060054,59938621,76108643,476025808,455342477,1124269186,1358306630
14356143,12820713,66974557,67148143,60862477,76178772,470368867,457925907,1116649309,1360657775
15163012,12992187,75337091,75612331,58956087,82673808,467824975,477258033,1110664315,1363394997
17736395,12575566,71253639,68276398,59505336,75868754,463196811,461369313,1115526768,1386867525
16506824,12769495,70896117,74167059,60959833,76438738,492299070,452957046,1107262567,1397110654
24636999,12776151,71825206,72173134,61981564,76304545,474111809,457560744,1099643687,1396400223
19497305,13266935,71499033,68927213,59004093,76435113,467816525,464309843,1118650296,1395461214
13704033,13661586,71171665,70575439,59448629,81984859,475892998,454503148,1119436569,1385916873
14069812,13328002,66960317,72317484,59667587,79247403,475972206,455684333,1090255983,1375576674
15720137,13440679,67063762,73353716,60103713,82336739,458875420,459597041,1105727200,1378009631
17141838,13157948,71106965,67780558,57892665,76180093,467038051,471315535,1109885763,1361962305
19005650,14547369,67419286,71593761,59961659,83590374,468480043,463908676,1107218000,1362677026
16472982,13090310,70519177,71173885,58852578,78213648,467651382,465031048,1091036543,1360819417
13002368,21858923,67149521,68429623,60687902,76676133,481636462,461266207,1117503335,1359197750
12791677,20121066,66619285,76235170,62581159,101978694,478879021,472153677,1104368562,1361879917
13921029,12239698,71566304,67060396,59640398,78333554,466074817,457365657,1114332109,1365272716
15546713,12437459,67488920,70058088,59418825,76394860,460584439,464674388,1129316835,1373527239
12830070,12152679,74095582,71387040,60238092,76357808,471921411,458695880,1120058867,1373964041
12920929,13423361,67514323,66889365,66492291,77664814,469471220,494220109,1116364830,1384943053
12808723,12482308,67588748,71974256,62099657,79643160,469374034,467265699,1099934428,1397530360
12719843,12322566,70819845,66813723,60043903,81173313,463188044,467437740,1134145722,1366129138
12807728,12164861,66507065,66458988,62937232,78530578,462781024,466395550,1119070625,1362744633
20333278,13028647,71920219,71061265,70113864,77524907,462542890,454715583,1134336250,1381284017
13256757,12568967,72931310,66660844,62643950,76292723,457754394,459276152,1119302556,1363915328
13066731,13318770,73324295,77887326,62381515,78632507,463720187,462453235,1107685950,1367331989
13178175,13315445,76724353,67512702,56972145,76841602,463367274,480323031,1117686347,1361060393
13032636,13113931,67454901,66616056,61961957,75939622,465194799,462929898,1095492086,1365870285
13712514,12339944,67358891,70001037,59169569,76312345,460960640,462083596,1120110957,1376753108
19355449,12072227,72130578,67891577,63441344,83484924,462336302,463019376,1106588180,1361908750
16837731,12098496,71906816,69371848,65188131,76042560,462333442,469703312,1111124870,1369506412
13849514,12071292,71608485,71010886,63497166,75946453,459619596,450936951,1114099667,1375423206
13036132,11949658,68266331,71338145,57426548,77947336,480350633,464128501,1102137403,1362075910
13117379,11951893,70729784,73537099,58588251,76951172,468473602,458598138,1107799354,1386867938
16164395,12030107,70789465,66393904,62626274,88506899,482070519,459836788,1117234765,1400863260
15054725,12848676,70641167,73548857,66879003,76386004,459982413,467261007,1124588035,1358719723
12705686,12744762,70689881,66560371,58190600,77122378,478051779,458532962,1107753287,1359769388
14746493,12315248,66305293,67550631,57733509,75713315,466131923,457516438,1102337922,1366920494
11856251,12043967,66571827,72134435,58266522,79927373,459632749,469872617,1130986570,1365423605
11719363,12304949,71210285,68065527,62075722,76935338,463781792,457511589,1317888186,1391887968
11818646,12128726,66757592,70198361,57297422,75227142,469454497,459311002,1129953644,1418217576
16922268,12103333,79125235,70166302,58467460,76164738,466040407,461164865,1081586388,1357603334
11901660,16543902,66663835,71211236,63736657,76773298,464464747,468019712,1123338605,1363740495
11907586,13314166,67491027,69376366,60674108,79954591,465744506,458589248,1104072341,1359424549
13388324,12961295,77196529,72161943,58415719,77134465,475814226,456323996,1107632892,1362662577
12529155,13431583,67825442,67899660,63681670,75600232,461366189,477636628,1121656869,1358164227
12189908,12374039,69395283,70202781,64978689,77015924,463622475,454676501,1108118647,1376058401
16209000,11894572,67289647,67031967,58737948,80213689,468241183,482222405,1105247939,1360446774
17533253,12316951,66362009,70613648,61408622,77240454,458725457,465532127,1114166327,1372141369
11767422,11784557,70280264,70197843,61339211,76588445,470875280,462667042,1119295994,1366888085
10524804,11606212,66310511,65606857,60493141,75860228,466515379,459014955,1119974804,1414912890
10396347,11480585,69297743,72603164,62507850,83679792,465411323,457532155,1100664616,1394848673
10405263,11405377,65544716,70356216,65258891,94448852,457742314,465518979,1086958362,1383581840
12927273,11359149,65778815,78204258,68006054,77435908,462974944,455904379,1142682394,1374714803
10490277,11302334,73527390,65680510,59768879,75882644,467876114,461121124,1104632285,1362495266
11948717,11281289,66325182,66140295,75260933,76593755,458978925,462357376,1102202305,1373727167
12549395,12283144,70576757,69986640,58725495,79616476,465126390,459241252,1097509566,1371290781
17446150,14288668,65546704,66176721,59768081,76556173,468545563,452348578,1120214930,1364016902
18056589,12784359,66096640,69236468,72473887,76137198,466980095,468124065,1107831179,1365450189
18150871,12869830,70587778,66221578,59398610,76177210,466786383,459839034,1110074939,1365327624
16858916,12308186,65802852,66459711,57683863,80282351,469229849,458873291,1114123249,1364454597
15678020,12824276,70366329,75920979,67368253,76329461,465324573,456032564,1097684880,1363331173
15606860,13040494,66066822,66080526,66416062,76216143,462715305,462389661,1103641452,1364079596
16197944,12684340,65710942,68918115,58936894,76187235,471074166,459801549,1109301706,1366224893
11228527,13419986,69598267,65643764,67038733,76219241,465500234,451257118,1124706496,1369835085
8516379,13106933,65994918,66680764,58844515,79797551,472390141,466090322,1125004339,1377909183
10376865,12980942,70663203,77889618,65381640,78192711,461771834,464019344,1105412892,1395859056
8526696,12827541,65838580,65383404,56776881,76069335,478468319,458774547,1118566505,1394406245
8584744,12846904,65690691,70057654,60085437,76289019,468013520,453959556,1113774353,1370875748
8921784,12408326,70511419,65459747,61357680,79527159,457756410,476067376,1111843747,1441565035
8533065,12076777,66297859,65614089,66015883,76199457,482020884,462218680,1104853729,1398983880
8595654,30322790,79344162,69334272,70990814,92796830,472031863,482995006,1114237406,1417138174
11456601,16268692,65611189,66311637,63330617,76470879,469465561,451725863,1106609017,1451729854
8632146,12531536,66175177,68985372,66700008,79642822,476190007,466947163,1093803446,1374507873
8654113,12782938,69529553,65585713,65142812,76526457,465608213,456569200,1101273930,1373061911
9226996,18742237,66218561,66177002,66177033,76895857,471085230,465843550,1161442607,1374516935
8648386,21622433,78678526,69705141,64566924,76629328,461810716,458583562,1119277737,1357724496
8572441,20910215,65543880,65506483,64490346,75457037,462184631,460375253,1112045967,1363755488
14360077,19776485,66433864,67975005,61383434,84365933,469585149,593569783,1098969290,1378628091
9444792,16673435,71678608,65507332,57263032,79964723,461525262,521166846,1117583986,1375007116
9021535,12505649,66609489,65607121,63542455,75561639,478770007,516616079,1118693288,1361320013
8572980,12519271,69587340,68600222,62414174,77667376,464358161,529129943,1112944873,1385645093
8386571,12778725,65348991,64967226,61375720,82202936,462653320,524706245,1109480530,1393777710
8349627,12490720,66082760,68669839,61451851,77220141,516703537,522763043,1098048201,1436707443
12829064,11275366,70758649,64925629,61386232,79606662,587279220,571801671,1102951827,1374496507
9172625,11127591,65442309,65260496,57834324,77073931,464564092,467961948,1098113882,1375539685
8619252,10984058,70675459,68506476,62294392,86628084,462135232,461832126,1122387039,1384676745
8471638,10935774,65370356,69736079,64970570,76973603,465782977,466962341,1121198773,1397105887
8416715,10951434,65790948,71766268,60350750,79751785,466233327,463103398,1116734093,1359174604
8787811,10882617,82393794,66326769,64205445,76898601,490329093,460989281,1107381713,1363270564
17592731,11954160,65093980,68564878,81407624,81467988,458794924,460303194,1099433125,1392500841
10610004,11800020,74752843,71480284,57314218,85501399,465853347,464130174,1151668059,1375022304
8432607,11395327,65078313,69319511,59738732,75864732,479215622,461920904,1113210796,1374228023
8437488,11075814,65009866,76033206,59450111,81232998,463346250,459920443,1104828504,1363928612
8352105,10910126,74092060,67399023,58651385,75365375,469385522,452953349,1103162421,1396707556
8428014,11684885,65526907,65052307,58432159,80526770,469345837,459413676,1098782218,1375865026
14434740,11954323,70584498,73532501,63491442,79723329,479577352,461336455,1111734855,1411699306
8804072,11366249,70302626,65358282,57756629,76878317,454138992,472575834,1130684819,1367799568
9134544,11190431,65896300,69173180,58962975,80039885,464327481,455341322,1129848953,1379108505
10103720,22283637,70498250,65710781,64759210,77275518,466937215,468132733,1116569437,1372019356
8511591,11391401,67280186,65142692,60942580,83543614,458590578,466341798,1112045926,1362715026
8374787,10920668,70845212,70422525,61711705,80974938,467844213,468105693,1118199172,1364573063
8443053,11492436,64669591,66566952,61885359,75496842,467788297,457923884,1095484007,1363531620
11277711,12433067,65490252,65860019,60159782,76691005,464318956,466960866,1102958095,1369677079
9593858,12075803,69167892,70483465,60934009,84395021,459461057,464094742,1099967490,1382547163
8971037,11497129,64687567,65851501,75292631,81485285,465795912,465570779,1137462263,1361340578
8597846,11117973,71084107,68539746,69851373,75493919,463185335,465764860,1109283382,1365180975
8419064,10998044,65164841,65819279,68920299,80894066,459930842,459940844,1110677590,1359848767
8772343,10997584,64670899,66443363,67993860,79452460,462403957,463435048,1110650032,1367153964
11517939,11030641,69234927,69730428,62873650,77297126,467894661,450509319,1136431589,1381333047
8437154,10837228,65136196,69707610,59801479,82426688,465417410,465143110,1098088687,1397418857
8335169,10915498,70907897,68834372,61821644,81650881,457717713,478227418,1114344504,1423017249
8488240,11669643,70507477,70557600,59985753,75713907,463350018,463317057,1121930384,1377198094
8280233,12908161,65885587,64791400,59706457,80767241,464501764,460338629,1106915717,1388574138
8248366,11459373,70289805,69815385,69598071,75844046,459931702,462868439,1093903274,1369142580
22193651,11253984,66538916,64992134,59361289,76081661,472565192,465397109,1109898362,1374127679
8357468,11873504,69432173,72925049,57997310,79232521,468927339,455439868,1106605927,1361532082
8349458,12032096,65327545,69460169,61750197,80678416,461973813,457744659,1125145813,1359907763
8323431,12069571,67981104,69939284,64788308,77128428,470298744,463258247,1113360532,1380115763
8501042,11949031,69961220,71361781,57399407,78468475,464696988,471831555,1106544259,1379346025
8279438,11288174,65777650,66132884,62301846,77660628,470874334,459834675,1109664923,1374183415
16702993,11109653,71182693,72913663,57519956,82605415,457826190,473605432,1105521779,1361049343
8389415,11037667,65862399,65207107,58338020,76096225,469706640,461668524,1109051389,1362394254
8381346,11293440,65594220,65412856,59036185,77547267,464418926,460145110,1118355039,1373744958
9334502,11004016,69804571,69141123,74110317,77117327,462000204,458003237,1136426324,1355444454
8984473,10929938,65713508,65761489,58809690,76021456,467201781,475171031,1119462919,1373006351
8589694,12382224,74309464,68700024,55771207,79554042,463923107,460822533,1106178908,1365603961
10815859,19060598,66460625,65129174,62389747,75994752,470788568,461568076,1115254965,1378456238
8922350,11377141,65689131,64756407,58208219,76404862,459622086,475193740,1116044561,1368803239
8403921,11257551,68822157,69188175,58293054,78900027,469192089,462441981,1097402384,1362881343
8230567,11425395,65782032,65481741,58860305,83218178,464764866,462588345,1115477526,1382411272
8676994,11139713,68768616,68528907,57851861,78464529,459594367,465201494,1115138603,1374113726
9039152,11090228,65185279,65834851,58255485,76985641,466410149,458957711,1089547539,1370242244
11411509,11741301,65625648,65165632,62884965,77694899,464542069,460898625,1102913255,1365621320
8538914,12041039,76609520,68479831,56710511,76976410,465332754,482894375,1097079171,1374038551
8383108,11764168,64675362,65640024,57272232,81906992,461564433,462047272,1101468629,1391768516
8203537,11547912,69436389,69116153,61122831,79356189,471378808,460970714,1087491835,1377322931
9496731,11209762,65034160,65355677,59351241,77370533,465193441,464912746,1132893592,1362899648
8973436,11037805,65159993,65612135,58130747,76258913,470139361,480656975,1105214342,1367760748
11191879,11133567,68687766,68732847,73744729,81062495,466722374,465334040,1111347736,1380140794
8594264,11071755,65762400,65481535,57699272,77055599,468422932,470096081,1114793705,1369457512
8521683,11046272,68751491,69268122,58235269,76305730,472894084,463500657,1110459913,1378056238
8397762,12190824,65777703,66025250,57326016,80938775,467603283,456379598,1146488610,1401687582
8270847,12203930,65568574,65923978,57981384,82223334,474896887,468267185,1098711124,1399205604
8187044,11660675,78164470,68901142,58168397,76392396,466352128,474469081,1103438305,1365077746
8207838,11370459,66171283,65633245,63177160,77050536,470387612,457885191,1104316297,1398123565
13143163,11858479,70267836,68003645,59848203,77180477,473241743,457391139,1126605373,1390854869
8343567,11410803,65718087,65191084,58551687,76251730,471211459,462980209,1108290237,1401115290
8708144,11761730,66412994,66716804,59413806,97138929,466266958,481246207,1120623489,1372425094
8302635,11634006,68994360,68128413,72347015,77052164,469750541,474350621,1104571710,1355765748
8447582,11454233,65452906,65827377,58851479,74998765,466725223,453466777,1120453318,1355609583
8242939,11722147,68909807,73256346,57695085,75661581,468599271,476981568,1121650037,1367242722
11520789,12143907,71470051,67081313,57747578,80788591,463985993,461849425,1130331347,1378620936
8679639,11407912,65233468,67651591,58778798,76127217,469285243,464290556,1122081972,1371798529
9042672,11321850,69022772,69061735,62450166,75524032,463846539,472577439,1123777014,1393984396
8533426,15517843,69574590,69232946,56914329,76706755,466627957,463731891,1099781054,1374531384
8492617,12346452,74423029,68750690,58332796,75671455,469498661,458695143,1132850948,1406260987
8217946,11805609,67001966,67928920,57346605,81218626,463936147,457073873,1111164886,1368120641
10985532,11443296,66451146,66549481,57123022,75433093,474629130,460941469,1100239148,1370983540
8708178,11199040,71378265,73766116,57542987,76609597,459615270,478441732,1121862053,1415882506
8470417,11204925,64918646,65125378,56012637,76182184,467519136,462303387,1124731087,1435741503
8381416,11198909,65040622,67865429,57618763,80046354,470630623,454726099,1109038899,1405063885
8234352,11174564,70054998,65790678,55799388,75805016,462807264,462590686,1101520924,1413312675
8274875,11091437,64826301,65393415,56175270,75633936,470760544,458524727,1136627091,1419582487
14425009,11088217,75651217,68333972,60450692,76656788,471904336,472848640,1101724004,1389234127
9070385,13213800,64716103,65514686,74072491,79477120,472584802,457594890,1104232454,1393325925
8470806,11774111,65975667,66073210,57148062,75777606,463121626,481206720,1129203826,1392929625
10101477,11741270,69034375,68100471,58216756,76477668,460849819,462173897,1108626295,1380032746
8373192,11688826,65381686,65734648,65301227,93778479,468661176,461355387,1111872132,1371870371
8299835,11306607,69773951,67464470,65600215,75930846,463599795,461488438,1118910279,1388905464
11167079,11254300,65092195,65337765,58830167,80776943,473356392,469569036,1131385706,1391485602
8290305,11629661,65353339,65554549,57603221,76414400,486280228,457689492,1114781530,1410882543
8265158,11512645,69084224,67114948,58884000,77924838,474572289,457310577,1103981039,1388093587
8238036,11831014,65148280,65745512,59560441,78921164,463288419,463133866,1100882124,1404234575
8257152,11599634,69644836,67812463,58511672,81329431,479043382,467496809,1105384001,1405164519
9035628,11542936,64951108,64811173,60377140,80936281,465094353,464279830,1096498406,1401796081
12245928,11255390,65005210,65818066,57805711,75541582,460678622,453539928,1106910890,1403755895
8663046,11140729,77187763,72559195,61042946,76789409,474612355,459241062,1095817346,1390695841
8709216,12157493,66083812,64882829,57963212,79811420,462792554,457695153,1115051445,1388498798
8253899,12304292,70376920,68497448,58713491,76215935,464922070,470264579,1097623917,1377470959
8431587,11948588,66608492,64839835,59751607,76372365,457839126,451679175,1071865280,1423254374
8388691,11344507,65181307,65024055,57627732,75825363,465606109,461425729,1103485255,1411023203
10616274,11300042,70416239,67991390,62484003,76985217,468950354,465285837,1104273384,1408966682
8377919,15045036,65972158,65689769,58513163,79399932,462339399,458332478,1134273051,1384759057
8265975,12119590,70589566,77174786,59212218,75612531,469215518,468902721,1110927049,1400032056
8584471,12016426,66758613,67294261,58979980,76470826,468799330,474989094,1112386405,1386234650
11985449,11409886,65721235,65828690,57922521,75854834,457781287,460024787,1103231245,1419021658
8548876,11413850,69478514,68111751,61658093,104944824,473501766,456030276,1102412274,1384311804
8511546,12017793,65787465,66211864,61982154,76074343,468028343,475883249,1100313713,1388936644
11260977,11216015,70891026,68543326,60523784,75841520,467116361,463258246,1092509483,1378941152
8303099,11122348,65897300,64879701,61225476,76559259,460674209,463238052,1087788558,1387423399
9710346,11749725,65556130,65694267,57885409,75607491,465449528,458579453,1107150185,1383176563
11782119,12243236,76350688,69659182,66713781,82743233,467013921,471185519,1101504608,1385208622
8435121,11394668,65276231,64766396,56526965,76019933,459730214,461596212,1096241167,1389259784
8489289,11179703,69006675,69654155,61905249,76371988,479497276,462460855,1083715306,1367694115
11519215,12079092,64857386,65052745,58115132,75980804,463077310,453578583,1093643027,1378579199
9477956,12536557,65596986,64975898,57402362,85098294,472147697,458031995,1101252427,1372058371
8600215,11552793,69332559,68888255,61200492,82456493,467767572,460555310,1120427105,1364996055
8526755,11643038,64940485,69711517,57419140,89518131,468315717,453337223,1100008764,1372779547
8431361,11587009,69001303,68039781,65808806,76850031,469997868,460036206,1121680945,1417448100
8357065,11180190,65589087,70660811,63703886,84529900,464317687,461203450,1091824369,1383400842
11193349,11081151,65593950,65874545,66734133,77328777,464835236,461984250,1122517732,1393235489
13836378,11662380,73115729,67947178,59621198,79025456,461950957,454717646,1099239501,1385314390
8638865,11320986,65777447,69754515,58133667,76945680,468130603,455180549,1115545811,1377803178
8497483,11429561,74025313,70477906,59037156,79661962,462398989,458244948,1125631246,1368916133
8386904,12559027,65238746,65506571,57343649,80648460,464083221,473469606,1108969631,1375991362
9260767,11762675,68589246,66465723,57754733,77614331,471942655,455995664,1124541890,1364855032
11195569,11314343,70656741,73353709,59218699,77969916,459592671,475040682,1121113413,1394383458
8499160,11111400,64799056,69538105,58052828,76570692,465547341,464643514,1113921763,1390382699
8367953,12108838,68604429,72297764,59459472,80263798,470842882,457513965,1074906733,1445401072
8740354,12086805,65867847,67042784,62388146,77626611,465574891,464945559,1113368567,1367315183
8590335,14135286,65698320,69933883,58516732,77530050,459710897,466944761,1107677026,1358339781
12071286,11534475,68368578,68096642,59088476,76133102,468944248,472372655,1107614795,1406252237
13113244,12019237,65386013,66150725,58129496,80586553,475508059,452992028,1096888859,1388736040
8596922,11632313,69618160,69294681,56881295,76778462,459937361,455646406,1115101431,1382388243
8372603,11536479,65917044,67944801,63550266,76159910,466257276,461636498,1113794955,1499755382
8285359,12002127,64965772,68983182,62146616,75903019,472199752,455568287,1112012904,1392806837
8408238,11241367,69565392,69459274,60225943,77604286,458578785,452562023,1106988116,1376298638
8234277,11171511,69661649,70510457,59692215,80888803,479405038,459975879,1108495161,1371124677
10615049,11011570,68806100,69092803,61390396,77078020,465979867,460675438,1131529546,1387345881
8456315,11540294,69592692,65616339,58757984,75494916,472526636,464561730,1114990362,1372206553
8350427,11202736,69299859,66231849,57178897,76930906,465994419,457440973,1104941715,1429583890
8240289,12128680,74103157,69243146,59785512,80034688,467656121,476797716,1098828548,1387346217
14536443,12478114,64878159,65683434,58457865,76167968,467701232,462440620,1108087558,1376954724
8465250,11561741,74539113,67448091,59287551,75850744,459898624,459012386,1098030295,1395111690
8439054,11208062,64809729,65282038,74083845,77894787,465669514,476554050,1118611853,1380628366
11333555,11078231,65945306,65518270,58510403,76979851,482229162,458531014,1131469788,1391195618
8425681,12130102,69092278,67852950,56399569,79956537,459960086,469659974,1108053748,1394180256
8415669,12069031,69521036,64930099,64988820,77704109,461494148,483809281,1112592549,1373544496
8186012,11646852,73160514,70575948,61333132,76892314,463546141,468840494,1117761822,1364950996
8254866,11740217,66837817,67682001,58123235,77059973,463546262,465050044,1135070103,1365415741
8922695,11513268,70100456,65703390,59733679,80962456,459295454,470902564,1114454697,1368326895
10247798,11724085,69150778,77993987,59077171,77341669,468380872,454473164,1121010806,1396929798
9801803,12116943,69178722,64878534,58623141,76293298,465736189,470876085,1113515082,1454020750
10494530,11885129,68840188,65194650,60682570,76647969,465981908,460135508,1121445812,1428908753
8478795,11093944,65721953,70269891,60967203,82020037,469519876,458295435,1104065369,1390400567
8435194,11659423,70053363,65711774,58268486,76908015,467224802,475594616,1109873080,1372116951
8419473,12570407,69754755,68605908,58386700,76968752,469830650,459669061,1136544321,1403051202
10665051,11580604,65430355,65275998,64492026,77669542,464641943,464180267,1121312315,1389285217
9025501,13175728,69817405,65079685,58020102,75571100,472357826,454275769,1128097238,1365747066
9655754,11853716,65747137,73631990,75839118,81188917,465360559,488959058,1127945326,1396702965
8725550,11172502,64625647,65375033,63244195,76669822,476066394,463551656,1104342253,1403967709
8365556,11022479,68755537,68921049,55892731,75459035,459559699,459684942,1122443503,1385361557
8296133,11111660,65643368,65528174,59095143,76955212,472610388,468378715,1128050606,1404187285
10976830,12680977,70580543,71508831,56471993,79205759,463681887,457456283,1120675276,1382851971
9281092,12604579,65475803,67053999,57381180,77970460,458512741,460939451,1133859621,1363082458
11146713,11819685,65351920,65478503,63807477,75483502,478840885,471048327,1134028720,1385248914
8811722,11955994,69796003,68742227,61858067,75961147,473642392,451512694,1124318696,1380535001
11936115,11356268,64734495,64976773,58715851,79552619,470913777,460423058,1106730159,1382849708
8310473,11211718,68666139,65606795,55890622,76504350,465687420,464221677,1121343713,1401502708
10615503,11161299,65424769,68707419,71053840,76230492,481133984,457489419,1100373599,1390411762
8399753,11525853,64954466,64908912,57972205,76018992,469585529,460451017,1102297651,1435948888
8211105,10965056,69335801,68333993,65810232,75783726,480258430,468757838,1121889282,1398608396
8295459,11030321,65248057,65605968,60028803,79510885,466013850,472874147,1103299435,1403927796
8367167,13956475,69979632,64959936,57541380,76109700,464905093,459065919,1113148128,1373955778
8303632,11720399,65938258,68433180,58458992,76016906,463702820,466192211,1112119078,1368676408
12457813,11443762,65848244,65259010,61507326,76763442,472520886,475892020,1096989320,1365047846
8518972,11118663,69976964,71567579,62123309,79815971,477390787,456936331,1102432492,1367378239
8501707,13644836,66722716,65831011,65900624,75868686,465014449,451771452,1122150845,1363542297
8330499,12092820,70776707,64697280,56946365,76714664,474082684,484497643,1085515804,1360898878
8263764,11534123,65868237,70654022,63295541,75386299,478774733,461738282,1112178318,1374464629
8408165,11302831,71007242,64881519,57885156,76030047,462015163,461827792,1086559953,1359227467
12876328,11250446,70922492,67796565,58032672,81289862,463103044,456236198,1121117735,1364968115
8389883,11741531,65615662,65918200,57207653,78342916,467072797,469725488,1090566454,1378585953
8360310,11495989,71039541,65681925,57773762,81006291,463998544,468035487,1105328055,1375509902
8351969,11506636,65704574,68770834,59847094,78801052,475117704,454007891,1112763483,1377643328
11302510,11176184,65644102,66249702,60396188,80814789,458362557,469219330,1084991456,1370249073
10327748,16524330,71162382,69258691,57895441,76855117,466206119,457483931,1121624877,1381130052
9182342,14736272,65727979,64945529,56519542,79476350,471208582,461159475,1108763274,1372598935
10768942,11559265,71567714,67718785,59263590,76942978,481496698,451619914,1109632968,1380723183
8433291,11297044,65039845,69539925,61738757,83466645,471370734,459427604,1126892218,1391126556
8350523,12230213,66154543,65103163,65546518,77158414,468936957,460936659,1113238388,1372759779
8797449,11676180,70356459,72841706,57040708,81088738,466833998,464370533,1103835744,1399153249
9030731,11497742,65547578,65320490,66089215,80337522,461563055,452601659,1108640669,1370448737
8528693,11132557,70085918,65981870,58550629,75732377,474845325,463320686,1145289530,1380253742
10872221,11398433,66937865,73393656,76272746,84715073,483824876,464846870,1098599576,1381952162
8346801,12349490,65688273,66257634,62126465,75864815,459611403,453136808,1146273063,1358602307
8252757,12082706,73420891,71418831,58639652,76894411,465811443,468448164,1107982763,1373825474
9150347,11422364,66338934,68028149,57465510,79649818,486212273,469663735,1121652050,1356088713
8640733,11122241,69644436,65186807,58110474,81212757,468419705,474327395,1111644152,1360544007
8537023,12091891,65837984,75237632,56938493,79590461,466908117,454324980,1125525444,1388851296
10628680,11832319,65804482,67483974,57481048,76945537,471170729,461953082,1104563488,1369881147
8515600,11513722,68941501,69677743,56114543,79714949,484665367,457456668,1091445093,1368116106
8553397,11286489,65163585,70088272,56709971,76960620,465742051,457553545,1106332204,1370495947
8350619,11062563,70382202,65142560,62153175,105681807,472071689,452072365,1114515987,1364105368
8272573,11164152,68158170,73201508,56930622,75611615,483226087,460037198,1100810902,1373757213
8200392,11047024,69566426,68940541,57721536,78014049,458468933,476636900,1101406161,1392897550
10953635,11164799,73367669,69075455,66233553,75894254,485106249,467177229,1115007282,1365492419
8781804,11356466,65949779,67274004,58773296,90593535,477975350,452474456,1110120184,1369464625
9162994,11588560,71755460,67155162,60643711,76726739,471291592,464935489,1104100658,1361105067
8362630,11432202,69974440,72621106,58076091,75954728,465369271,460037753,1094820083,1370089381
8479403,11597158,66322700,65923987,59696762,76124914,481028458,455223860,1108029102,1371342202
8325786,11300961,77720513,77165289,58465263,79765868,463684941,462216335,1122530456,1389173154
11290320,11161391,65966282,65985990,59938733,76359933,457131210,470037522,1094204364,1389845558
8653229,11093780,65467915,66829449,70744547,76102318,479817079,482607176,1088111234,1375773615
9202669,11058664,71230262,76041413,65745749,76855857,469231058,457336834,1133185725,1372269694
8480696,14082006,65691765,65898224,57477509,77312813,465175633,461804156,1105648666,1394461227
8543119,11500713,69579007,65701870,58857485,89011908,465778310,462387084,1122733893,1353909322
8419639,12499973,65581492,77964778,57468318,77634983,469213672,459462932,1105049989,1360928776
11336344,11726449,65619729,65329519,57906810,79960914,465801914,454191508,1098225537,1358680567
8700457,11366891,70547056,71569302,59047488,76653157,457176057,456279820,1117430997,1363403346
8506021,11154340,64698647,64936123,71050396,84723620,479700209,460919581,1105146612,1362784063
8518521,11173363,69191970,65780153,56715456,76938943,462639884,453675212,1117842568,1357037368
8275039,11137115,64986552,74428269,59848821,83489548,466208699,462375699,1111696371,1357163381
8326570,11023450,65083507,65796682,57077017,80394244,459315540,459278362,1082462510,1361284323
11348489,11100893,70688834,67391764,58197897,79022119,475889811,456530096,1139417456,1388392500
10461408,11091078,64803075,68428408,58228787,81159740,469110099,468494087,1133236617,1378176279
8561403,12426297,69240058,65611573,57847119,75411146,460146477,464554861,1100171516,1372102872
8614851,11533932,65227013,69009821,59489454,76875928,484199970,462996704,1106147845,1379501589
8369266,11254823,64923003,65162137,58185154,79352356,469234778,466576455,1107558485,1375018499
8578038,11476902,69925490,68245192,57866243,80364695,466340916,464463149,1108414833,1376076282
9849369,11525161,65538103,64788671,58616862,77735804,476199142,461219684,1127829628,1367222742
11345751,12499296,68932363,65728192,63365353,76832097,464649004,461914043,1110707705,1357288122
8174835,11634355,65076814,67851120,62975917,78317403,462151892,465618805,1114366873,1367284126
8276649,11461152,65111412,65116726,63904937,82353020,473226713,455861490,1127219340,1373456927
8111286,11272716,69969709,68847043,63361985,77094635,471975110,465299880,1121939802,1389034125
8551967,13638002,64793583,64923197,59018465,81526481,465921310,466679757,1097332377,1376235587
9672007,12152012,74451079,65909133,57341491,76331088,483808325,454141978,1109117403,1392796404
11483919,11363832,69174892,69039987,56951892,82057653,457845235,462323281,1111866717,1379995696
8599399,11120969,65847509,64833336,59562541,80345597,462215043,482529792,1098014961,1383624158
8262616,11170698,69358355,69213637,56986776,77907033,467305681,469527937,1112523656,1374744991
8210410,11067452,69280302,65091526,63374395,80051801,460063118,453527935,1122512258,1375942151
8290566,11034890,74045502,64967592,58308963,93398632,463694180,469705855,1105244787,1376290609
8248062,11084802,68740701,68863511,58436132,81294139,462904185,463008085,1116114750,1374482395
11012066,13142946,65000984,65540790,58759078,77001851,464241017,473875921,1143506521,1375999798
8403312,18734426,69706234,68307918,57163828,76196673,473950831,457505508,1109479079,1364835200
8431001,11586643,68667926,65730549,62555986,78161611,465034531,464670867,1110797295,1363119720
9031098,11607468,69309739,65161925,59393619,79706577,464938653,476510467,1125843823,1391255938
8962603,11348945,66605077,68273981,57847079,76490451,466204273,454194447,1107138006,1387785506
8454253,11148691,67078121,65962368,57957416,75738491,467182232,464643077,1116986863,1394226978
11137496,11122004,73570840,67676951,58957730,76415584,475093496,473962008,1104445037,1367452244
8444575,11152488,66482238,65263473,61872097,75971116,464485092,460027472,1079816501,1363551109
8346595,11095342,71101101,66080823,57384295,81245389,463237709,470868884,1110853157,1366684508
8758609,10984707,66524565,67941862,60112349,75759108,461402895,474280109,1096849665,1362367419
8201756,13031413,65791932,64810861,59331503,75942971,463113555,455560198,1082609004,1361774878
8210957,11838615,74279539,68818639,58629079,75962257,458711461,464618368,1089322238,1382472383
10966774,11298528,65449995,64723310,62652142,79458906,465922436,448706082,1099980514,1386019025
8468031,11106457,71067708,65275322,60916027,76109727,468235193,475585565,1105344386,1366108437
8757178,11305766,70182799,67896911,58898410,75953236,456625763,471888034,1096409323,1360582586
8591137,11275308,65442796,66115828,60704089,76529550,462080639,457877710,1104154454,1357552661
8490596,11130304,67835282,73009428,63644461,83424457,478902533,465489922,1114616298,1355088855
8367089,11088046,70671876,65319402,73999145,85092150,463394974,483094273,1119630562,1360193226
10914650,11115677,71124462,69790036,59611935,87367129,461757447,459015735,1103529378,1362033806
8441040,11678798,64382118,68408850,57021011,75512653,467361069,464978118,1103779584,1358169460
8687697,11568230,69812737,65827401,57564030,76053284,463190916,469200511,1137817334,1360358221
8919269,11434628,68696759,71978449,58419757,80534146,457584543,463981640,1106236954,1355646683
8424982,11183220,64895187,71835667,57270446,75855591,465516390,464446277,1099786913,1370944913
8202000,11386383,73864281,64873928,58300824,75897205,464820885,463673597,1123004574,1364287146
8212352,12420562,65766888,72947178,59942913,76147037,466481689,472796783,1077693476,1359151408
11063653,11532354,64660239,65915245,63539302,86281030,457121637,457670480,1104687651,1359210639
8739241,11255262,72375504,67535586,58708812,80618205,464923345,459711872,1112949529,1368953767
9039329,11159981,64923598,69656328,60508750,75642710,470018035,451071894,1100083381,1374059604
8404889,12804420,68227884,64864774,58067512,80953071,464595265,476048844,1103643661,1376899730
8283063,11281623,65770473,68899165,62752409,75273786,475665838,461642663,1123375002,1380869812
8153900,11181775,65161899,69923017,83975476,80162554,464282881,456429046,1093044676,1376820512
11212161,11179063,68154094,69102217,88622333,79556184,457881986,464896494,1080253335,1357038652
8321248,12031720,65501879,67146972,89378719,77140922,471228763,465119187,1096009350,1371349537
8207997,12053956,76494822,70385009,91096450,81009017,486457887,459240753,1102650840,1360564106
8131931,11520680,64638379,69904058,96186877,85209818,472389977,455079017,1111458271,1361794691
8218921,11439420,65240864,65352558,75352306,75413534,462916209,471103151,1086102820,1381806347
8229462,11123159,69020636,69499600,56691548,81022694,466864511,471504786,1109070514,1380429911
10480247,11092823,65378098,67465603,57786458,77691024,463053599,460420123,1114247738,1376710506
8758808,11047725,69674161,65686275,58426118,84764576,456939709,454454274,1102208167,1357976470
8332770,11116947,65292513,76600551,57352695,77210575,474366194,463862510,1095203190,1393587315
8423601,11107121,65446681,65526286,60457153,79257763,469546948,515107014,1100000526,1391624983
8256683,12027126,68836113,66412707,56505200,76352648,471405590,479029881,1103077824,1380883823
8153343,12051058,65521775,71405472,60906787,80739301,462522673,458501623,1104790163,1361319403
11493593,11567516,68762338,65330696,56478783,79229658,469937866,457532832,1138141214,1360515626
9139917,11201566,65125696,77402904,60093855,75803856,467151521,475011652,1123610700,1359604189
8370878,11171415,64464127,66134376,59086003,76871118,462433151,456886711,1100849393,1365219935
8341543,11300578,69069906,64841979,63465180,75798797,495799203,453025779,1095693129,1366397837
8178273,11079847,64780648,69223011,58325707,86670375,464634263,469852459,1096194710,1390506791
8167894,10996553,69225053,67206000,59204068,76051300,469492305,455853355,1115398917,1364482318
11309896,10995678,64614417,74358440,58251837,76940930,462958710,453821025,1108313719,1362719037
9219144,12015172,65562410,66154575,68928824,75700662,469664704,458145068,1095055792,1365988972
8321921,11616499,70010455,66164468,60972415,75884036,466793345,469091213,1087901822,1361179296
8288221,11377770,65004062,69733979,57395878,87551971,464996201,459667624,1099385684,1360146447
8232099,11219857,68578848,65714813,73413700,75830674,465370448,458450939,1093396377,1368768036
8264475,11528519,65308622,71801632,62045449,75322985,468211317,460553008,1111153807,1377938890
11835598,11709849,65688514,70189765,57033269,76195855,468169398,467230690,1094466618,1387663498
14104869,22374116,73291736,65846773,57990237,81235498,457070164,460714046,1088716298,1363955841
8423199,12101849,64853523,68670174,57956293,76233197,464925871,461096041,1100253580,1361312326
8272829,11940647,68954321,70166087,59343236,75994665,464648383,463720623,1086702301,1359720433
8228015,12029097,65739081,74101634,58882082,77097485,460577508,469402470,1094641884,1358676751
11667983,11260063,64687527,65495700,57792341,80574723,464732764,461693794,1120623460,1358303671
11785594,11187196,69261212,71411080,58803409,75595230,464846634,462002854,1123485469,1378878500
8591049,12390927,65130968,70406792,62577523,76763800,485796783,466709267,1118186267,1363097309
8317626,12349801,69862017,65986150,62984585,75571638,456479715,460893748,1115051404,1371320007
8305366,11512065,64555977,72105674,58995809,75376332,470060139,471366046,1098908030,1360420928
8380534,11250953,65550254,68931092,61560238,80533486,467522729,459749260,1096149588,1358892855
8252707,11736583,74297230,79713468,57204405,76234618,460627010,460136446,1124289488,1366727195
8262582,12656043,65853300,69191837,58647105,76252622,475148955,468215283,1094815729,1368224344
10013528,12017694,76269151,69977609,57997843,75702602,481804794,458725587,1120275153,1370752103
8291940,11857523,64668552,69593443,57479828,79913068,462589178,463299956,1115713977,1362215624
8252425,11337305,65455248,65098172,57932880,76187841,468100301,460610226,1098060867,1361151611
8999152,11243013,68692144,70295871,56855741,76165076,469117462,463355708,1121218590,1376017258
8446634,11175860,65050331,68340108,61947562,76135777,478531062,464446372,1113407797,1379300777
8428062,11501645,73386392,65700096,56846145,79652612,463362588,459906489,1108209308,1404875456
10297299,11229283,66359321,71072313,56956060,76051886,472731928,467557879,1106854370,1359473144
8638759,11409720,68501661,65615767,72868241,76494958,464764010,460994717,1103874165,1372545105
8227725,12678439,71760356,65017313,57214998,77937505,459644619,460475738,1105028531,1359890461
8176851,11585436,66304459,91043669,60261363,76092389,468854708,461766612,1102214889,1364640178
8190679,11311348,69612643,76725967,64653291,81228843,468808883,460216973,1120934802,1359295175
8208051,11159205,67144209,88096049,57573130,75926554,466159817,452768733,1105452506,1364859389
10398445,11886550,66408817,67249616,61891790,75761577,461412852,459174411,1109970456,1357209718
8144405,12252625,70945876,66309065,72104025,76186857,468884972,463273029,1102294127,1364765809
8775598,11643434,65781469,68849648,63000619,80114635,473420778,464470895,1120713452,1364597425
8535790,11865374,70331769,66520475,57702262,80987545,459991049,458592773,1126487592,1359704996
8769689,14065863,67035157,69793622,56906021,80201347,469573877,464597400,1099644317,1369962278
8168694,11486570,65088458,66012428,58594287,75854356,471216965,466124641,1088301422,1355770910
10441235,11127438,71922988,65589688,57335729,81182779,467295999,457818117,1114565020,1372809986
8670958,11122031,65741503,69125290,57839187,79017083,455664429,465884084,1131714004,1394294484
8711413,11042004,69548947,65712718,58173632,81123870,468236034,463040811,1108911316,1381286564
8768104,11766041,66061790,68463611,56884736,75615248,467679651,461312386,1091503248,1378379254
8561560,12132727,65935633,65661069,72065687,76983878,463949251,450841946,1102723712,1362302080
8258792,11822388,74303490,72811606,57469086,85537786,471815231,456528859,1107666109,1380977200
10248792,11260687,65635391,74178895,60206857,80239498,469276342,459488892,1121348997,1363259409
8995995,11088555,68342931,68564079,58771527,75367475,465560661,459188158,1104627997,1384437413
8415598,11399439,65810833,70873903,60636247,81147655,460454126,452923388,1120146272,1377282294
8333185,11100414,65499264,66323876,60588248,82122965,478841981,471271679,1112305444,1365423831
8330853,11037310,69331177,73250288,59391428,81248269,464045428,458169577,1104970272,1386567004
8204578,11583669,65530164,73678330,60043913,75635301,456880512,452674962,1109423897,1368274709
10624828,12150477,69977675,66716274,57364026,81398545,480188631,470517800,1098894339,1365311223
8984145,11898595,64920198,74499244,62403752,74932826,471072516,470363163,1110639160,1363053450
8600926,11454822,65506594,66171546,61716123,84803079,458462814,496907928,1117784818,1364549053
8498273,11424186,73603253,66076861,63281324,75733156,468969797,459322777,1130420677,1359670370
8289121,11191394,65036618,72008587,57157554,76803478,464247657,462067313,1102307272,1376155303
8217578,11208064,70490365,68448935,56894421,79703613,479867347,474249315,1125753266,1389247575
8374082,11125411,77801794,70683076,58214120,81844920,469653641,459129397,1125814219,1380566486
11057768,11089309,65335665,68519796,56905117,79741381,467836796,471461542,1119117332,1369082208
8274789,11001165,68857015,70003683,57632653,76734488,469301736,461399826,1111881348,1393768096
8676891,12170067,64939426,69384522,62147284,79824295,468835547,465929439,1102986950,1363595379
8134691,12035627,65264000,66823007,59973208,83888022,470017889,476304327,1087790580,1367226516
8197742,11422951,68395142,70771396,60203130,79952244,475341858,452057212,1102647458,1372924871
8611600,11120182,66004804,79054528,58074742,77051234,466040697,475556800,1118216929,1389081577
12188685,11689368,68919085,66511989,59175701,80890702,463861797,477079390,1105882653,1364403587
8496304,14805803,65018946,68999525,58335761,79981597,469639219,451623794,1103088838,1387575590
8189779,11605945,66393536,65522877,57748404,80188696,465457203,461571836,1116720439,1367668415
8296937,11242284,68899410,66507487,56511593,81712384,463747285,459630735,1112573353,1371161819
8118632,11998655,65429230,70480692,58593303,79482246,462090384,486996934,1108409242,1362851549
8703276,11687553,71508866,65415829,59658673,81417538,464433823,451583090,1099916038,1360225894
10372662,11475626,64820111,70279545,57462479,79116119,473797327,455030598,1090579905,1362269061
8501527,11559210,65374536,65802446,61564576,77194187,459544906,459636166,1098797631,1363300958
8219676,11584106,74271932,65700507,58120546,79647216,463540829,458815327,1102309160,1373129299
8133924,11674923,65216168,76670421,66255377,76893821,468396747,458016018,1112436524,1361204380
8653166,12160622,70612985,67131642,56395343,79786858,463667425,463632751,1096773030,1360297845
9003440,11621446,64921676,77115225,58168924,81326775,468731051,459681850,1071712517,1355600136
10325567,11276998,65632905,67231032,56716949,79562036,467430565,468982544,1079632588,1356289921
8302725,11115447,68824853,67058173,57212524,76775111,470909810,465051741,1105485498,1357104643
8680100,11228230,65547519,70105590,59460478,79713838,461934134,471089765,1114524775,1361706778
8119288,11133392,69500601,65992923,60753749,85925979,468272313,476291751,1096875234,1356294671
8251721,10969273,64873244,70766703,63366778,76352211,468475728,454031231,1109176943,1363673939
8137278,11030007,64817806,66057570,59212664,77871671,466526933,475182398,1106691561,1357306454
11172465,11786368,71591971,66889514,57106225,80763325,464490262,465642432,1118514471,1360110436
8452342,12373386,65394143,69360977,69159836,81677112,485719018,462283429,1110979824,1372996704
8357856,11574369,69494555,65809309,66798675,80597109,464442539,452066962,1120392753,1376390091
8484344,11494028,65458807,76669249,57343741,77513492,457412946,457794746,1109020933,1371180060
9110180,11451040,64844858,66233582,60313288,83362578,464645226,463631344,1098500405,1363073907
8875140,11356688,70036459,73000826,60025235,80091710,484079724,463960971,1099692509,1364992274
11417792,11220325,64964463,72227099,58115413,80031054,459861317,460816182,1132989092,1381853346
8297956,11120204,70156104,66316047,63527744,80999002,472225491,461398637,1109276387,1384595343
8226450,11096330,64850960,77309793,65053857,80832692,466025056,456655611,1109086089,1377214510
8604015,12486442,65706436,66920535,57166441,80571442,457630008,455617614,1099107228,1376270892
8967730,11631859,70324732,68772375,61099095,80033527,464752264,458627659,1092252305,1374238928
8439514,19635741,64677715,68862934,66516023,81618942,465995199,458193258,1104178064,1378153088
10042628,11415954,72393012,66768817,58515522,75321435,463641849,465601363,1119499372,1362870791
13725768,11731629,64809606,68918236,64146128,77446119,457164369,451593923,1123118042,1370242407
8627731,11947415,66022908,67027707,56329855,79077092,468568482,467575921,1141984796,1362269432
8762396,11561792,74915964,71047972,57002420,86128725,466545516,468412919,1093721572,1361075892
8470042,11361177,65545807,69869838,59423241,75954983,456489293,460092510,1096793822,1374482125
8209892,11802188,73978253,65346900,61897011,77273007,464586292,453098256,1100839084,1372099921
8636759,11585316,64848467,68991558,64031398,78564817,466678139,461703676,1112936451,1359417396
9912081,11251080,66429598,65938164,57855944,80386245,463707204,461773765,1091930648,1362954106
8560103,11184816,69279059,65610342,57923105,76188139,456847748,462289625,1128330011,1355259200
8088445,11033551,69795109,68574620,74947230,76000132,468322213,453757602,1114587366,1363467949
8150277,11094277,76871621,65893868,69502500,79574433,465887091,460458159,1147244822,1363587494
8256484,12625539,65999074,70079608,57474276,80629995,460846979,461004295,1107848543,1369424522
8084800,11625696,65828683,66427989,58721210,77282070,467423812,467846445,1089477315,1376022825
10695310,11539477,74116209,65574180,58664342,75740016,465310822,458501818,1097070846,1370717753
9276583,11146313,69773104,70313480,74534162,75890189,464514323,458532461,1096304951,1393941707
9431620,11268747,73453957,68029960,57107074,75747963,462655491,461144431,1121784664,1374412011
8320817,11212717,65980268,74199466,69389734,80626350,469081093,453801983,1100991610,1376851802
8145382,11040118,68051194,66598408,56920246,75833604,465643042,468760975,1104482998,1376351799
8121333,11015048,70263735,65195830,63798970,75572901,462777280,461807174,1116071703,1359998502
10465160,11804117,65790234,73813944,63190468,76824085,488691490,457746586,1099098156,1383842470
8240514,12181443,70759789,66436004,57092542,78710926,471141921,454347349,1134472006,1364427354
8129081,11476694,66415413,69695632,62655349,75816556,464854666,458782738,1132033685,1356179052
8075115,11224605,66343934,67037777,58233395,79757086,476711597,466508512,1099119544,1378840635
8142876,11168699,70453746,65568593,63585860,81299887,466985272,455575542,1105146074,1377083657
8529402,11096645,66026483,69067824,62883320,79011918,468200586,456033200,1124298574,1364097258
12628933,11151191,71652127,66760372,56930952,77145721,476350403,460112821,1105575048,1364694710
9033678,11244881,66570824,68861360,59435793,80603186,467296354,477018395,1107798711,1364168997
8441400,13717891,66264511,71799776,57972398,80490223,469302670,454484183,1094760472,1361490817
8354582,11934594,71310591,70728385,58683032,75489180,474953183,456734863,1105906723,1360589793
8166467,12104227,66780682,70560789,58843058,86850567,486169677,462588149,1093053663,1371538436
8391168,11429444,71862491,70309392,57389202,76931567,462221721,460144936,1094327911,1355547395
11197745,11188442,66820089,66453040,58057867,77142674,465850412,451906410,1115686338,1364879019
8378061,11753025,66692538,77488032,57949203,76152582,474111313,466886423,1094245937,1370080102
8334808,12057733,70733624,69796358,61031463,80713532,470314934,463920273,1115411898,1367984837
8411838,11527820,66575898,70090233,62097987,75290449,461203456,459969440,1084553575,1377863912
8200403,11337888,70985941,70067795,59321735,75871955,467742333,452712563,1121478425,1368475758
8324394,11552463,65840203,67321094,58931177,76211881,464241426,458751170,1104985497,1374171992
13998710,11782461,66749669,73644083,59024853,76197796,463503886,459135422,1097062153,1370639503
8555959,11442441,70352844,65928259,64472493,82340636,468346685,453073293,1090626375,1361679746
8204895,11230528,66462548,68473714,58280073,76410923,460445540,458299162,1106111313,1359502424
8437962,11159030,81881833,65683426,57695095,75746899,465750949,462702481,1113597685,1366061255
8096754,11633694,75506870,65034304,59376735,77567824,467773040,466282683,1111851473,1365830628
10275026,12154962,65914613,69675351,62480547,79451828,459947325,456344596,1094286534,1362500794
14421178,11513464,74249080,65452640,60400142,76283445,464788782,466444099,1099238728,1367561957
8620638,11362616,70274193,69676671,64327124,77676251,464286338,462536652,1120500269,1375716644
8301024,11152281,72685525,66440200,65563697,76414338,466375865,463634964,1100381261,1361579239
8196788,11866620,65958924,66451074,63149864,79939525,456274118,453509557,1095784585,1364654504
8189015,12161675,69839051,70850255,57884983,77493684,463536524,460907341,1133374330,1372114364
11555896,11486632,69867201,66069012,58538413,75287018,464257367,480530895,1103800403,1384864648
8313699,11462331,66541167,69695271,66732087,75744971,456150016,463708998,1103422887,1365259422
10942467,11227763,74818985,67106008,63926096,77997076,465720282,460396154,1133380587,1380726521
8412635,11235350,68957519,65707344,62720728,81360327,463305597,458413310,1114581413,1360739743
8182760,10965923,66378286,69661437,63277854,76140127,467605485,455703124,1107854863,1370106706
11700949,11629824,75966470,66949019,62923348,76004483,460530169,453257327,1117708636,1389147329
8504700,11554613,66503723,69447116,58490432,76000677,462609884,461481067,1099822397,1394048607
8473752,11643989,70911742,65991995,65500615,79464169,466524280,471081955,1119550481,1383579887
11246409,13757649,67854876,72643756,57403346,76183194,466934796,465608379,1086585523,1370656671
8279709,11411101,67608523,78804235,57280169,76183373,466653955,459867794,1088205187,1360087951
8125058,11255618,73148025,65993048,56743915,76339890,470367708,484357199,1098787105,1367533279
13124361,11722753,66625886,69043676,58357407,87161053,465062604,460667002,1152082948,1360162744
8422602,11957561,77143683,66022035,62315124,78384572,456968741,460043140,1105808025,1363475595
8330461,11628226,65790874,66121217,57166054,80893616,467719996,462825487,1115580795,1380720133
10708787,11425468,70622215,69063513,66044040,75619399,463640583,458734356,1094687662,1361680655
8887564,11843065,71467619,65716773,57155528,80842513,459466074,461705000,1114069336,1367688948
11014208,12400593,66438651,68959178,60302313,88166130,464726320,453932242,1092339378,1365527848
8153228,11544614,77310954,66075472,64917001,76354035,469641502,459083235,1115785958,1358231795
8347119,11292392,65634820,68584651,60054815,77003584,456187976,456358463,1104059965,1357450878
8120740,11118714,70132237,69420667,58465057,76871215,463192185,458430576,1101663740,1361451613
10830375,11227733,69573637,66104931,64893076,80618745,465673101,460103959,1095467396,1370175961
8279804,11026753,66973687,68580991,63411196,78461770,462417646,461005390,1109196018,1359303497
8132171,11053017,73527809,66457193,62180052,77472666,459014801,460672277,1135336198,1361138583
8142232,11166204,66046645,66316506,57528836,77055552,465824394,463675631,1114350822,1378786443
8135177,11818733,66656715,68830815,57960632,76272056,478265447,460287322,1106417492,1378576800
8125689,12761527,74309187,66045913,56953987,80860272,464966004,462225279,1110488327,1382239899
12301937,12660613,66929924,69337301,59008493,79529187,470083989,469756572,1110691090,1376365528
12419039,12368073,75327515,65736890,58058666,77116520,490987254,450384236,1110239220,1358642555
8348225,11763404,66076152,65983341,57934951,77198856,467973697,461033256,1094142555,1369187110
8308668,12177114,70431509,72068088,59119998,81970600,460461262,460284778,1111980431,1374917450
8264163,11759948,70581233,66859312,63173191,76517985,478924229,476622044,1104410328,1379156114
8453188,11414534,66630773,75171126,59700431,76974627,466650558,454661618,1121601154,1361775580
10830392,11269675,73979431,66329672,57845790,77006121,459277350,462021139,1115978008,1360769470
12777663,12469203,66125760,65547507,57595849,85772960,479580957,458313488,1097062224,1361330569
8263724,11653917,70342352,69510832,57107536,75890956,461576508,461612382,1081182151,1421901135
8356693,11316570,70458910,66186353,67458768,76635110,462414337,454610761,1105761195,1375032417
8104094,14067884,67195343,72174428,57913325,76008236,471395307,460632508,1117814210,1389324862
8166622,11287442,72517886,66972149,59166983,76075065,462888944,455898902,1109524317,1393624332
8426409,11135523,66478432,66077469,56602165,80551038,469656196,466478436,1092598624,1389654497
10712459,11168146,70769207,70260279,59021056,75959637,458196500,457069733,1114513893,1373267652
8276271,11535165,76060521,67707137,61982350,76691586,482365200,464523014,1126463037,1388865375
8269888,12892117,65905779,69473118,58787582,77876809,464035970,463007286,1095568195,1383649677
8134362,11805435,69943496,67243905,58597156,79801924,465759761,461212401,1108463389,1365364379
8141520,11383405,65929136,66727090,57379294,76851060,480318996,471525168,1078313372,1365152972
8902084,11197080,66466141,71816252,57136798,74976324,471313658,469344056,1111847414,1364930016
14744152,11243154,70789609,68571309,59922236,75678111,466298542,462843205,1127211786,1367468647
8202591,11110287,65924882,66547353,60769207,76447121,461027810,460267577,1112780330,1360968389
8210886,11188439,65830049,75413477,69812377,80946712,472312042,458407160,1159703496,1377972547
8174816,11122770,72748392,67552911,65704906,76087896,466147867,464510466,1144827527,1373911338
8167655,11116100,66756263,79136215,58782501,76645507,462225081,458767578,1134082448,1359084347
8206542,20072622,75504984,68493952,62699317,75176005,466949877,457457923,1118403440,1370282736
10670749,14973394,66276358,65562037,73513632,81635123,466448591,462205339,1128520015,1380715278
8355918,11360625,70312716,71155644,59027878,76872699,464592305,458643642,1135861279,1376468316
8078488,11294654,75382500,67408736,64392926,75402753,468670714,464395991,1120333020,1382325387
8479539,11272890,67663441,70982140,59005802,76150415,465039984,455378216,1136237121,1371343419
8989304,11203470,70758807,68283543,57481441,80826839,469478278,456794806,1210250475,1376789202
8378845,11053272,70196085,67059906,57544470,76090228,465423413,463425371,1133229787,1378158286
13001399,11069322,70337330,70764576,57898059,75390283,464578392,452880990,1309997933,1381251109
8481723,12627754,80025488,67968878,58012152,76015072,473371623,464498084,1343882677,1367898692
8264573,11649151,65665080,71522320,61875647,76513074,482944261,462219650,1357762559,1371784479
8118963,11281869,79579285,67239571,58047685,81488802,461487299,461612902,1120031174,1382767702
8146046,11236605,65651064,68299026,73330749,76652657,467855370,454429945,1148044095,1374952369
8153583,11153096,65863196,75673176,57743457,75659874,479804683,460815174,1108018384,1376148844
11274887,12028222,69016153,69893989,57668742,76393081,456015147,469653238,1122148143,1377126833
8258355,14036112,66263255,82998687,58043359,79895301,470966106,459660925,1103186888,1377091011
8649265,12164245,78547481,66588615,56730627,75941130,463958447,453808209,1156763321,1361393928
9018080,11438764,65375638,67056315,57197698,80121676,468126504,457599469,1284839369,1371863168
8419034,11430057,65880395,70803445,57440365,77220254,457942472,465476348,1099547711,1378890827
8291151,11320935,71111261,66272653,62533546,91642773,462253125,451353579,1121919013,1379849466
10830168,11115450,65862034,74429729,58258000,77335884,467142727,465351121,1096532931,1360718759
8255498,11416016,82860348,73871877,57401524,79666440,459023283,460592085,1130140821,1364816376
8863864,11259133,67349960,67401357,58503063,76835980,465821640,457934158,1108932754,1360920047
9479291,12553591,65659222,70635512,57652358,80988903,467410133,451232644,1108671104,1363249550
8365716,12338066,69096094,69537345,58236930,84047154,461054938,459155073,1107320601,1359652872
8393606,11346033,65423923,71459867,57489798,75695735,456769447,461804883,1108247768,1365616973
11367935,12340001,69389208,68076991,59110133,80944405,461876874,463715090,1102209515,1364127815
14718199,12746973,67400686,67354250,65443322,75635725,472278769,462709251,1114112581,1359760121
10656575,12397228,66205958,70760352,68247512,81198628,463206275,460132718,1122362230,1360929250
8585627,11648361,73678461,67045476,57286395,88295905,475822032,462595138,1106133424,1359311083
8105600,11314003,65712698,73203284,57106608,82551028,467411760,462916342,1102245330,1365388688
8246345,12588800,70739649,66273076,58140648,75999559,465868482,456393253,1106535260,1360601374
8243229,11801613,64970040,65809123,58076299,77430842,457099822,459934480,1143673973,1363021721
20257071,11375421,66045616,68914979,57065341,80012278,462728653,459053435,1101994981,1360241147
8156472,11240383,69816813,66369244,57146291,75964473,470642653,455550191,1092873906,1358826406
8187986,11097374,65520373,71349756,58733053,76230487,462501662,466616742,1104885785,1360476058
8111136,12127048,69954026,65506022,63665690,76612444,486471243,461680818,1128174739,1367965811
8160671,12083158,65670709,66039355,59676124,79378564,468575277,464841243,1103928769,1377049487
8052813,11533531,66215365,69997733,64263055,76695126,461903615,462410199,1105178046,1378474398
10866984,11348871,70090155,66030844,61142785,75990805,466843202,460473020,1106704559,1359120450
8217611,11410882,66092131,68986341,61205938,76103578,472357126,478681675,1100443908,1378218882
8129631,11243758,69784719,65882612,56325009,81785338,468004172,463003384,1096981295,1373574230
8184600,11039598,65521325,66158298,56474483,76597411,463568668,459052095,1113647829,1375694979
9004800,13440571,66013415,68873521,58539912,76781098,483382681,463880738,1093501106,1362114402
8491288,11189133,70850838,65965541,56982911,76019603,461808941,472664417,1072799020,1360326606
11245483,12671280,66318536,75302294,59544442,76310596,458318579,453482301,1105216748,1381444623
8223787,11994326,74398479,68302812,58198127,80081135,468187262,462960500,1115372561,1360086615
8060183,11634220,65197355,68813744,61047329,76059902,465783320,461261532,1101207926,1364956623
8196468,11390668,65637972,73413769,58444049,76304732,475131456,476328930,1099313705,1379089261
8312013,11471190,69459256,70432197,57309215,76688867,459000756,454554721,1122330495,1368626345
8283268,11236013,69847092,74593486,59051134,82237637,464987902,465386158,1119963296,1375752202
10998673,11182596,72136585,66002527,56931934,79756123,469253867,471356042,1112237341,1382913493
8341308,11055467,65539394,66106861,58490135,76275926,456942241,463527052,1106161531,1359072953
8402545,11035106,66358753,69795812,64855495,76816813,464511788,453083044,1111440530,1363393113
8710588,12225243,71049589,65567502,58937691,82969731,463974311,473192742,1099050133,1365017589
8929629,11914295,69331795,67963948,60181691,76460626,463369465,477722486,1106146236,1367640998
8353276,11432086,68915085,72771933,66833070,81308232,460216559,466026696,1099033874,1392246554
10688022,11312667,68875563,66464420,64805858,75178786,463836048,457177169,1124041510,1390648783
8378482,11247765,69080496,69822245,57256493,76884650,466207224,463489950,1156197723,1366571920
8297591,11258950,69400896,65847594,59698471,88399916,460644059,468083226,1111744926,1358865591
8110642,11097285,66492569,66622556,57886041,80712601,464745997,475198515,1101523546,1394803490
8153742,11069586,73781639,76376146,57901895,75513979,474258695,472803833,1104809693,1374551310
8205762,11063524,65818289,66024278,58651306,79172685,467957403,463554694,1116596339,1383263197
13403757,13106037,64996129,78443567,59276877,84803022,464360291,468840127,1109865877,1374152639
13589237,11684359,76601698,67201789,61990719,76170940,467612728,459095798,1116963137,1369863333
11074341,11398944,65738792,67917197,60100683,76171558,469497923,477238881,1098121407,1378351515
11196863,11202123,73402295,69692694,58059954,75977959,459024957,475385394,1083254773,1366902185
8792096,11691502,67135483,67191514,62274867,76169305,463729019,479076522,1097728388,1359841936
8592024,12342200,66034680,74301616,57095491,79973136,466105710,458682616,1112296863,1358342676
8227734,11544133,70026201,74650745,60458110,77888509,458602432,471529180,1093792826,1355841541
14102435,11269996,65270913,66559926,58244322,76662669,466347839,474738856,1104882736,1363283265
8097874,16386367,70895303,68415837,58648269,75788628,472379674,462042733,1115385472,1360535557
8070484,11659471,65441421,66502317,63679869,80240211,466450474,464108878,1085734497,1355722360
8005848,11466389,65912856,68556594,56906157,78203340,458648072,466657723,1109461988,1362996148
9259872,11320658,69929554,66454500,56441268,76255126,467792919,466624328,1108345040,1369631285
9380141,11302248,66185908,65119225,64953276,77102485,466926400,458954577,1103231183,1364209763
16645004,12195526,69756882,69720425,56916064,84691555,460491336,468719873,1105461597,1360516640
9179862,11593253,65561771,65432428,56551304,75612282,464608795,461937773,1091500474,1364519909
8326703,11526827,65013626,72471377,77257168,80320805,463755656,467350540,1129825613,1367217397
8064358,11577730,77904569,65662273,66805081,76884576,465781192,470793983,1117327095,1368989358
8091383,11696112,64946376,64776627,59205490,75693923,460758723,461792772,1096390623,1362915563
8749848,11824137,69084737,67645370,59132934,85473347,466745657,461383605,1149877972,1367274152
15932073,11320074,65060871,64971005,64320269,76640018,486462324,459534835,1106649991,1363220485
8541726,11171371,65118221,67654792,58252384,75245738,458597247,466510462,1104287076,1360059447
8336172,15229537,69650425,65482019,61854100,75575976,476121583,478333538,1112005915,1354014080
8057510,14838647,66629443,65781863,57264710,82739525,471198112,462523230,1106263976,1365210823
9282992,11507024,69716826,68936695,58644067,76711904,467281228,456794808,1115971277,1361262766
13204553,11309611,65161594,66083234,57233339,75640424,470547584,461206603,1124418672,1358786042
19955053,11272040,65571555,77825114,60492309,83620257,465517097,474482274,1099949013,1363208235
8273441,14926434,69289120,66164934,61182104,81228909,467773367,466545269,1101018443,1358180739
8177553,12556545,65419887,65495864,57647193,76596735,465337257,452284248,1100433326,1373636003
9100462,12308211,69711620,78381150,57559145,75544507,464665262,462792762,1101674714,1374148432
8311232,14648088,65010574,65572460,56295196,76518976,480407779,466020871,1095991916,1358015943
8234925,15082063,68792019,70320242,64436664,75719675,466640606,478067941,1122847603,1355148473
10807885,18772449,74105661,65911907,58845387,79873044,459954863,459529946,1126387670,1354459408
8108198,12435703,65935580,65792353,58270501,81030092,480949212,466710544,1107552081,1398360033
8524097,21752276,73019703,69156484,59561655,80388893,463555797,483872198,1116793130,1372193902
10131860,13117818,67312705,66874265,57203921,75525052,457065178,461934585,1126511891,1382368663
8321875,11379159,66097235,73632988,57573012,85095990,477519745,453059917,1088229769,1358333089
8177829,12963965,71733324,65439955,61883019,75343327,462283282,459425254,1099358021,1361417944
11061311,12398524,66192295,64542288,57185823,76949906,463345192,461190285,1117488285,1396016719
8190429,11526309,70286783,67877013,57726440,79696641,458881002,454305309,1101063924,1384047733
8275686,11429804,65295453,64716277,58262509,76822133,481760067,461459525,1092795506,1380010984
8582263,11668881,68052013,68699230,71071576,83775390,468680977,455422922,1119950940,1378748655
8354852,11697238,70507892,65107149,66275339,76894553,460388823,460187299,1116202806,1362663249
8259363,11519159,64367769,64967555,58317933,79731664,481368705,456751448,1128983520,1364838334
10803236,11290395,68552709,68652841,57567277,77075312,464060178,469376724,1096313530,1362667972
8221419,11306252,64650151,65061688,58380626,84165041,459059050,485697686,1147008969,1365841933
8186290,12815123,65256447,68064167,58984521,78881223,472636153,459693811,1113377731,1365991451
8181436,11609584,69380282,64737597,58073106,80818872,462538656,465679102,1129093772,1365724181
8202881,11418995,64827599,64389223,59126356,80172116,462321226,457762985,1103736237,1359315465
8167962,11293402,69412518,68663656,57041091,79546337,462169226,463087005,1133531042,1362980497
8152874,11209293,64991564,64875834,62195302,81433030,466323652,458416829,1110282624,1359307805
11585661,11199261,65421408,79103069,66926460,75471700,465212603,461834908,1107837445,1357288832
9100544,11142094,69655133,65328112,64176296,77197383,463217209,465559988,1115069132,1368550853
8280521,11032659,64623642,65510388,56596254,79630345,473963037,457638793,1116927886,1361383236
8169145,10956317,69871802,69063587,60829796,81308443,467526815,451474661,1099202020,1365129947
8199482,12408471,64771019,65377344,57998373,79870173,473050518,461735906,1102685568,1360597480
8047468,11603178,64600360,68473332,65126529,77066813,464315731,464124599,1112081410,1362363654
10697601,11756120,70321032,65738919,56110446,79892297,465751606,477124391,1114898500,1365420140
8891769,11222228,66888263,65823586,56113675,81734194,468997685,461820070,1120822352,1364379024
8348404,11348410,67838488,68899997,60758188,79787502,464211659,463340650,1113057048,1359031548
8270567,12516855,69581520,65981499,56601764,80903231,471628212,464593447,1100296569,1361468955
8075470,11593206,68731004,65136046,56613371,75710392,470295838,457799720,1118548463,1357386929
8116075,11322769,67916507,67597202,57962421,77983985,466069083,458140757,1129335829,1379373157
11106717,11408649,69369156,66142260,57226761,83678091,459240811,464579813,1114930311,1383203898
8267340,11674016,68378636,68687014,57531262,77026942,465978167,480784663,1121844504,1372549031
8277741,14224258,64504369,65250577,58879081,81470922,461505977,459687978,1087042216,1358437772
8202858,11769123,69590715,70703667,57957580,77128693,461894580,462380582,1108024582,1364493031
8058471,11536439,69116185,69408102,62310476,84523900,464223377,464418935,1107461989,1369532573
7981428,11910788,65621091,65783588,62685866,80096424,461822364,465039801,1103175236,1362518590
10923594,11783535,64109668,78440332,57471361,75735223,462327565,455580674,1117123657,1358588446
8298708,11375403,69939452,65175576,62213536,81302338,460245563,462525163,1096329689,1359283663
8207426,11081634,69215369,64657416,57234461,78894095,461748296,471803152,1115652836,1367213443
8383791,11566219,69172351,67958472,58247735,77025940,464640707,472162575,1119257814,1377691935
8207168,11486300,67555874,65156894,62643487,79589092,463550519,454943901,1106115128,1387215124
8214343,11471012,69433265,67904196,58951476,77207607,463211392,461529669,1107038206,1367990077
12222212,11265128,68915379,65188107,61237018,76281032,472891269,462030250,1094613200,1369615509
8360729,11633665,64793988,64394564,57230821,79869202,461058141,451656772,1108381402,1367709485
8171296,11348466,69131679,68276319,59536292,76679190,464572782,460222792,1101249321,1364439488
8083335,11111796,65266969,64365830,68138126,75568514,464266921,459674009,1114183128,1351087555
8035797,11027390,64819793,69139209,61389515,76078346,471568280,458326681,1105150686,1352671915
8338056,11075554,77151993,64550977,58908302,80112693,456993055,464564716,1125182107,1351358076
10907118,12274017,64408648,64917101,59470345,75361954,468157136,464231681,1108393191,1359772576
8347558,11764980,69159579,71424820,57521804,76394207,468972519,460606680,1104066057,1357493955
8178144,11448866,64513594,65035492,60113432,76382559,459170398,459663748,1094301098,1358420130
8073665,11175368,64713099,77864562,58363793,81079799,467368287,464320126,1124859370,1352942322
8163674,11197661,68328564,64711126,59363641,77069075,467361824,466674610,1094177147,1353047016
10989459,11242130,65789820,69146944,58626703,76052703,467697612,460477254,1122705148,1356746154
13543389,11102652,69284787,70336546,63526306,76025727,456443429,458594961,1110377763,1354073578
8558524,10962132,64767629,69618978,66911601,76539564,466733236,452252918,1096505000,1351892718
8260211,10924324,64310655,68414478,58360780,79614446,465257000,462581597,1104711742,1355139332
8129130,11614388,69651511,65620308,59425057,75849616,459729899,460486880,1131255536,1350716897
8284497,11703507,66144248,65175296,57985819,75643179,461197406,452606861,1113577589,1354828623
10305870,11344683,79519819,67804944,80525382,76663823,465064315,455916316,1098404227,1362198677
9647626,13652080,65321973,65217905,60928245,85916527,462685277,461605655,1109783523,1358045987
10891549,20639437,64370673,71742757,57538081,81598338,457942136,465414667,1127631549,1348392171
8420514,12002491,68424652,64637037,58224918,76793261,477369837,459941801,1123562633,1351419049
8153017,11483556,64743982,69768625,67075996,77821987,470382480,464524240,1102353509,1351564249
8096856,11338262,69724706,69131654,58667364,76191595,461294120,465429787,1110780217,1358599739
8123716,11713114,64935576,64669502,57910965,80754071,472578598,462823711,1119737583,1371667526
8074380,11561805,64316613,72681397,57511774,76518126,482229179,456305193,1118929905,1347405282
10775228,11252811,69408758,64845435,58201890,77475649,463626734,462544786,1084081830,1360170045
8114756,11135344,65241199,65629289,57838156,78105911,457365601,465638895,1100792729,1350890838
8185486,11563653,69485057,73137280,62668187,82078496,471952275,453059130,1114870115,1368625979
8227919,12451418,65247383,66053466,60324881,76479505,470044294,457545785,1115421715,1399462602
9012301,11647226,64539117,72241936,57991474,79525980,466695693,464085539,1131244269,1355361427
8508361,11268473,68580157,70197490,65873221,75468013,472738767,462105314,1103114903,1373954275
11226965,11063319,68374166,64951133,57432027,82482112,464984337,452041190,1126084901,1359764337
8166593,11995988,69388826,73292307,64080317,76744363,464290572,461405208,1109414863,1367042446
8040958,11999925,64916504,65216179,62138301,76966956,459029892,464181781,1114503654,1354481261
8242918,11537133,65031885,68421930,57172960,77198538,463407626,464141939,1094262495,1364285752
8424519,11302814,68933507,65750972,62123551,76648207,467241105,468758104,1116348060,1364041311
8137316,11281737,64541997,65457703,56865442,82346239,457528144,463220482,1105715909,1369456645
10110002,11143798,69705477,67862279,58412615,76935960,466813480,464140079,1114002764,1367603013
8089633,10995990,64426275,65963059,60621716,76336261,462919531,468108847,1124213462,1359188266
8172076,10957903,66481997,67696742,57776219,78113325,457076264,458801023,1088241336,1355188180
8904251,11298719,68081350,65534636,63218113,80830766,477112166,468689075,1130936131,1359639012
8370186,11806396,64938329,65788637,56753776,77525365,463766608,467538067,1085732009,1357990903
8469402,11867986,69864706,68202344,74256176,76779464,477414819,455261449,1092527296,1363221420
9938287,11528142,65129551,66118645,66958558,77139316,473367659,466354326,1121292047,1365592055
8073245,11296159,64763471,68017374,56948515,81317793,471934334,457487058,1102238580,1351891249
8103173,11231044,69116521,65383549,62058915,77211964,465727620,459669519,1104458577,1353351388
8895696,11108021,74699916,65990644,57296810,76729351,457991602,455556063,1091233872,1356029702
8590030,13556475,68419127,68079584,58898162,76696793,476621355,460765367,1087528195,1367896781
8343823,11133194,64783110,64575417,60840026,79113719,462907503,460292866,1128797744,1369446722
12354907,11169895,64177243,68364235,61837484,81591983,464969347,485509783,1094184495,1353428800
8128099,12167668,69790395,66008099,59604057,77097263,460104004,454676875,1105965690,1353726735
8033022,11620172,65319554,64706029,56705258,77175980,463907027,465048873,1106212036,1358885976
8115431,11472777,69438535,67954955,74394715,76946791,467917970,459159419,1108649715,1347363971
8001663,11251133,64887611,64814158,57037385,81428558,460950002,455388384,1110032518,1350986201
8035316,11559733,68741890,64206922,56043052,77263128,467331415,458998788,1102117035,1355645642
8054575,12128207,71591716,68113373,57357097,77292464,468491626,467762053,1104239199,1356356260
9985553,11516594,66054635,65240916,56224091,76997333,469753969,471983264,1110428869,1359850469
9390106,11427573,72617949,67875530,59901824,76439769,461826237,452441576,1099783724,1356034620
10720743,11714513,64755146,65119491,61133501,81616891,466756493,489722799,1136467117,1370491620
8291189,11761646,72373132,65272807,57767623,77440253,465498004,476338090,1106223289,1356237428
8045703,11498638,70564995,68323633,61108743,75809206,462487648,460468019,1098753854,1354074152
8050294,11387448,64696792,65028619,66651652,77372155,464732773,456651042,1092747385,1357717941
10090834,11146677,69579391,67629901,58203568,81166924,467946754,460691962,1113002963,1358227306
9000999,11468460,64657031,64908793,59954847,78143547,468049911,484983266,1127114823,1366042451
12158124,12273407,64945339,65050868,57750131,76713880,461917995,472738438,1100019169,1369213526
14874201,11520262,69324819,70172845,58457937,77268299,465586375,457996892,1102190606,1385789467
8784507,11321091,65089553,64659357,58724033,88965748,471188019,459401353,1101154351,1374964148
8742934,11121096,68633129,69900294,60176053,77476329,463863495,456775536,1094717355,1382857065
11046188,12425928,64995335,67531558,65338944,76903964,468529367,455472460,1112431327,1374361818
8546132,12067449,65115978,65415759,57513772,75817017,473770707,463988871,1112083093,1389753986
8508716,11579316,68784490,69057762,56894315,76894753,464849173,463949628,1129958476,1366142379
8405577,11387659,65145687,69401764,65920493,86823485,467093415,465893842,1116743852,1373417371
8908247,12868822,69059465,83401231,56820646,75419390,466916175,455514627,1103183455,1369908925
8140484,11385633,65221373,72616854,57898985,76346815,467457331,460576486,1105503236,1361227752
15558622,11178561,66208545,89963016,57701142,75078024,460774364,466153917,1093536959,1351287699
9454004,16189094,71264572,77062419,56979473,79439964,474712831,464695921,1105867803,1352831058
8386254,12212044,67394236,65570609,59147681,76776319,479391973,459597357,1145052789,1367378073
8157145,11435473,69885702,68921763,63675552,75933654,461316935,470238639,1114295028,1354172917
8590784,11725835,64881558,65363229,58669097,75907827,466017627,457959211,1135970807,1349731649
8359749,11345398,65309963,66666929,57455136,75920840,471077646,460259399,1092055430,1351065693
9956917,11163603,69986483,68311162,57528032,80019082,466583741,449703128,1101681473,1389851670
8141370,12261715,64826445,65377782,61308795,77145600,468492297,461744330,1122206795,1357943470
8085151,11614843,68417521,68737890,57429908,75817444,473444098,461174532,1121736388,1374934965
8314530,11422519,65341716,64426462,63100086,77651375,473635485,450967463,1092131598,1347357252
8049011,11230786,64801837,66236024,63453782,79202526,459908660,463032964,1084917202,1351573875
8769247,11821774,68511229,68090294,56762422,80243240,468236902,457163066,1105573506,1352391105
11145536,11537831,65121526,64721060,62337715,76873519,470871551,457833326,1092153876,1366558086
8461201,11387548,68838164,67497032,56998079,81879835,467028827,450823943,1100952357,1349482044
8188818,11268291,65019006,65468465,58113754,79412664,461299460,468303157,1116872492,1351334047
8059638,11835155,65927303,65047904,63080264,81956619,475565271,459223683,1117728143,1348820199
8082823,11275575,69739553,69441042,57827925,75677154,472490968,459310886,1087282085,1351420082
8095447,11091600,65008009,65342940,66420842,76716962,461271373,455464055,1116487102,1349150235
10757299,11133521,68431618,68628601,65151698,80856941,478779832,462167235,1100645841,1347055834
8247622,11932927,65467620,69801074,60143394,80045163,473276307,465955311,1103127621,1348213594
8101780,12224477,65223090,66189786,58211477,75536805,471867508,465617384,1111815379,1350878798
8053348,11478702,68296253,69464988,66976930,76652329,465650146,461148951,1101024862,1352616077
8384778,11446425,67028462,70374809,59463949,76700522,470666123,472055441,1130903397,1358288974
8167569,11491568,71039751,73653688,58871305,79764896,467160317,460885743,1100498274,1351834624
8224078,11498447,67016896,68889125,59073140,76367269,457860175,457727408,1096047553,1355503124
11097727,11513003,67445012,70855197,57759920,76304474,465037316,478487778,1121659465,1379512499
8192952,11634943,68992425,75205088,60124382,75761363,464557027,462438689,1118784242,1367396991
8169602,11318793,65171743,64897976,58178866,80434527,465079360,465142622,1117135945,1379605281
8622498,11149288,67927813,69924399,58460837,76277506,458692701,458118224,1122866117,1369121977
9040854,24381002,64927916,66380126,58059347,76745466,469729097,468908535,1105053597,1369571813
8219158,11425609,65472733,68843752,57576769,76118639,467186589,462897437,1111072789,1358178715
10927563,11543931,69756008,72112138,64268815,75502578,471011690,465425976,1110664891,1354913576
8249627,12273135,67992769,65786798,58482720,81611975,467478151,457085268,1106429759,1375077182
8273943,11821734,77409530,69191748,66224388,78311433,462198114,460738418,1108505483,1375917795
8256788,11491362,65118827,69301310,57944229,75953450,458522706,457630521,1094874325,1364495527
8058940,11636510,65373459,65428798,58946823,75936094,476377462,455136299,1108066553,1357007828
8072076,11375248,69704064,78048228,58679318,80258707,470760309,473348441,1102392419,1358822192
11160586,11038131,64991644,65994761,58015147,76724981,471003889,461443817,1136221482,1360506049
8273548,11410046,69472192,69468611,67276368,75097473,465464294,463843903,1113076497,1355236371
8768728,11033969,70294800,65425498,63142031,75869789,467776556,452780876,1133961004,1353375596
9102393,10987838,65111891,66107771,61950677,76700992,463914469,473322033,1115398407,1354700958
8311148,12365855,70235678,68883912,58858923,83668390,459061526,462546995,1114775616,1360619144
8346936,12393153,66357698,65792322,60362080,76042401,459374332,457389618,1110605042,1356948134
10757682,11402177,70248425,65963909,65483682,80993218,464066852,466146710,1110487429,1348605938
8318994,11145655,65892565,68842663,69637544,75065213,461159758,462159090,1099133528,1351744011
8281004,11254635,69347011,65267186,57439382,80616098,454721251,457728474,1104143711,1352147641
8040331,11661605,71013428,69712395,57184881,80656920,463028466,464598363,1106737021,1352254472
8045904,11523477,64779659,64677507,58407993,80482167,462902143,460554236,1105118322,1352126174
8152707,11167432,74117942,65602339,56874846,76070239,456679031,460245646,1113778157,1348300031
11074021,11592788,68346540,68719201,61812031,91810573,459000953,464105291,1095807897,1362339661
8657213,11840794,65858695,65436318,61138683,75332055,464630571,463053592,1112339296,1355570641
9170915,11609815,70112834,68355594,59238157,76718286,461556685,461028992,1135980010,1359983909
8390155,11319492,67045389,68266349,58429818,78950902,453867961,460385704,1110984991,1353155340
8221001,11629514,68488756,65523228,77928277,76064594,468433699,478724822,1123444566,1351605695
8105286,11136419,70806340,67887420,59812691,79963525,467430446,476051941,1112990359,1363466045
16093597,12237952,69255158,65341646,59298354,75943469,459264846,469555994,1090477286,1351909998
12182555,12007503,69143989,68940575,57089586,75908707,464908527,461753008,1110654565,1372396424
9983008,14207558,69824473,64614191,58426734,76661064,469172137,460708547,1101186660,1374082459
8578293,11771180,64980231,65949271,57247793,78318437,467419735,467359309,1124323977,1354849147
8225542,11672998,70575178,71106365,62080900,75785730,460714646,458190242,1099179036,1352960249
8332021,11289668,66436215,68620095,56928634,77083365,461661495,461777454,1106491886,1355879409
8144038,11147019,72680149,69434438,59857096,76831300,465875275,468299947,1118054270,1364903371
10220700,11419312,67078248,68281992,61249695,80274565,457733865,461414365,1112265221,1355579675
11673748,12329233,67598795,65024722,58078406,77570757,464314007,463235372,1097249659,1360145142
8255247,11619179,68715722,67498363,62451542,75696663,482222248,468765800,1106849255,1359891132
8567372,11314017,68998165,65747661,59588740,75723991,460345263,458258479,1124509682,1353311688
8215263,11443117,70023050,68412591,61259241,76200416,462562549,462405661,1099953841,1386301131
8063232,11674630,65384904,65500231,57618539,80556910,465327361,457917537,1117243552,1380706148
10257530,11550542,68207297,64989402,63070378,76283941,471464410,476142137,1118994594,1382624868
8155712,11300170,69380175,67596306,67232259,76794849,465534887,454185391,1110985771,1365420024
8104210,11169477,65267116,65222592,58226632,75393687,470964948,463389696,1115800240,1353677582
8070248,11049018,71473248,67819404,57952755,85170209,468081628,460131983,1113002822,1366289076
8062058,11397403,65269851,68746618,57981470,76420004,467084094,468604048,1107013560,1381829354
8076392,12402529,64513412,67537369,57689864,77099470,476181096,476735847,1071005632,1375879468
11453584,11762469,70624407,72893223,58020440,76682056,468267222,489616452,1102906365,1381430066
8375737,11266932,64278243,64720164,58883259,75538773,467185931,472430721,1092276504,1379120393
8399792,11098640,73440782,71942134,58755234,80010405,457683158,481202423,1135676805,1385129682
8163704,11162908,64717097,64505598,68310770,76580926,465031158,466874991,1098921737,1385410589
8208866,11143783,65256753,66050544,63012714,75547437,463124240,509587266,1112705138,1352578986
8148107,11037308,69023106,72163463,60269064,85882649,457573604,476158129,1096179267,1358549026
10853423,10937952,65187339,64617958,57780511,80138207,468581925,461031942,1103863775,1361560161
8179378,12137383,69859329,73063357,58683852,76144089,465911568,476948894,1106928807,1357463866
8085102,12195722,65173827,65481593,57785416,76602459,474695886,476864901,1117454293,1355901982
8094214,11516170,65017584,67657222,56299609,76457922,463138920,461137627,1112138621,1361905893
8051876,11401351,78060608,69260900,58659872,79966797,486170081,456278202,1107456477,1352909886
8145670,17741080,65654372,66155262,57682764,76343314,463068382,463039864,1104828949,1355346385
12529690,11412852,69146886,69918994,63140461,76412347,457990009,478974631,1130167820,1356126221
9328907,11152057,64745903,65218709,57033020,76221058,484059984,473157658,1116722051,1349293129
8253746,11143420,65360292,65721592,56776510,75885468,468101890,457382634,1118682829,1347100747
8126527,11207351,69554811,69827704,57015909,84793467,466387757,460766721,1101405745,1349867940
8105585,12091896,64897006,65227271,61576373,75544754,477940944,475827455,1121222724,1356594555
8174772,11805682,69130062,67781373,57325746,81686046,463785774,451867716,1100516314,1377951075
15959372,11389527,65090115,65417832,60030671,76665223,465985640,460982028,1102720373,1365146476
8357367,11176246,64665899,64757769,64898311,82186989,462071291,464553824,1099895886,1361633476
8590095,11464900,70124740,68579461,58151879,79861619,467607871,476406082,1121073929,1356877405
8049760,11887617,65199710,64892462,58180134,76949628,467882480,453499492,1115369189,1360719901
8068235,11571464,69045404,67760651,61875662,79832655,461073501,462815043,1111400596,1361452165
14190290,11389612,65332789,65870162,57341472,81087442,460663171,460239386,1111653846,1357211569
10863591,11282927,65070238,65189555,57244433,81084620,467681396,465081017,1094460748,1353999977
8179241,11259321,69137793,69741073,55903479,80678976,461912119,466556143,1117055936,1346750318
8138242,11103907,69369372,65590340,56587932,75594767,474201302,471217125,1080813052,1352971414
8123156,11068521,74073244,70665634,59705456,80489100,464176374,457347996,1117477412,1357285088
8741491,12034649,68289770,65363794,58082530,79971823,464397527,457247672,1110912196,1347776690
8744308,12072584,64863527,65754376,59134020,76578525,473474990,461301223,1102323132,1349551914
8034767,12106135,73768843,71404521,65435885,79829844,468317805,473935982,1111390573,1353383981
9714694,11551070,64449720,66710879,64640041,77502597,467492058,463197111,1124830195,1365689757
8030491,11572256,70584191,65223771,58541946,83469441,467336738,460707198,1124370908,1374195266
8116503,11178625,64558193,69249890,61052422,77131556,471269198,465494683,1094205665,1358217002
14065945,11193141,68669964,66787448,58144135,79638752,467566316,471431339,1090351732,1370745691
8175596,11787515,72298599,69971951,61675088,81035068,467806585,461037216,1133489316,1369855429
8266611,11248326,65437966,65323902,60060868,78384352,460920771,453489853,1103437196,1352911544
10061120,11024318,74021195,65673327,59469648,86828122,470852331,468754151,1131229927,1357448538
8272118,12111188,64833580,68311846,57374125,75819882,470979037,461309885,1117540478,1351195518
8146498,14524696,69414493,65761548,57844189,81083895,471482350,473183422,1086894538,1357354759
8918091,11705318,68472372,68599451,60847578,75213946,458424275,463602098,1118349117,1355264061
8369370,11256440,65734458,65462109,58657063,79656504,465142580,461151444,1102541720,1352381929
8272870,11396009,70060479,66124413,61303857,79605093,465913277,455960552,1114179145,1363171975
9847066,11160341,67052043,68495939,68839299,76787109,463148852,462591802,1111972355,1354591871
8037596,11067393,68341826,66921203,57215053,81399398,461132397,484238902,1106213443,1357956854
8300800,11135663,70681299,69474568,72931638,82879301,463515560,457460124,1098867700,1363417016
8593185,11226577,66817976,65504603,59379731,75367577,463584909,476001526,1118261004,1362535987
8183594,12028933,72886293,65225564,64340806,80294529,458568612,462187409,1125379617,1358289397
8188358,11671184,65291853,71307732,58734214,79700427,462532156,470689938,1076283421,1351453163
10615648,11478436,64516084,66503186,62440352,78744659,465753687,463175559,1090559081,1355840588
8034473,11371949,69497492,69458777,59863969,84853556,458797072,460792062,1099253224,1349489729
8513872,11426713,65289487,66171657,57789715,80220612,465517986,451643883,1122447807,1350307914
8502045,12618485,70123670,68074988,63260023,75534953,469812784,457748317,1108816956,1356343603
8190129,12553198,65137479,71572259,58603893,80866455,470562484,459344201,1106917288,1356038557
8029692,12359716,65127576,65688940,59102919,78017147,463951210,451237152,1117569106,1350056428
10963653,12370701,69424082,74573539,62359149,82949203,468218793,458859687,1126172670,1350393594
8153892,11957303,65192771,65575722,58425717,75758122,473583327,474249908,1129315010,1351777717
8078790,11340038,69575240,65921075,62808186,77791319,463310801,460737787,1137640806,1360931605
7936049,11152948,64573730,70396699,57813733,78533926,472959057,467353506,1128185244,1352870824
7913902,11201620,65505275,65746072,66774659,84764730,473588626,459333699,1099319922,1362753024
7940199,11909419,70875802,68062568,57492530,75638038,461478854,463378011,1127857848,1353075396
10700386,12451851,64575627,66610399,62466735,76771511,475937162,466004482,1117301343,1350846095
8527164,11342477,68966382,65803088,58874038,80011312,469048633,452873486,1116908336,1357692771
8918142,11316257,64878503,69543138,57544859,80595715,472878035,458096452,1126826381,1349314509
8325813,11581938,65013735,66762514,62631198,80725650,458400080,457222441,1109644267,1347779477
8315342,11231656,70179955,69643402,56364462,80012177,467993439,451557956,1116632389,1348154435
7982332,11173488,64938337,66127554,63223445,75548277,466272391,466158787,1115232509,1344596663
10589184,13842427,69752647,66223828,57332374,84825533,468736000,469428004,1108781265,1356134945
8401896,11634428,69317590,69370656,63554562,75671790,472255035,461291700,1137733223,1350370612
7962078,13025919,65760001,66832638,63280605,77017022,465877526,453422277,1111806271,1354854978
8042264,11649258,69389037,67952403,78531593,81467067,465451810,465010081,1105669919,1355076261
7982732,11463797,69315553,64754497,57757170,80450002,458594772,466080915,1111515329,1359871468
8193487,11199280,76364704,65191063,57530366,79505092,468550869,461635559,1095938303,1351224228
8052888,11330836,64628455,68173701,59304708,81346766,466988562,453119554,1107237822,1354292292
11575701,11091725,69551004,67018794,57197551,77290147,461475257,472907622,1112453063,1357540079
11695870,11203150,69582487,73891860,57112226,77386593,468639611,462281183,1111008978,1350926535
13129898,10992604,65928115,65606745,58284316,83374218,466735348,466105861,1107276140,1357350385
8627306,11069673,72444335,66821213,63665066,78487235,461383271,458104604,1101898137,1354076977
8307215,12464849,65946245,68427040,57731318,80072388,459676898,464417719,1106579063,1358888498
8120819,11679427,69450059,66027781,59640294,81810832,469538818,461265731,1108360389,1352016482
11087512,11479248,69600752,69514464,58879159,80932845,467207615,455469734,1129292176,1348669740
8226151,11169325,65968748,65579559,64399057,81946215,464951174,461120020,1105998102,1348468571
8168918,11211018,72455711,67358800,56922726,76655478,480583646,462455474,1112729505,1401820091
8076047,11309334,65517554,66637020,57992192,82382737,468096701,456706811,1107042777,1363149293
7972908,11324800,66805967,66566923,57296941,76860395,467638481,458795587,1137921524,1362337445
8678642,11060320,70376862,71443528,60766677,79834470,473817254,459015197,1125898687,1350382069
15718793,11096268,65082629,65729939,56786556,79785300,464417043,460917360,1105421124,1359739464
8446694,12099479,71411114,65880039,63779312,82513999,467698497,479414306,1131928739,1364401107
8139764,11718495,65141661,71784758,58831746,75950186,463050958,458588805,1097528809,1357447011
8026337,11295382,65129711,65804833,58162828,83794464,467939467,465043253,1134477851,1346957703
8314504,11076646,68803252,68268115,58974742,77051268,475161604,459359026,1122258061,1359304172
8381922,11534456,65421307,65446965,61091162,77866638,469477786,462302543,1127864796,1364075564
11243008,12455118,69739746,66250348,60406723,81916639,467264613,460093725,1099748802,1351381777
8289520,11604067,65077679,69406480,58862615,83212023,465019578,458445642,1122819408,1351687455
8086227,11456205,64576095,67356201,57984115,79845426,476344461,461787733,1116894830,1362429154
13607919,11205722,76535903,68234408,58323732,77592756,459483946,453136291,1116571188,1380392837
8421507,14108093,64577847,65278836,64398910,76435899,464417164,463285099,1130852750,1371930232
8843166,12339752,68276207,65089182,58794674,77073173,462492949,459920692,1106016014,1382020945
10750653,11688060,65442878,68927925,58562854,80179727,457861370,455030413,1126702674,1370340698
8381451,11401668,65091600,65461109,62269566,77013747,465527965,450995059,1084459033,1364038923
8052600,11296553,70261550,64678137,63431946,77320024,472045531,456203366,1110305250,1364821744
8102617,11241745,65326480,68659071,57201530,77096366,471899622,460133004,1098573436,1361660314
8448295,11133638,70362033,64596834,57293796,81038336,470724999,463860320,1100893017,1351935325
8140845,11044388,65442274,73775926,61628790,76476727,463461712,455171562,1104633179,1358328775
10483080,10937812,66266336,66052016,61009227,78028823,470005695,466808457,1097892911,1353241121
8228279,12003560,69195895,65155190,78157786,77331356,462854142,472817772,1093100759,1379290940
7988282,13910758,64738299,69129089,58872039,77000306,464994306,460709410,1093558573,1370033013
8162830,11678598,69405402,65649986,57969118,85299781,464632434,466021888,1098960563,1355252259
8042175,11386580,65473006,70984210,57305917,75803042,467544271,458849816,1116128403,1354577337
8121173,11417397,65123970,67159764,68597949,76958065,459213537,465593181,1108642537,1352229511
8071859,11192142,68713177,69319962,56914172,80549404,465856022,458733968,1100402285,1356157693
10987913,11059752,65488364,67560143,58583031,88749759,476285483,460833095,1122100937,1356562807
8439410,11040318,64633057,69398462,61112611,97741934,458978434,462259584,1093297501,1355341212
8412505,11078038,69193128,69545775,58092997,77243697,464854050,461533699,1084741339,1353054173
8973711,16060709,64704065,65872398,61801805,80811882,468443187,481567288,1091651081,1368252945
8203013,13682575,69516184,65390803,67428842,87120844,466751288,477384584,1108450646,1354304042
8329270,11692223,64585835,68158008,58849628,76065376,457773067,463003984,1121118203,1364051078
10931708,11450966,65042164,65371693,56913166,77449587,471016088,462954303,1113932688,1367467829
8289270,11205000,68326056,68716097,57816761,75509409,484852874,455491436,1097220425,1376539836
